Latitude,Longitude,Individual,altitude,Hdop,num_sats,year,month_aedt,day_aedt,hour_aedt,Pack,,,,
-32.594965,152.252532,SLF1501,8,0.7,10,2022,4,7,0,SL,,,,
-32.607967,152.233306,SLF1501,0,1,7,2022,4,7,1,SL,,,,
-32.61648,152.211563,SLF1501,12,0.8,9,2022,4,7,2,SL,,,,
-32.606791,152.23,SLF1501,11,0.9,8,2022,4,7,3,SL,,,,
-32.608565,152.232365,SLF1501,5,0.8,10,2022,4,7,4,SL,,,,
-32.608501,152.232416,SLF1501,22,0.8,10,2022,4,7,5,SL,,,,
-32.608615,152.23234,SLF1501,24,0.8,10,2022,4,7,6,SL,,,,
-32.608622,152.232365,SLF1501,22,0.8,10,2022,4,7,7,SL,,,,
-32.608469,152.232467,SLF1501,9,0.9,9,2022,4,7,8,SL,,,,
-32.60859,152.232391,SLF1501,16,0.8,9,2022,4,7,9,SL,,,,
-32.608558,152.232467,SLF1501,31,0.9,8,2022,4,7,10,SL,,,,
-32.608526,152.232543,SLF1501,42,0.8,10,2022,4,7,11,SL,,,,
-32.608488,152.232467,SLF1501,37,1,8,2022,4,7,12,SL,,,,
-32.608641,152.232391,SLF1501,24,0.8,10,2022,4,7,13,SL,,,,
-32.608628,152.232391,SLF1501,8,0.8,9,2022,4,7,14,SL,,,,
-32.608634,152.232442,SLF1501,17,0.8,9,2022,4,7,15,SL,,,,
-32.608615,152.232162,SLF1501,24,0.8,9,2022,4,7,16,SL,,,,
-32.609474,152.231348,SLF1501,29,0.8,10,2022,4,7,17,SL,,,,
-32.609505,152.23145,SLF1501,29,0.9,9,2022,4,7,18,SL,,,,
-32.592772,152.254135,SLF1501,17,1,8,2022,4,7,19,SL,,,,
-32.591812,152.262781,SLF1501,42,0.8,10,2022,4,7,20,SL,,,,
-32.587794,152.275828,SLF1501,11,0.7,11,2022,4,7,21,SL,,,,
-32.587196,152.273132,SLF1501,0,0.9,9,2022,4,7,22,SL,,,,
-32.587666,152.270385,SLF1501,3,0.8,10,2022,4,7,23,SL,,,,
-32.608062,152.244954,SLF1501,10,0.8,10,2022,4,8,0,SL,,,,
-32.615692,152.223642,SLF1501,5,1,7,2022,4,8,1,SL,,,,
-32.615622,152.223719,SLF1501,7,0.8,9,2022,4,8,2,SL,,,,
-32.61559,152.22349,SLF1501,23,0.8,9,2022,4,8,3,SL,,,,
-32.615679,152.22377,SLF1501,0,1.1,8,2022,4,8,4,SL,,,,
-32.61566,152.223668,SLF1501,10,1.1,7,2022,4,8,5,SL,,,,
-32.615698,152.223617,SLF1501,20,0.7,11,2022,4,8,6,SL,,,,
-32.615711,152.223617,SLF1501,21,0.8,10,2022,4,8,7,SL,,,,
-32.620454,152.206934,SLF1501,7,0.9,9,2022,4,8,8,SL,,,,
-32.608666,152.232416,SLF1501,15,0.7,11,2022,4,8,9,SL,,,,
-32.60866,152.232365,SLF1501,9,0.9,8,2022,4,8,10,SL,,,,
-32.608774,152.232442,SLF1501,29,0.9,9,2022,4,8,11,SL,,,,
-32.608666,152.232416,SLF1501,28,1.2,7,2022,4,8,12,SL,,,,
-32.608641,152.232416,SLF1501,41,0.9,9,2022,4,8,13,SL,,,,
-32.60866,152.232391,SLF1501,23,0.8,9,2022,4,8,14,SL,,,,
-32.608685,152.232365,SLF1501,20,0.9,8,2022,4,8,15,SL,,,,
-32.607611,152.232594,SLF1501,50,1,8,2022,4,8,16,SL,,,,
-32.607687,152.232391,SLF1501,35,0.8,9,2022,4,8,17,SL,,,,
-32.601565,152.268096,SLF1501,5,0.8,9,2022,4,8,18,SL,,,,
-32.589415,152.2698,SLF1501,0,1,8,2022,4,8,19,SL,,,,
-32.589262,152.276769,SLF1501,12,0.7,11,2022,4,8,20,SL,,,,
-32.588048,152.27949,SLF1501,5,0.8,10,2022,4,8,21,SL,,,,
-32.571587,152.293299,SLF1501,21,1.3,7,2022,4,8,22,SL,,,,
-32.588684,152.268402,SLF1501,5,0.8,9,2022,4,8,23,SL,,,,
-32.591011,152.265909,SLF1501,11,0.9,10,2022,4,9,0,SL,,,,
-32.58965,152.276565,SLF1501,2,1,7,2022,4,9,1,SL,,,,
-32.588003,152.272369,SLF1501,8,0.8,10,2022,4,9,2,SL,,,,
-32.569788,152.295333,SLF1501,17,0.8,9,2022,4,9,3,SL,,,,
-32.569527,152.295308,SLF1501,2,1.1,8,2022,4,9,4,SL,,,,
-32.569438,152.295359,SLF1501,16,0.8,10,2022,4,9,5,SL,,,,
-32.569515,152.295308,SLF1501,7,1,8,2022,4,9,6,SL,,,,
-32.560201,152.300114,SLF1501,14,0.8,10,2022,4,9,7,SL,,,,
-32.565382,152.298868,SLF1501,11,0.8,10,2022,4,9,8,SL,,,,
-32.60117,152.267562,SLF1501,19,0.7,11,2022,4,9,9,SL,,,,
-32.601355,152.268147,SLF1501,11,0.9,8,2022,4,9,10,SL,,,,
-32.600051,152.266316,SLF1501,10,0.9,8,2022,4,9,11,SL,,,,
-32.600814,152.267206,SLF1501,21,0.9,9,2022,4,9,12,SL,,,,
-32.599969,152.267512,SLF1501,13,1,8,2022,4,9,13,SL,,,,
-32.599918,152.267562,SLF1501,29,0.9,8,2022,4,9,14,SL,,,,
-32.600516,152.268351,SLF1501,6,0.9,8,2022,4,9,15,SL,,,,
-32.601088,152.268224,SLF1501,5,0.8,9,2022,4,9,16,SL,,,,
-32.601126,152.268198,SLF1501,15,0.8,10,2022,4,9,17,SL,,,,
-32.600751,152.265935,SLF1501,12,0.7,10,2022,4,9,18,SL,,,,
-32.599924,152.268249,SLF1501,10,1,7,2022,4,9,19,SL,,,,
-32.599873,152.268198,SLF1501,18,0.7,11,2022,4,9,20,SL,,,,
-32.599962,152.268224,SLF1501,4,1,7,2022,4,9,21,SL,,,,
-32.594704,152.258534,SLF1501,17,1,9,2022,4,9,22,SL,,,,
-32.599276,152.244471,SLF1501,15,0.8,10,2022,4,9,23,SL,,,,
-32.608641,152.232187,SLF1501,18,0.8,10,2022,4,10,0,SL,,,,
-32.608647,152.232213,SLF1501,13,1,7,2022,4,10,1,SL,,,,
-32.608444,152.23234,SLF1501,18,0.7,10,2022,4,10,2,SL,,,,
-32.608609,152.232162,SLF1501,18,0.8,9,2022,4,10,3,SL,,,,
-32.608622,152.232187,SLF1501,14,1.1,8,2022,4,10,4,SL,,,,
-32.608634,152.232187,SLF1501,14,0.7,12,2022,4,10,5,SL,,,,
-32.610078,152.237757,SLF1501,6,0.8,10,2022,4,10,6,SL,,,,
-32.600852,152.266647,SLF1501,14,0.8,10,2022,4,10,7,SL,,,,
-32.599981,152.267257,SLF1501,12,0.7,10,2022,4,10,8,SL,,,,
-32.599988,152.267206,SLF1501,3,0.9,9,2022,4,10,9,SL,,,,
-32.600299,152.267715,SLF1501,21,0.9,9,2022,4,10,10,SL,,,,
-32.600064,152.267715,SLF1501,14,0.7,11,2022,4,10,11,SL,,,,
-32.599867,152.26741,SLF1501,33,1.1,7,2022,4,10,12,SL,,,,
-32.599854,152.267435,SLF1501,17,1,9,2022,4,10,13,SL,,,,
-32.599873,152.267537,SLF1501,32,1.2,7,2022,4,10,14,SL,,,,
-32.601704,152.268224,SLF1501,9,0.7,10,2022,4,10,15,SL,,,,
-32.600363,152.265528,SLF1501,16,0.8,9,2022,4,10,16,SL,,,,
-32.59995,152.265553,SLF1501,27,0.8,10,2022,4,10,17,SL,,,,
-32.59995,152.264765,SLF1501,15,1.2,8,2022,4,10,18,SL,,,,
-32.598526,152.269724,SLF1501,12,0.9,9,2022,4,10,19,SL,,,,
-32.599886,152.243123,SLF1501,26,0.7,11,2022,4,10,20,SL,,,,
-32.61175,152.233891,SLF1501,4,0.8,10,2022,4,10,21,SL,,,,
-32.60049,152.266342,SLF1501,2,0.8,10,2022,4,10,22,SL,,,,
-32.600242,152.266367,SLF1501,20,0.9,9,2022,4,10,23,SL,,,,
-32.600331,152.266265,SLF1501,5,0.8,10,2022,4,11,0,SL,,,,
-32.588061,152.279464,SLF1501,0,1,7,2022,4,11,1,SL,,,,
-32.593814,152.271301,SLF1501,21,0.7,10,2022,4,11,2,SL,,,,
-32.597928,152.246836,SLF1501,15,0.8,9,2022,4,11,3,SL,,,,
-32.60859,152.232315,SLF1501,13,1.1,8,2022,4,11,4,SL,,,,
-32.608609,152.232289,SLF1501,11,0.7,12,2022,4,11,5,SL,,,,
-32.608596,152.23351,SLF1501,22,0.7,11,2022,4,11,6,SL,,,,
-32.616671,152.224075,SLF1501,22,0.8,10,2022,4,11,7,SL,,,,
-32.600051,152.242996,SLF1501,13,0.9,9,2022,4,11,8,SL,,,,
-32.599155,152.265146,SLF1501,13,0.7,11,2022,4,11,9,SL,,,,
-32.599136,152.265121,SLF1501,6,0.9,9,2022,4,11,10,SL,,,,
-32.599091,152.265172,SLF1501,15,0.7,11,2022,4,11,11,SL,,,,
-32.599155,152.265096,SLF1501,19,0.9,9,2022,4,11,12,SL,,,,
-32.599136,152.265121,SLF1501,6,0.9,9,2022,4,11,13,SL,,,,
-32.599174,152.265096,SLF1501,15,0.8,9,2022,4,11,14,SL,,,,
-32.599231,152.265096,SLF1501,7,0.8,9,2022,4,11,15,SL,,,,
-32.599467,152.26329,SLF1501,13,0.8,9,2022,4,11,16,SL,,,,
-32.600166,152.265274,SLF1501,19,0.8,10,2022,4,11,17,SL,,,,
-32.600376,152.267334,SLF1501,12,0.7,10,2022,4,11,18,SL,,,,
-32.599492,152.266977,SLF1501,7,0.9,8,2022,4,11,19,SL,,,,
-32.60805,152.231959,SLF1501,30,0.7,11,2022,4,11,20,SL,,,,
-32.608247,152.229975,SLF1501,12,0.9,9,2022,4,11,21,SL,,,,
-32.608234,152.230026,SLF1501,20,0.8,10,2022,4,11,22,SL,,,,
-32.608208,152.23,SLF1501,14,0.8,9,2022,4,11,23,SL,,,,
-32.60852,152.232416,SLF1501,10,0.8,10,2022,4,12,0,SL,,,,
-32.598036,152.267384,SLF1501,0,0.9,8,2022,4,12,1,SL,,,,
-32.590292,152.278447,SLF1501,7,0.8,9,2022,4,12,2,SL,,,,
-32.599835,152.267232,SLF1501,11,0.9,8,2022,4,12,3,SL,,,,
-32.599829,152.267257,SLF1501,0,1.2,7,2022,4,12,4,SL,,,,
-32.599899,152.267232,SLF1501,6,0.9,9,2022,4,12,5,SL,,,,
-32.599899,152.267232,SLF1501,11,0.8,10,2022,4,12,6,SL,,,,
-32.601971,152.261281,SLF1501,17,0.8,10,2022,4,12,7,SL,,,,
-32.599975,152.247141,SLF1501,25,0.7,11,2022,4,12,8,SL,,,,
-32.599937,152.247039,SLF1501,22,0.7,11,2022,4,12,9,SL,,,,
-32.608488,152.232467,SLF1501,18,0.7,10,2022,4,12,10,SL,,,,
-32.608514,152.232442,SLF1501,11,0.9,7,2022,4,12,11,SL,,,,
-32.608488,152.232518,SLF1501,25,1.1,7,2022,4,12,12,SL,,,,
-32.608469,152.232671,SLF1501,43,0.9,8,2022,4,12,13,SL,,,,
-32.608634,152.232569,SLF1501,16,0.8,9,2022,4,12,14,SL,,,,
-32.607395,152.232365,SLF1501,28,0.8,9,2022,4,12,15,SL,,,,
-32.608584,152.23295,SLF1501,22,0.8,9,2022,4,12,16,SL,,,,
-32.608304,152.232645,SLF1501,13,0.9,8,2022,4,12,17,SL,,,,
-32.626557,152.201034,SLF1501,0,0.8,9,2022,4,12,18,SL,,,,
-32.608596,152.232315,SLF1501,17,0.9,9,2022,4,12,19,SL,,,,
-32.598456,152.268274,SLF1501,8,0.8,9,2022,4,12,20,SL,,,,
-32.595296,152.271937,SLF1501,17,0.8,10,2022,4,12,21,SL,,,,
-32.599041,152.269317,SLF1501,6,0.9,9,2022,4,12,22,SL,,,,
-32.596841,152.268885,SLF1501,14,0.8,9,2022,4,12,23,SL,,,,
-32.609099,152.232976,SLF1501,16,0.8,10,2022,4,13,0,SL,,,,
-32.594355,152.251439,SLF1501,0,0.9,8,2022,4,13,1,SL,,,,
-32.600388,152.267334,SLF1501,9,0.8,9,2022,4,13,2,SL,,,,
-32.596262,152.270385,SLF1501,24,0.8,9,2022,4,13,3,SL,,,,
-32.599288,152.243504,SLF1501,3,1.2,8,2022,4,13,4,SL,,,,
-32.608565,152.232467,SLF1501,7,0.9,9,2022,4,13,5,SL,,,,
-32.608456,152.232442,SLF1501,73,0.8,9,2022,4,13,6,SL,,,,
-32.608603,152.232569,SLF1501,21,1,9,2022,4,13,7,SL,,,,
-32.608565,152.232543,SLF1501,20,1,8,2022,4,13,8,SL,,,,
-32.608577,152.232569,SLF1501,18,0.9,8,2022,4,13,9,SL,,,,
-32.608488,152.232162,SLF1501,23,1,8,2022,4,13,10,SL,,,,
-32.608628,152.23234,SLF1501,27,0.8,10,2022,4,13,11,SL,,,,
-32.608634,152.232391,SLF1501,28,1,9,2022,4,13,12,SL,,,,
-32.608558,152.232594,SLF1501,19,0.8,10,2022,4,13,13,SL,,,,
-32.608641,152.232518,SLF1501,4,0.8,9,2022,4,13,14,SL,,,,
-32.608565,152.232518,SLF1501,21,0.9,8,2022,4,13,15,SL,,,,
-32.608577,152.232569,SLF1501,14,1.2,7,2022,4,13,16,SL,,,,
-32.608596,152.232518,SLF1501,22,0.8,8,2022,4,13,17,SL,,,,
-32.593236,152.257136,SLF1501,13,0.7,10,2022,4,13,18,SL,,,,
-32.595092,152.283584,SLF1501,12,0.9,9,2022,4,13,19,SL,,,,
-32.590559,152.287043,SLF1501,18,0.7,10,2022,4,13,20,SL,,,,
-32.59019,152.276438,SLF1501,6,0.7,11,2022,4,13,21,SL,,,,
-32.607579,152.232645,SLF1501,25,0.8,10,2022,4,13,22,SL,,,,
-32.607789,152.232442,SLF1501,19,0.8,9,2022,4,13,23,SL,,,,
-32.607598,152.232696,SLF1501,13,0.8,9,2022,4,14,0,SL,,,,
-32.607312,152.232187,SLF1501,0,0.9,8,2022,4,14,1,SL,,,,
-32.608081,152.232162,SLF1501,30,0.8,9,2022,4,14,2,SL,,,,
-32.607744,152.232518,SLF1501,28,0.9,9,2022,4,14,3,SL,,,,
-32.608533,152.232594,SLF1501,1,1.1,8,2022,4,14,4,SL,,,,
-32.608634,152.232467,SLF1501,0,0.9,9,2022,4,14,5,SL,,,,
-32.608571,152.232569,SLF1501,46,0.8,10,2022,4,14,6,SL,,,,
-32.608596,152.232569,SLF1501,30,1,9,2022,4,14,7,SL,,,,
-32.608622,152.232569,SLF1501,0,1.1,6,2022,4,14,8,SL,,,,
-32.608685,152.23262,SLF1501,0,0.8,10,2022,4,14,9,SL,,,,
-32.607859,152.232315,SLF1501,9,0.8,9,2022,4,14,10,SL,,,,
-32.611445,152.23412,SLF1501,24,0.8,10,2022,4,14,11,SL,,,,
-32.605595,152.248616,SLF1501,15,0.9,9,2022,4,14,12,SL,,,,
-32.605576,152.248591,SLF1501,11,1.3,8,2022,4,14,13,SL,,,,
-32.605602,152.248616,SLF1501,10,0.8,9,2022,4,14,14,SL,,,,
-32.605627,152.248565,SLF1501,4,0.9,8,2022,4,14,15,SL,,,,
-32.598634,152.266545,SLF1501,0,1,8,2022,4,14,16,SL,,,,
-32.599918,152.260772,SLF1501,20,0.8,9,2022,4,14,17,SL,,,,
-32.593528,152.283966,SLF1501,8,0.7,10,2022,4,14,18,SL,,,,
-32.576057,152.290527,SLF1501,7,0.9,9,2022,4,14,19,SL,,,,
-32.595162,152.283101,SLF1501,8,0.7,11,2022,4,14,20,SL,,,,
-32.6007,152.265299,SLF1501,8,0.9,9,2022,4,14,21,SL,,,,
-32.600764,152.265223,SLF1501,12,1,9,2022,4,14,22,SL,,,,
-32.602614,152.260187,SLF1501,7,0.8,10,2022,4,14,23,SL,,,,
-32.608603,152.232543,SLF1501,28,0.9,8,2022,4,15,0,SL,,,,
-32.608545,152.232543,SLF1501,27,0.9,8,2022,4,15,1,SL,,,,
-32.608622,152.232264,SLF1501,18,0.8,9,2022,4,15,2,SL,,,,
-32.608641,152.232213,SLF1501,21,0.9,9,2022,4,15,3,SL,,,,
-32.608641,152.23234,SLF1501,58,1.2,7,2022,4,15,4,SL,,,,
-32.608628,152.232365,SLF1501,14,0.8,10,2022,4,15,5,SL,,,,
-32.608603,152.23234,SLF1501,22,0.7,11,2022,4,15,6,SL,,,,
-32.608634,152.232442,SLF1501,2,1.1,8,2022,4,15,7,SL,,,,
-32.608647,152.232416,SLF1501,18,0.8,9,2022,4,15,8,SL,,,,
-32.608628,152.232467,SLF1501,13,0.8,9,2022,4,15,9,SL,,,,
-32.608577,152.232467,SLF1501,27,0.9,9,2022,4,15,10,SL,,,,
-32.608526,152.232518,SLF1501,29,0.8,9,2022,4,15,11,SL,,,,
-32.608507,152.232416,SLF1501,28,1,8,2022,4,15,12,SL,,,,
-32.608545,152.232543,SLF1501,29,0.8,10,2022,4,15,13,SL,,,,
-32.608577,152.232518,SLF1501,12,0.8,10,2022,4,15,14,SL,,,,
-32.608571,152.232518,SLF1501,7,1,7,2022,4,15,15,SL,,,,
-32.608565,152.232518,SLF1501,30,1.2,7,2022,4,15,16,SL,,,,
-32.597807,152.246734,SLF1501,15,0.8,9,2022,4,15,17,SL,,,,
-32.592803,152.271581,SLF1501,0,0.7,10,2022,4,15,18,SL,,,,
-32.610605,152.239028,SLF1501,6,0.8,9,2022,4,15,19,SL,,,,
-32.624561,152.217386,SLF1501,10,0.7,12,2022,4,15,20,SL,,,,
-32.612042,152.233942,SLF1501,7,0.8,10,2022,4,15,21,SL,,,,
-32.600929,152.264968,SLF1501,9,0.8,10,2022,4,15,22,SL,,,,
-32.594457,152.28483,SLF1501,4,0.7,11,2022,4,15,23,SL,,,,
-32.610853,152.23796,SLF1501,0,0.8,9,2022,4,16,0,SL,,,,
-32.612017,152.234247,SLF1501,10,0.8,9,2022,4,16,1,SL,,,,
-32.625934,152.215657,SLF1501,16,0.8,9,2022,4,16,2,SL,,,,
-32.60859,152.23234,SLF1501,18,0.9,9,2022,4,16,3,SL,,,,
-32.608545,152.23234,SLF1501,0,1.2,8,2022,4,16,4,SL,,,,
-32.606403,152.248972,SLF1501,8,0.7,11,2022,4,16,5,SL,,,,
-32.601151,152.268376,SLF1501,18,0.7,10,2022,4,16,6,SL,,,,
-32.58244,152.291214,SLF1501,9,0.9,10,2022,4,16,7,SL,,,,
-32.554542,152.303421,SLF1501,5,0.9,9,2022,4,16,8,SL,,,,
-32.551732,152.305226,SLF1501,16,0.8,10,2022,4,16,9,SL,,,,
-32.564727,152.299046,SLF1501,5,0.7,10,2022,4,16,10,SL,,,,
-32.599384,152.267537,SLF1501,24,0.8,9,2022,4,16,11,SL,,,,
-32.599377,152.267537,SLF1501,22,0.9,9,2022,4,16,12,SL,,,,
-32.60077,152.265808,SLF1501,25,0.8,10,2022,4,16,13,SL,,,,
-32.599956,152.265502,SLF1501,0,0.8,10,2022,4,16,14,SL,,,,
-32.599975,152.265579,SLF1501,0,0.8,9,2022,4,16,15,SL,,,,
-32.599918,152.265502,SLF1501,15,1,8,2022,4,16,16,SL,,,,
-32.600128,152.268046,SLF1501,8,0.8,9,2022,4,16,17,SL,,,,
-32.599962,152.267257,SLF1501,10,0.9,9,2022,4,16,18,SL,,,,
-32.597044,152.26863,SLF1501,18,0.8,9,2022,4,16,19,SL,,,,
-32.597031,152.268605,SLF1501,13,0.7,10,2022,4,16,20,SL,,,,
-32.600916,152.266189,SLF1501,1,0.8,10,2022,4,16,21,SL,,,,
-32.604877,152.253016,SLF1501,5,0.8,10,2022,4,16,22,SL,,,,
-32.60852,152.232442,SLF1501,34,0.8,10,2022,4,16,23,SL,,,,
-32.600922,152.241063,SLF1501,7,0.9,8,2022,4,17,0,SL,,,,
-32.600083,152.267308,SLF1501,5,0.8,9,2022,4,17,1,SL,,,,
-32.610866,152.239817,SLF1501,11,0.8,9,2022,4,17,2,SL,,,,
-32.609099,152.232543,SLF1501,21,0.9,9,2022,4,17,3,SL,,,,
-32.608558,152.232569,SLF1501,10,1.1,8,2022,4,17,4,SL,,,,
-32.608584,152.232518,SLF1501,7,0.9,10,2022,4,17,5,SL,,,,
-32.608584,152.232518,SLF1501,26,0.8,10,2022,4,17,6,SL,,,,
-32.608622,152.232569,SLF1501,17,1.1,9,2022,4,17,7,SL,,,,
-32.60859,152.232518,SLF1501,20,0.8,9,2022,4,17,8,SL,,,,
-32.608577,152.232543,SLF1501,15,0.9,9,2022,4,17,9,SL,,,,
-32.608565,152.232594,SLF1501,10,0.9,9,2022,4,17,10,SL,,,,
-32.608526,152.232518,SLF1501,22,0.8,9,2022,4,17,11,SL,,,,
-32.608469,152.232569,SLF1501,22,1.5,6,2022,4,17,12,SL,,,,
-32.608514,152.232518,SLF1501,31,0.9,8,2022,4,17,13,SL,,,,
-32.608622,152.232594,SLF1501,7,0.8,10,2022,4,17,14,SL,,,,
-32.608469,152.232416,SLF1501,0,1,7,2022,4,17,15,SL,,,,
-32.607643,152.232187,SLF1501,26,1.2,7,2022,4,17,16,SL,,,,
-32.608196,152.232009,SLF1501,28,0.9,8,2022,4,17,17,SL,,,,
-32.609588,152.241521,SLF1501,9,0.9,9,2022,4,17,18,SL,,,,
-32.600636,152.268783,SLF1501,5,0.8,9,2022,4,17,19,SL,,,,
-32.566539,152.29574,SLF1501,9,0.9,8,2022,4,17,20,SL,,,,
-32.555731,152.302556,SLF1501,1,1,8,2022,4,17,21,SL,,,,
-32.600503,152.26769,SLF1501,7,0.9,9,2022,4,17,22,SL,,,,
-32.600058,152.267308,SLF1501,12,0.7,10,2022,4,17,23,SL,,,,
-32.601177,152.267664,SLF1501,0,0.8,9,2022,4,18,0,SL,,,,
-32.608641,152.23234,SLF1501,15,0.9,8,2022,4,18,1,SL,,,,
-32.606988,152.236969,SLF1501,23,0.8,9,2022,4,18,2,SL,,,,
-32.613028,152.216674,SLF1501,0,0.8,10,2022,4,18,3,SL,,,,
-32.602798,152.235951,SLF1501,11,1.2,8,2022,4,18,4,SL,,,,
-32.599219,152.262552,SLF1501,0,0.7,11,2022,4,18,5,SL,,,,
-32.599174,152.262603,SLF1501,15,0.8,10,2022,4,18,6,SL,,,,
-32.599199,152.262629,SLF1501,1,0.9,10,2022,4,18,7,SL,,,,
-32.599168,152.262629,SLF1501,5,0.8,10,2022,4,18,8,SL,,,,
-32.592486,152.271733,SLF1501,12,1,8,2022,4,18,9,SL,,,,
-32.599575,152.245081,SLF1501,21,0.8,10,2022,4,18,10,SL,,,,
-32.599492,152.24503,SLF1501,23,0.8,9,2022,4,18,11,SL,,,,
-32.599549,152.245081,SLF1501,21,1,8,2022,4,18,12,SL,,,,
-32.599695,152.244929,SLF1501,6,1.4,4,2022,4,18,14,SL,,,,
-32.59953,152.245183,SLF1501,31,0.8,10,2022,4,18,15,SL,,,,
-32.599956,152.24147,SLF1501,46,1,8,2022,4,18,16,SL,,,,
-32.608406,152.232111,SLF1501,22,0.8,9,2022,4,18,17,SL,,,,
-32.609169,152.221557,SLF1501,36,0.9,9,2022,4,18,18,SL,,,,
-32.604419,152.229059,SLF1501,32,0.8,9,2022,4,18,19,SL,,,,
-32.604489,152.229059,SLF1501,10,0.8,10,2022,4,18,20,SL,,,,
-32.60934,152.231679,SLF1501,20,0.9,9,2022,4,18,21,SL,,,,
-32.609315,152.231679,SLF1501,30,0.8,10,2022,4,18,22,SL,,,,
-32.593096,152.257848,SLF1501,9,0.7,11,2022,4,18,23,SL,,,,
-32.601126,152.266876,SLF1501,0,0.8,9,2022,4,19,0,SL,,,,
-32.599702,152.265375,SLF1501,0,0.9,8,2022,4,19,1,SL,,,,
-32.599708,152.265477,SLF1501,12,0.8,9,2022,4,19,2,SL,,,,
-32.599759,152.265375,SLF1501,0,0.9,9,2022,4,19,3,SL,,,,
-32.607522,152.23262,SLF1501,5,1,8,2022,4,19,4,SL,,,,
-32.608609,152.232416,SLF1501,29,1.7,5,2022,4,19,6,SL,,,,
-32.60859,152.232518,SLF1501,45,1.4,7,2022,4,19,7,SL,,,,
-32.608628,152.23262,SLF1501,6,1.1,6,2022,4,19,8,SL,,,,
-32.608622,152.232467,SLF1501,0,1.2,5,2022,4,19,9,SL,,,,
-32.60852,152.232543,SLF1501,10,1,8,2022,4,19,10,SL,,,,
-32.608495,152.232264,SLF1501,17,1.3,7,2022,4,19,11,SL,,,,
-32.607223,152.231628,SLF1501,14,1.3,7,2022,4,19,12,SL,,,,
-32.608514,152.232543,SLF1501,28,1.3,6,2022,4,19,13,SL,,,,
-32.608622,152.232543,SLF1501,4,0.9,7,2022,4,19,14,SL,,,,
-32.612347,152.233612,SLF1501,15,0.8,9,2022,4,19,15,SL,,,,
-32.612341,152.233561,SLF1501,18,0.8,9,2022,4,19,16,SL,,,,
-32.612386,152.233535,SLF1501,4,0.9,8,2022,4,19,17,SL,,,,
-32.59864,152.245361,SLF1501,18,1.6,7,2022,4,19,18,SL,,,,
-32.599358,152.269088,SLF1501,3,0.9,8,2022,4,19,19,SL,,,,
-32.608571,152.232111,SLF1501,27,0.8,10,2022,4,19,20,SL,,,,
-32.608711,152.233408,SLF1501,5,0.9,9,2022,4,19,21,SL,,,,
-32.615018,152.231297,SLF1501,9,1,8,2022,4,19,22,SL,,,,
-32.608609,152.232543,SLF1501,13,1,8,2022,4,19,23,SL,,,,
-32.608571,152.232569,SLF1501,12,1.5,6,2022,4,20,0,SL,,,,
-32.608558,152.232696,SLF1501,48,0.9,7,2022,4,20,1,SL,,,,
-32.608545,152.232518,SLF1501,22,0.9,7,2022,4,20,2,SL,,,,
-32.608615,152.232823,SLF1501,9,0.8,9,2022,4,20,3,SL,,,,
-32.578181,152.288543,SLF1501,7,1.1,7,2022,4,20,4,SL,,,,
-32.580031,152.292841,SLF1501,6,0.8,10,2022,4,20,5,SL,,,,
-32.599746,152.265452,SLF1501,13,0.8,10,2022,4,20,6,SL,,,,
-32.599708,152.265401,SLF1501,10,1,9,2022,4,20,7,SL,,,,
-32.599721,152.265452,SLF1501,14,0.7,11,2022,4,20,8,SL,,,,
-32.600611,152.266164,SLF1501,7,0.9,8,2022,4,20,9,SL,,,,
-32.600204,152.266037,SLF1501,11,0.8,10,2022,4,20,10,SL,,,,
-32.600179,152.26596,SLF1501,7,0.9,9,2022,4,20,11,SL,,,,
-32.600191,152.266037,SLF1501,15,1,9,2022,4,20,12,SL,,,,
-32.600191,152.266037,SLF1501,10,0.7,11,2022,4,20,13,SL,,,,
-32.600204,152.266011,SLF1501,0,0.8,9,2022,4,20,14,SL,,,,
-32.600001,152.265935,SLF1501,13,1,8,2022,4,20,15,SL,,,,
-32.599721,152.265401,SLF1501,15,0.8,10,2022,4,20,16,SL,,,,
-32.599861,152.267969,SLF1501,7,0.9,8,2022,4,20,17,SL,,,,
-32.593897,152.284957,SLF1501,8,0.9,9,2022,4,20,18,SL,,,,
-32.593821,152.255584,SLF1501,10,0.7,11,2022,4,20,19,SL,,,,
-32.613803,152.214589,SLF1501,4,0.7,11,2022,4,20,20,SL,,,,
-32.608024,152.232213,SLF1501,7,0.9,9,2022,4,20,21,SL,,,,
-32.598087,152.271326,SLF1501,13,0.8,10,2022,4,20,22,SL,,,,
-32.599778,152.265375,SLF1501,5,0.7,10,2022,4,20,23,SL,,,,
-32.59967,152.265299,SLF1501,11,1,7,2022,4,21,0,SL,,,,
-32.599765,152.265401,SLF1501,0,0.9,7,2022,4,21,1,SL,,,,
-32.604877,152.252838,SLF1501,13,0.8,8,2022,4,21,2,SL,,,,
-32.60852,152.232518,SLF1501,41,1.1,8,2022,4,21,3,SL,,,,
-32.608539,152.232594,SLF1501,24,1.1,7,2022,4,21,4,SL,,,,
-32.608603,152.232594,SLF1501,10,0.9,9,2022,4,21,5,SL,,,,
-32.608565,152.23262,SLF1501,21,0.8,10,2022,4,21,6,SL,,,,
-32.607592,152.23262,SLF1501,21,0.9,9,2022,4,21,7,SL,,,,
-32.607287,152.232391,SLF1501,55,0.7,11,2022,4,21,8,SL,,,,
-32.607299,152.232569,SLF1501,43,0.9,8,2022,4,21,9,SL,,,,
-32.607318,152.232315,SLF1501,23,0.8,10,2022,4,21,10,SL,,,,
-32.607674,152.232467,SLF1501,32,0.9,9,2022,4,21,11,SL,,,,
-32.607312,152.230941,SLF1501,26,1.3,7,2022,4,21,12,SL,,,,
-32.607382,152.230992,SLF1501,27,0.9,9,2022,4,21,13,SL,,,,
-32.607452,152.230814,SLF1501,0,0.8,9,2022,4,21,14,SL,,,,
-32.607312,152.230967,SLF1501,17,1,8,2022,4,21,15,SL,,,,
-32.607299,152.230967,SLF1501,21,1,7,2022,4,21,16,SL,,,,
-32.599562,152.243377,SLF1501,13,0.9,8,2022,4,21,17,SL,,,,
-32.591538,152.272649,SLF1501,13,0.9,9,2022,4,21,18,SL,,,,
-32.558821,152.300725,SLF1501,20,0.7,11,2022,4,21,19,SL,,,,
-32.548547,152.307134,SLF1501,8,0.7,11,2022,4,21,20,SL,,,,
-32.588817,152.278549,SLF1501,6,1,9,2022,4,21,21,SL,,,,
-32.599797,152.265452,SLF1501,0,0.8,10,2022,4,21,22,SL,,,,
-32.607713,152.232391,SLF1501,19,0.7,10,2022,4,21,23,SL,,,,
-32.607681,152.232518,SLF1501,50,1.1,7,2022,4,22,0,SL,,,,
-32.607535,152.232594,SLF1501,7,0.8,9,2022,4,22,1,SL,,,,
-32.607738,152.232569,SLF1501,15,0.9,8,2022,4,22,2,SL,,,,
-32.607814,152.232569,SLF1501,66,1,8,2022,4,22,3,SL,,,,
-32.607681,152.232442,SLF1501,2,0.8,10,2022,4,22,4,SL,,,,
-32.607738,152.232645,SLF1501,38,0.7,11,2022,4,22,5,SL,,,,
-32.607776,152.232594,SLF1501,22,0.8,10,2022,4,22,6,SL,,,,
-32.606308,152.245564,SLF1501,22,0.9,9,2022,4,22,7,SL,,,,
-32.583877,152.282897,SLF1501,17,0.8,9,2022,4,22,8,SL,,,,
-32.559921,152.301895,SLF1501,26,0.9,8,2022,4,22,9,SL,,,,
-32.544554,152.300877,SLF1501,10,1.5,4,2022,4,22,10,SL,,,,
-32.560226,152.28745,SLF1501,55,1,5,2022,4,22,11,SL,,,,
-32.57736,152.285466,SLF1501,24,0.9,9,2022,4,22,12,SL,,,,
-32.592028,152.28155,SLF1501,33,0.8,10,2022,4,22,13,SL,,,,
-32.590883,152.26947,SLF1501,14,1,7,2022,4,22,14,SL,,,,
-32.590839,152.269546,SLF1501,21,1,8,2022,4,22,15,SL,,,,
-32.590871,152.269444,SLF1501,12,1.7,5,2022,4,22,16,SL,,,,
-32.590852,152.269444,SLF1501,8,0.8,10,2022,4,22,17,SL,,,,
-32.590839,152.26947,SLF1501,10,0.9,9,2022,4,22,18,SL,,,,
-32.590241,152.268274,SLF1501,14,0.9,9,2022,4,22,19,SL,,,,
-32.595734,152.250091,SLF1501,5,0.7,10,2022,4,22,20,SL,,,,
-32.61709,152.211105,SLF1501,5,1.1,9,2022,4,22,21,SL,,,,
-32.608558,152.232518,SLF1501,23,1,9,2022,4,22,22,SL,,,,
-32.608577,152.232467,SLF1501,23,0.8,9,2022,4,22,23,SL,,,,
-32.608584,152.232543,SLF1501,2,0.9,8,2022,4,23,0,SL,,,,
-32.58609,152.273869,SLF1501,10,0.8,9,2022,4,23,1,SL,,,,
-32.600999,152.266164,SLF1501,10,0.8,9,2022,4,23,2,SL,,,,
-32.599708,152.26535,SLF1501,9,1.5,6,2022,4,23,3,SL,,,,
-32.599727,152.265299,SLF1501,13,0.9,10,2022,4,23,4,SL,,,,
-32.599734,152.265401,SLF1501,10,0.7,10,2022,4,23,5,SL,,,,
-32.599727,152.265452,SLF1501,6,0.8,10,2022,4,23,6,SL,,,,
-32.599778,152.265452,SLF1501,10,0.8,10,2022,4,23,7,SL,,,,
-32.600884,152.268325,SLF1501,6,0.7,11,2022,4,23,8,SL,,,,
-32.599664,152.26741,SLF1501,0,0.9,8,2022,4,23,9,SL,,,,
-32.599924,152.267181,SLF1501,11,0.8,10,2022,4,23,10,SL,,,,
-32.600872,152.266011,SLF1501,21,0.9,9,2022,4,23,11,SL,,,,
-32.600268,152.265401,SLF1501,19,0.8,9,2022,4,23,12,SL,,,,
-32.600325,152.26535,SLF1501,33,0.8,10,2022,4,23,13,SL,,,,
-32.590165,152.268987,SLF1501,2,0.9,8,2022,4,23,14,SL,,,,
-32.561161,152.300877,SLF1501,22,0.8,9,2022,4,23,15,SL,,,,
-32.543079,152.309855,SLF1501,21,0.8,9,2022,4,23,16,SL,,,,
-32.543759,152.306854,SLF1501,4,1.1,7,2022,4,23,17,SL,,,,
-32.549596,152.307769,SLF1501,8,0.9,9,2022,4,23,18,SL,,,,
-32.573444,152.292536,SLF1501,15,0.8,10,2022,4,23,19,SL,,,,
-32.59314,152.270894,SLF1501,22,0.7,11,2022,4,23,20,SL,,,,
-32.607954,152.245412,SLF1501,2,1.1,9,2022,4,23,21,SL,,,,
-32.608615,152.23234,SLF1501,17,0.8,10,2022,4,23,22,SL,,,,
-32.608545,152.232442,SLF1501,38,0.8,10,2022,4,23,23,SL,,,,
-32.608571,152.232543,SLF1501,17,0.9,8,2022,4,24,0,SL,,,,
-32.608545,152.232594,SLF1501,66,0.9,8,2022,4,24,1,SL,,,,
-32.608552,152.232594,SLF1501,20,0.9,8,2022,4,24,2,SL,,,,
-32.608622,152.23234,SLF1501,7,1.1,8,2022,4,24,3,SL,,,,
-32.60866,152.232315,SLF1501,21,0.7,11,2022,4,24,4,SL,,,,
-32.608615,152.232289,SLF1501,23,0.9,10,2022,4,24,5,SL,,,,
-32.608628,152.232365,SLF1501,20,0.8,9,2022,4,24,6,SL,,,,
-32.620346,152.223286,SLF1501,9,0.8,10,2022,4,24,7,SL,,,,
-32.608711,152.23234,SLF1501,19,0.7,10,2022,4,24,8,SL,,,,
-32.608647,152.232416,SLF1501,10,1,8,2022,4,24,9,SL,,,,
-32.608545,152.232543,SLF1501,30,0.8,10,2022,4,24,10,SL,,,,
-32.607738,152.232543,SLF1501,71,0.9,9,2022,4,24,11,SL,,,,
-32.607369,152.232645,SLF1501,79,1,8,2022,4,24,12,SL,,,,
-32.607808,152.232467,SLF1501,14,0.8,9,2022,4,24,13,SL,,,,
-32.607694,152.232315,SLF1501,15,0.8,9,2022,4,24,14,SL,,,,
-32.605322,152.247166,SLF1501,14,1.1,8,2022,4,24,15,SL,,,,
-32.601876,152.268783,SLF1501,14,0.9,9,2022,4,24,16,SL,,,,
-32.601762,152.26863,SLF1501,8,0.7,10,2022,4,24,17,SL,,,,
-32.600414,152.26535,SLF1501,12,0.9,9,2022,4,24,18,SL,,,,
-32.600484,152.265401,SLF1501,11,0.7,11,2022,4,24,19,SL,,,,
-32.600465,152.26535,SLF1501,2,0.9,9,2022,4,24,20,SL,,,,
-32.591068,152.279312,SLF1501,7,1,9,2022,4,24,21,SL,,,,
-32.606021,152.246912,SLF1501,6,0.9,9,2022,4,24,22,SL,,,,
-32.608889,152.229492,SLF1501,15,0.9,10,2022,4,24,23,SL,,,,
-32.608743,152.23234,SLF1501,40,0.9,8,2022,4,25,0,SL,,,,
-32.608647,152.23234,SLF1501,22,0.7,10,2022,4,25,1,SL,,,,
-32.608654,152.232365,SLF1501,20,0.8,9,2022,4,25,2,SL,,,,
-32.608577,152.23234,SLF1501,11,1.1,8,2022,4,25,3,SL,,,,
-32.608571,152.23234,SLF1501,16,0.7,12,2022,4,25,4,SL,,,,
-32.608584,152.232365,SLF1501,15,0.8,10,2022,4,25,5,SL,,,,
-32.609105,152.23295,SLF1501,22,0.8,10,2022,4,25,6,SL,,,,
-32.605513,152.248336,SLF1501,4,0.7,11,2022,4,25,7,SL,,,,
-32.605519,152.248438,SLF1501,22,0.8,9,2022,4,25,8,SL,,,,
-32.605513,152.248362,SLF1501,8,0.9,9,2022,4,25,9,SL,,,,
-32.605297,152.248463,SLF1501,8,0.8,10,2022,4,25,10,SL,,,,
-32.605278,152.248387,SLF1501,19,0.9,9,2022,4,25,11,SL,,,,
-32.605233,152.248336,SLF1501,18,1.1,6,2022,4,25,13,SL,,,,
-32.605182,152.248285,SLF1501,14,1.1,5,2022,4,25,14,SL,,,,
-32.60503,152.248336,SLF1501,12,1.2,6,2022,4,25,16,SL,,,,
-32.604483,152.252609,SLF1501,14,1,8,2022,4,25,17,SL,,,,
-32.601329,152.268402,SLF1501,8,1,7,2022,4,25,18,SL,,,,
-32.599829,152.265935,SLF1501,13,1.1,8,2022,4,25,19,SL,,,,
-32.592905,152.261306,SLF1501,0,1.4,6,2022,4,25,20,SL,,,,
-32.608584,152.232289,SLF1501,8,1.2,7,2022,4,25,21,SL,,,,
-32.608514,152.232518,SLF1501,16,1.1,8,2022,4,25,22,SL,,,,
-32.608552,152.232543,SLF1501,8,0.8,10,2022,4,25,23,SL,,,,
-32.608482,152.232518,SLF1501,11,1.1,7,2022,4,26,0,SL,,,,
-32.595194,152.251744,SLF1501,7,0.9,9,2022,4,26,1,SL,,,,
-32.58834,152.275243,SLF1501,10,1,7,2022,4,26,2,SL,,,,
-32.546957,152.297393,SLF1501,0,1.4,6,2022,4,26,3,SL,,,,
-32.568339,152.294876,SLF1501,2,0.8,9,2022,4,26,4,SL,,,,
-32.601361,152.268427,SLF1501,7,0.8,10,2022,4,26,5,SL,,,,
-32.601647,152.264078,SLF1501,8,0.8,10,2022,4,26,6,SL,,,,
-32.607706,152.244827,SLF1501,15,0.7,11,2022,4,26,7,SL,,,,
-32.607585,152.244827,SLF1501,11,0.7,11,2022,4,26,8,SL,,,,
-32.607605,152.244827,SLF1501,13,0.9,9,2022,4,26,9,SL,,,,
-32.605487,152.247065,SLF1501,12,0.9,9,2022,4,26,10,SL,,,,
-32.605475,152.247039,SLF1501,12,0.9,9,2022,4,26,11,SL,,,,
-32.605526,152.24709,SLF1501,19,0.8,10,2022,4,26,12,SL,,,,
-32.605526,152.247039,SLF1501,19,0.9,9,2022,4,26,13,SL,,,,
-32.605519,152.24709,SLF1501,11,0.8,9,2022,4,26,14,SL,,,,
-32.605526,152.248667,SLF1501,18,0.8,9,2022,4,26,15,SL,,,,
-32.599047,152.264918,SLF1501,14,0.8,10,2022,4,26,16,SL,,,,
-32.600751,152.266876,SLF1501,14,0.7,10,2022,4,26,17,SL,,,,
-32.592212,152.271581,SLF1501,9,0.9,9,2022,4,26,18,SL,,,,
-32.594495,152.271352,SLF1501,30,0.7,11,2022,4,26,19,SL,,,,
-32.600236,152.265299,SLF1501,0,0.7,11,2022,4,26,20,SL,,,,
-32.60021,152.265274,SLF1501,17,0.8,10,2022,4,26,21,SL,,,,
-32.600274,152.265197,SLF1501,19,0.8,10,2022,4,26,22,SL,,,,
-32.600198,152.265248,SLF1501,12,0.8,10,2022,4,26,23,SL,,,,
-32.600198,152.265223,SLF1501,7,0.9,8,2022,4,27,0,SL,,,,
-32.600204,152.265299,SLF1501,15,0.7,10,2022,4,27,1,SL,,,,
-32.593713,152.255966,SLF1501,9,0.8,9,2022,4,27,2,SL,,,,
-32.608603,152.232365,SLF1501,7,1.3,7,2022,4,27,3,SL,,,,
-32.608355,152.232238,SLF1501,19,0.8,10,2022,4,27,4,SL,,,,
-32.607859,152.232467,SLF1501,1,1.1,6,2022,4,27,5,SL,,,,
-32.607198,152.232772,SLF1501,5,0.8,9,2022,4,27,6,SL,,,,
-32.607598,152.232645,SLF1501,79,0.8,9,2022,4,27,7,SL,,,,
-32.607884,152.232365,SLF1501,0,0.9,8,2022,4,27,8,SL,,,,
-32.608704,152.232416,SLF1501,8,0.8,9,2022,4,27,9,SL,,,,
-32.608749,152.232467,SLF1501,26,0.8,10,2022,4,27,10,SL,,,,
-32.60873,152.232416,SLF1501,42,0.9,10,2022,4,27,11,SL,,,,
-32.61161,152.232823,SLF1501,25,0.8,10,2022,4,27,12,SL,,,,
-32.601221,152.265833,SLF1501,11,0.9,9,2022,4,27,13,SL,,,,
-32.599734,152.265401,SLF1501,10,0.8,9,2022,4,27,14,SL,,,,
-32.600001,152.265502,SLF1501,14,1,8,2022,4,27,15,SL,,,,
-32.604585,152.254364,SLF1501,11,0.8,10,2022,4,27,16,SL,,,,
-32.604457,152.254236,SLF1501,15,0.7,10,2022,4,27,17,SL,,,,
-32.600808,152.26891,SLF1501,8,0.9,8,2022,4,27,18,SL,,,,
-32.59995,152.267944,SLF1501,21,0.7,10,2022,4,27,19,SL,,,,
-32.599276,152.26741,SLF1501,0,0.7,11,2022,4,27,20,SL,,,,
-32.570716,152.296554,SLF1501,4,0.8,10,2022,4,27,21,SL,,,,
-32.561396,152.30103,SLF1501,13,0.8,9,2022,4,27,22,SL,,,,
-32.54655,152.308431,SLF1501,3,0.9,10,2022,4,27,23,SL,,,,
-32.561135,152.29925,SLF1501,12,0.9,8,2022,4,28,0,SL,,,,
-32.593598,152.268147,SLF1501,18,0.8,9,2022,4,28,1,SL,,,,
-32.593865,152.268147,SLF1501,20,0.8,9,2022,4,28,2,SL,,,,
-32.59377,152.268122,SLF1501,0,1.4,6,2022,4,28,3,SL,,,,
-32.593878,152.268198,SLF1501,13,0.8,10,2022,4,28,4,SL,,,,
-32.593973,152.268096,SLF1501,17,0.7,10,2022,4,28,5,SL,,,,
-32.600401,152.265299,SLF1501,17,0.8,9,2022,4,28,6,SL,,,,
-32.60159,152.263214,SLF1501,6,0.7,10,2022,4,28,7,SL,,,,
-32.601984,152.262044,SLF1501,3,0.8,9,2022,4,28,8,SL,,,,
-32.6029,152.253397,SLF1501,1,1.1,8,2022,4,28,9,SL,,,,
-32.602982,152.253372,SLF1501,4,0.8,9,2022,4,28,10,SL,,,,
-32.602817,152.253372,SLF1501,33,0.8,10,2022,4,28,11,SL,,,,
-32.6029,152.253372,SLF1501,11,0.8,10,2022,4,28,12,SL,,,,
-32.602957,152.253372,SLF1501,12,0.9,7,2022,4,28,13,SL,,,,
-32.607636,152.247065,SLF1501,2,0.8,9,2022,4,28,14,SL,,,,
-32.607789,152.23234,SLF1501,0,1.3,6,2022,4,28,15,SL,,,,
-32.607827,152.232238,SLF1501,15,0.8,9,2022,4,28,16,SL,,,,
-32.6018,152.268503,SLF1501,3,0.7,10,2022,4,28,17,SL,,,,
-32.600293,152.268783,SLF1501,6,0.9,9,2022,4,28,18,SL,,,,
-32.601546,152.268809,SLF1501,38,0.8,9,2022,4,28,19,SL,,,,
-32.591144,152.265553,SLF1501,9,0.9,10,2022,4,28,20,SL,,,,
-32.600128,152.268936,SLF1501,5,1,9,2022,4,28,21,SL,,,,
-32.609207,152.23262,SLF1501,21,0.8,10,2022,4,28,22,SL,,,,
-32.609118,152.23323,SLF1501,13,0.8,9,2022,4,28,23,SL,,,,
-32.600872,152.267588,SLF1501,0,1.1,8,2022,4,29,0,SL,,,,
-32.608851,152.233612,SLF1501,26,0.8,9,2022,4,29,1,SL,,,,
-32.608711,152.233484,SLF1501,24,0.9,9,2022,4,29,2,SL,,,,
-32.605843,152.250473,SLF1501,0,1.4,7,2022,4,29,3,SL,,,,
-32.608762,152.233561,SLF1501,27,0.8,10,2022,4,29,4,SL,,,,
-32.608717,152.233561,SLF1501,30,0.7,10,2022,4,29,5,SL,,,,
-32.600897,152.25711,SLF1501,2,1.1,8,2022,4,29,6,SL,,,,
-32.606257,152.246378,SLF1501,7,0.7,10,2022,4,29,7,SL,,,,
-32.608749,152.233434,SLF1501,25,0.8,9,2022,4,29,8,SL,,,,
-32.608704,152.233052,SLF1501,12,0.9,8,2022,4,29,9,SL,,,,
-32.608889,152.232925,SLF1501,18,1,8,2022,4,29,10,SL,,,,
-32.608819,152.233001,SLF1501,31,1,8,2022,4,29,11,SL,,,,
-32.608736,152.233103,SLF1501,35,0.9,9,2022,4,29,12,SL,,,,
-32.605316,152.248336,SLF1501,21,0.8,10,2022,4,29,13,SL,,,,
-32.603885,152.245386,SLF1501,29,0.7,10,2022,4,29,14,SL,,,,
-32.605303,152.248311,SLF1501,20,1,8,2022,4,29,15,SL,,,,
-32.605608,152.248565,SLF1501,16,0.8,9,2022,4,29,16,SL,,,,
-32.600941,152.266977,SLF1501,7,0.7,10,2022,4,29,17,SL,,,,
-32.603141,152.251083,SLF1501,10,0.8,9,2022,4,29,18,SL,,,,
-32.605278,152.248336,SLF1501,12,0.7,12,2022,4,29,19,SL,,,,
-32.605284,152.248209,SLF1501,0,0.8,10,2022,4,29,20,SL,,,,
-32.600694,152.266469,SLF1501,12,0.8,10,2022,4,29,21,SL,,,,
-32.601113,152.267893,SLF1501,13,0.8,10,2022,4,29,22,SL,,,,
-32.601164,152.268224,SLF1501,0,0.8,9,2022,4,29,23,SL,,,,
-32.601132,152.268224,SLF1501,0,0.8,9,2022,4,30,0,SL,,,,
-32.607687,152.232416,SLF1501,25,0.8,9,2022,4,30,1,SL,,,,
-32.608634,152.232213,SLF1501,19,0.9,8,2022,4,30,2,SL,,,,
-32.608609,152.232289,SLF1501,10,1.2,7,2022,4,30,3,SL,,,,
-32.607789,152.232569,SLF1501,24,0.7,10,2022,4,30,4,SL,,,,
-32.608514,152.232442,SLF1501,25,1.3,7,2022,4,30,6,SL,,,,
-32.608545,152.232467,SLF1501,0,1.1,7,2022,4,30,7,SL,,,,
-32.608679,152.232518,SLF1501,39,1.7,5,2022,4,30,8,SL,,,,
-32.608488,152.232391,SLF1501,10,1.2,5,2022,4,30,9,SL,,,,
-32.607827,152.23262,SLF1501,17,1,8,2022,4,30,10,SL,,,,
-32.608037,152.232442,SLF1501,58,1.4,6,2022,4,30,11,SL,,,,
-32.60817,152.232365,SLF1501,34,1,8,2022,4,30,12,SL,,,,
-32.608654,152.232416,SLF1501,0,1.2,6,2022,4,30,13,SL,,,,
-32.60838,152.237147,SLF1501,25,0.9,7,2022,4,30,14,SL,,,,
-32.608711,152.244166,SLF1501,25,1.2,6,2022,4,30,15,SL,,,,
-32.60908,152.243326,SLF1501,12,0.8,9,2022,4,30,16,SL,,,,
-32.608749,152.244394,SLF1501,12,0.9,8,2022,4,30,17,SL,,,,
-32.604616,152.254287,SLF1501,6,1,7,2022,4,30,18,SL,,,,
-32.601139,152.266087,SLF1501,8,0.7,12,2022,4,30,19,SL,,,,
-32.607217,152.245742,SLF1501,8,0.8,10,2022,4,30,20,SL,,,,
-32.601126,152.265808,SLF1501,5,0.8,10,2022,4,30,21,SL,,,,
-32.61004,152.241292,SLF1501,7,0.8,10,2022,4,30,22,SL,,,,
-32.608832,152.233484,SLF1501,17,0.9,8,2022,4,30,23,SL,,,,
-32.608793,152.233459,SLF1501,13,0.9,8,2022,5,1,0,SL,,,,
-32.601577,152.254643,SLF1501,12,0.9,8,2022,5,1,1,SL,,,,
-32.600986,152.267791,SLF1501,11,1,8,2022,5,1,2,SL,,,,
-32.605595,152.250956,SLF1501,0,1.1,8,2022,5,1,3,SL,,,,
-32.607732,152.232467,SLF1501,22,0.7,11,2022,5,1,4,SL,,,,
-32.607833,152.232442,SLF1501,1,1.2,7,2022,5,1,5,SL,,,,
-32.607948,152.232543,SLF1501,0,1.2,8,2022,5,1,6,SL,,,,
-32.607789,152.232645,SLF1501,24,0.8,10,2022,5,1,7,SL,,,,
-32.607751,152.232467,SLF1501,12,0.9,9,2022,5,1,8,SL,,,,
-32.610033,152.238087,SLF1501,7,0.8,10,2022,5,1,9,SL,,,,
-32.601132,152.265884,SLF1501,12,0.8,9,2022,5,1,10,SL,,,,
-32.600338,152.265299,SLF1501,23,1,8,2022,5,1,11,SL,,,,
-32.600255,152.265324,SLF1501,3,0.9,9,2022,5,1,12,SL,,,,
-32.600331,152.265299,SLF1501,26,0.8,9,2022,5,1,13,SL,,,,
-32.600331,152.265324,SLF1501,17,1,7,2022,5,1,14,SL,,,,
-32.600115,152.266265,SLF1501,9,1,8,2022,5,1,15,SL,,,,
-32.600318,152.265324,SLF1501,13,0.8,9,2022,5,1,16,SL,,,,
-32.600268,152.265324,SLF1501,0,0.9,9,2022,5,1,17,SL,,,,
-32.605023,152.253575,SLF1501,8,0.8,9,2022,5,1,18,SL,,,,
-32.609111,152.233739,SLF1501,28,0.7,12,2022,5,1,19,SL,,,,
-32.609137,152.23323,SLF1501,16,0.8,10,2022,5,1,20,SL,,,,
-32.609067,152.233357,SLF1501,23,0.8,10,2022,5,1,21,SL,,,,
-32.605621,152.240224,SLF1501,28,0.7,11,2022,5,1,22,SL,,,,
-32.593617,152.268249,SLF1501,7,0.8,9,2022,5,1,23,SL,,,,
-32.59541,152.250905,SLF1501,0,0.8,9,2022,5,2,0,SL,,,,
-32.609016,152.233154,SLF1501,24,0.8,9,2022,5,2,1,SL,,,,
-32.608787,152.233103,SLF1501,15,0.9,9,2022,5,2,2,SL,,,,
-32.608634,152.232416,SLF1501,14,1,8,2022,5,2,3,SL,,,,
-32.608622,152.232442,SLF1501,3,0.9,9,2022,5,2,4,SL,,,,
-32.60866,152.232518,SLF1501,10,0.9,9,2022,5,2,5,SL,,,,
-32.607694,152.232543,SLF1501,16,1.3,7,2022,5,2,6,SL,,,,
-32.607884,152.232289,SLF1501,0,0.9,9,2022,5,2,7,SL,,,,
-32.608603,152.232543,SLF1501,21,1,8,2022,5,2,8,SL,,,,
-32.608577,152.232442,SLF1501,33,0.8,10,2022,5,2,9,SL,,,,
-32.608463,152.232467,SLF1501,40,1.1,7,2022,5,2,10,SL,,,,
-32.608647,152.232238,SLF1501,0,1.9,5,2022,5,2,11,SL,,,,
-32.608819,152.23234,SLF1501,28,0.8,10,2022,5,2,12,SL,,,,
-32.601037,152.258102,SLF1501,9,0.8,10,2022,5,2,13,SL,,,,
-32.601145,152.260747,SLF1501,9,0.9,8,2022,5,2,14,SL,,,,
-32.599606,152.263417,SLF1501,28,1,8,2022,5,2,15,SL,,,,
-32.596338,152.277379,SLF1501,9,0.8,9,2022,5,2,16,SL,,,,
-32.596923,152.27069,SLF1501,16,0.9,9,2022,5,2,17,SL,,,,
-32.593318,152.283788,SLF1501,7,0.8,9,2022,5,2,18,SL,,,,
-32.560957,152.301081,SLF1501,23,0.7,12,2022,5,2,19,SL,,,,
-32.548203,152.311177,SLF1501,3,0.9,9,2022,5,2,20,SL,,,,
-32.59384,152.285161,SLF1501,5,0.8,10,2022,5,2,21,SL,,,,
-32.598259,152.26741,SLF1501,9,0.7,11,2022,5,2,22,SL,,,,
-32.604979,152.25355,SLF1501,0,0.9,9,2022,5,2,23,SL,,,,
-32.608806,152.233078,SLF1501,24,0.9,8,2022,5,3,0,SL,,,,
-32.608825,152.233103,SLF1501,21,0.8,9,2022,5,3,1,SL,,,,
-32.608628,152.232518,SLF1501,11,0.9,9,2022,5,3,2,SL,,,,
-32.608596,152.232416,SLF1501,0,0.8,9,2022,5,3,3,SL,,,,
-32.608641,152.232442,SLF1501,0,0.7,11,2022,5,3,4,SL,,,,
-32.608634,152.232416,SLF1501,19,0.8,10,2022,5,3,5,SL,,,,
-32.608603,152.232518,SLF1501,34,1.1,8,2022,5,3,6,SL,,,,
-32.608596,152.232518,SLF1501,26,0.8,10,2022,5,3,7,SL,,,,
-32.608565,152.232442,SLF1501,0,1.1,7,2022,5,3,8,SL,,,,
-32.608558,152.232543,SLF1501,11,0.9,8,2022,5,3,9,SL,,,,
-32.608552,152.232518,SLF1501,28,1,8,2022,5,3,10,SL,,,,
-32.608507,152.232518,SLF1501,23,1.4,7,2022,5,3,11,SL,,,,
-32.608539,152.232518,SLF1501,31,0.9,10,2022,5,3,12,SL,,,,
-32.607611,152.232467,SLF1501,0,1,9,2022,5,3,13,SL,,,,
-32.608615,152.232137,SLF1501,6,0.9,8,2022,5,3,14,SL,,,,
-32.608654,152.232187,SLF1501,22,1,8,2022,5,3,15,SL,,,,
-32.61112,152.23763,SLF1501,11,0.8,9,2022,5,3,16,SL,,,,
-32.60639,152.247395,SLF1501,12,0.9,9,2022,5,3,17,SL,,,,
-32.603033,152.259552,SLF1501,5,0.8,9,2022,5,3,18,SL,,,,
-32.600662,152.267232,SLF1501,10,0.7,12,2022,5,3,19,SL,,,,
-32.600566,152.267257,SLF1501,8,0.9,9,2022,5,3,20,SL,,,,
-32.598952,152.267105,SLF1501,4,0.7,11,2022,5,3,21,SL,,,,
-32.59911,152.26713,SLF1501,4,0.7,11,2022,5,3,22,SL,,,,
-32.598964,152.267181,SLF1501,0,1.1,7,2022,5,3,23,SL,,,,
-32.598926,152.267181,SLF1501,9,0.9,8,2022,5,4,0,SL,,,,
-32.601202,152.266291,SLF1501,9,0.8,9,2022,5,4,1,SL,,,,
-32.611127,152.236714,SLF1501,9,0.8,10,2022,5,4,2,SL,,,,
-32.60859,152.232416,SLF1501,6,0.8,9,2022,5,4,3,SL,,,,
-32.608603,152.232518,SLF1501,26,0.7,11,2022,5,4,4,SL,,,,
-32.608615,152.232569,SLF1501,21,0.9,9,2022,5,4,5,SL,,,,
-32.608609,152.232416,SLF1501,26,0.9,9,2022,5,4,6,SL,,,,
-32.608654,152.232467,SLF1501,9,0.8,9,2022,5,4,7,SL,,,,
-32.604864,152.228983,SLF1501,0,0.8,9,2022,5,4,8,SL,,,,
-32.589256,152.271199,SLF1501,4,0.8,10,2022,5,4,9,SL,,,,
-32.599002,152.268936,SLF1501,0,0.9,8,2022,5,4,10,SL,,,,
-32.598971,152.269037,SLF1501,17,1,9,2022,5,4,11,SL,,,,
-32.598958,152.269063,SLF1501,26,0.7,11,2022,5,4,12,SL,,,,
-32.599021,152.268961,SLF1501,8,0.8,10,2022,5,4,13,SL,,,,
-32.599746,152.268681,SLF1501,10,0.8,10,2022,5,4,14,SL,,,,
-32.599676,152.268656,SLF1501,23,1,8,2022,5,4,15,SL,,,,
-32.601113,152.268147,SLF1501,7,0.8,9,2022,5,4,16,SL,,,,
-32.59761,152.27125,SLF1501,10,0.9,9,2022,5,4,17,SL,,,,
-32.597648,152.270996,SLF1501,11,0.7,11,2022,5,4,18,SL,,,,
-32.596434,152.270487,SLF1501,23,0.7,10,2022,5,4,19,SL,,,,
-32.600687,152.268885,SLF1501,0,0.9,9,2022,5,4,20,SL,,,,
-32.601151,152.26507,SLF1501,8,0.9,9,2022,5,4,21,SL,,,,
-32.605322,152.24709,SLF1501,7,0.8,10,2022,5,4,22,SL,,,,
-32.605354,152.247039,SLF1501,0,0.8,9,2022,5,4,23,SL,,,,
-32.605354,152.247039,SLF1501,4,0.9,8,2022,5,5,0,SL,,,,
-32.605456,152.246912,SLF1501,12,0.8,9,2022,5,5,1,SL,,,,
-32.607725,152.232518,SLF1501,13,0.8,10,2022,5,5,2,SL,,,,
-32.590655,152.274302,SLF1501,1,0.8,9,2022,5,5,3,SL,,,,
-32.549469,152.30782,SLF1501,9,0.8,10,2022,5,5,4,SL,,,,
-32.524088,152.323206,SLF1501,35,0.8,10,2022,5,5,5,SL,,,,
-32.503546,152.304183,SLF1501,32,0.9,9,2022,5,5,6,SL,,,,
-32.503584,152.30426,SLF1501,22,0.8,9,2022,5,5,7,SL,,,,
-32.519472,152.322367,SLF1501,8,0.9,9,2022,5,5,8,SL,,,,
-32.525207,152.322647,SLF1501,15,1.2,8,2022,5,5,9,SL,,,,
-32.52569,152.322774,SLF1501,0,1,8,2022,5,5,10,SL,,,,
-32.525188,152.322799,SLF1501,65,1.3,7,2022,5,5,11,SL,,,,
-32.525067,152.322799,SLF1501,18,1,8,2022,5,5,12,SL,,,,
-32.525188,152.322723,SLF1501,0,0.9,7,2022,5,5,13,SL,,,,
-32.52501,152.322901,SLF1501,5,0.9,8,2022,5,5,14,SL,,,,
-32.549519,152.307617,SLF1501,13,1.1,8,2022,5,5,15,SL,,,,
-32.549958,152.308125,SLF1501,8,1.1,7,2022,5,5,16,SL,,,,
-32.550104,152.308634,SLF1501,12,0.9,9,2022,5,5,17,SL,,,,
-32.549926,152.308049,SLF1501,25,0.7,10,2022,5,5,18,SL,,,,
-32.587717,152.288848,SLF1501,6,0.7,11,2022,5,5,19,SL,,,,
-32.600172,152.265045,SLF1501,0,0.9,9,2022,5,5,20,SL,,,,
-32.600172,152.265146,SLF1501,13,0.8,10,2022,5,5,21,SL,,,,
-32.551408,152.305379,SLF1501,7,0.7,11,2022,5,5,22,SL,,,,
-32.53538,152.320129,SLF1501,15,1,7,2022,5,5,23,SL,,,,
-32.50916,152.318527,SLF1501,27,1,8,2022,5,6,0,SL,,,,
-32.50909,152.318552,SLF1501,37,0.8,9,2022,5,6,1,SL,,,,
-32.508842,152.318578,SLF1501,49,1,9,2022,5,6,2,SL,,,,
-32.509026,152.318908,SLF1501,27,0.7,11,2022,5,6,3,SL,,,,
-32.508995,152.318705,SLF1501,11,0.7,11,2022,5,6,4,SL,,,,
-32.50916,152.318628,SLF1501,21,0.9,9,2022,5,6,5,SL,,,,
-32.506159,152.315094,SLF1501,10,1,9,2022,5,6,6,SL,,,,
-32.524279,152.323028,SLF1501,14,0.8,10,2022,5,6,7,SL,,,,
-32.543848,152.315755,SLF1501,9,0.9,8,2022,5,6,8,SL,,,,
-32.549761,152.30754,SLF1501,7,0.8,9,2022,5,6,9,SL,,,,
-32.549933,152.308558,SLF1501,2,1,8,2022,5,6,10,SL,,,,
-32.549907,152.308634,SLF1501,26,1.3,7,2022,5,6,11,SL,,,,
-32.54992,152.308634,SLF1501,29,1,8,2022,5,6,12,SL,,,,
-32.549901,152.308609,SLF1501,13,1.2,7,2022,5,6,13,SL,,,,
-32.550435,152.309143,SLF1501,14,0.8,9,2022,5,6,14,SL,,,,
-32.549386,152.307744,SLF1501,15,0.8,10,2022,5,6,15,SL,,,,
-32.549882,152.308202,SLF1501,6,0.9,9,2022,5,6,16,SL,,,,
-32.549462,152.307896,SLF1501,11,1,8,2022,5,6,17,SL,,,,
-32.549475,152.307769,SLF1501,24,0.7,11,2022,5,6,18,SL,,,,
-32.549653,152.307795,SLF1501,20,0.7,11,2022,5,6,19,SL,,,,
-32.601609,152.268376,SLF1501,0,1,9,2022,5,6,20,SL,,,,
-32.608692,152.244369,SLF1501,3,0.8,10,2022,5,6,21,SL,,,,
-32.608081,152.232543,SLF1501,49,0.8,9,2022,5,6,22,SL,,,,
-32.608266,152.231984,SLF1501,15,1,7,2022,5,6,23,SL,,,,
-32.60824,152.232289,SLF1501,3,0.9,8,2022,5,7,0,SL,,,,
-32.60482,152.25299,SLF1501,13,0.8,9,2022,5,7,1,SL,,,,
-32.598907,152.267257,SLF1501,11,1,8,2022,5,7,2,SL,,,,
-32.598888,152.267283,SLF1501,0,0.9,9,2022,5,7,3,SL,,,,
-32.598913,152.267308,SLF1501,0,0.9,10,2022,5,7,4,SL,,,,
-32.598907,152.267257,SLF1501,8,0.8,10,2022,5,7,5,SL,,,,
-32.600846,152.267969,SLF1501,11,0.8,10,2022,5,7,6,SL,,,,
-32.600382,152.269012,SLF1501,2,0.7,12,2022,5,7,7,SL,,,,
-32.600872,152.269215,SLF1501,13,0.9,8,2022,5,7,8,SL,,,,
-32.600999,152.26741,SLF1501,0,0.8,10,2022,5,7,9,SL,,,,
-32.600331,152.265375,SLF1501,2,0.9,9,2022,5,7,10,SL,,,,
-32.600331,152.265375,SLF1501,31,0.7,11,2022,5,7,11,SL,,,,
-32.600293,152.265452,SLF1501,5,0.8,10,2022,5,7,12,SL,,,,
-32.603071,152.268732,SLF1501,6,0.9,8,2022,5,7,13,SL,,,,
-32.597953,152.27097,SLF1501,7,0.8,9,2022,5,7,14,SL,,,,
-32.602092,152.262807,SLF1501,15,0.8,10,2022,5,7,15,SL,,,,
-32.607808,152.232238,SLF1501,12,0.7,10,2022,5,7,16,SL,,,,
-32.607802,152.232543,SLF1501,15,1.8,5,2022,5,7,17,SL,,,,
-32.609245,152.232696,SLF1501,19,0.8,10,2022,5,7,18,SL,,,,
-32.604451,152.23412,SLF1501,19,0.7,11,2022,5,7,19,SL,,,,
-32.601005,152.266011,SLF1501,2,1,9,2022,5,7,20,SL,,,,
-32.576712,152.289942,SLF1501,11,0.8,10,2022,5,7,21,SL,,,,
-32.600967,152.267003,SLF1501,3,0.8,9,2022,5,7,22,SL,,,,
-32.610675,152.233561,SLF1501,13,0.9,8,2022,5,7,23,SL,,,,
-32.608151,152.232365,SLF1501,29,0.7,10,2022,5,8,0,SL,,,,
-32.610961,152.238367,SLF1501,8,0.8,9,2022,5,8,1,SL,,,,
-32.600668,152.26802,SLF1501,0,0.9,9,2022,5,8,2,SL,,,,
-32.606009,152.248743,SLF1501,4,0.7,12,2022,5,8,3,SL,,,,
-32.605093,152.247828,SLF1501,3,0.7,11,2022,5,8,4,SL,,,,
-32.605138,152.247879,SLF1501,13,0.8,10,2022,5,8,5,SL,,,,
-32.604991,152.248285,SLF1501,0,0.8,10,2022,5,8,6,SL,,,,
-32.605526,152.248896,SLF1501,5,0.7,11,2022,5,8,7,SL,,,,
-32.608139,152.23234,SLF1501,8,0.9,8,2022,5,8,8,SL,,,,
-32.608056,152.232365,SLF1501,29,0.8,10,2022,5,8,9,SL,,,,
-32.608031,152.232365,SLF1501,32,1.1,8,2022,5,8,10,SL,,,,
-32.608119,152.232416,SLF1501,26,0.8,10,2022,5,8,11,SL,,,,
-32.608145,152.232416,SLF1501,29,0.9,9,2022,5,8,12,SL,,,,
-32.608221,152.23234,SLF1501,1,0.8,9,2022,5,8,13,SL,,,,
-32.607725,152.232594,SLF1501,0,0.8,9,2022,5,8,14,SL,,,,
-32.608018,152.232543,SLF1501,36,1,8,2022,5,8,15,SL,,,,
-32.608882,152.232518,SLF1501,18,0.8,9,2022,5,8,16,SL,,,,
-32.608876,152.232569,SLF1501,20,0.9,9,2022,5,8,17,SL,,,,
-32.606002,152.247675,SLF1501,7,0.6,12,2022,5,8,18,SL,,,,
-32.605983,152.247701,SLF1501,16,0.7,11,2022,5,8,19,SL,,,,
-32.608596,152.232365,SLF1501,3,1,9,2022,5,8,20,SL,,,,
-32.608743,152.232569,SLF1501,9,1.1,8,2022,5,8,21,SL,,,,
-32.608565,152.232416,SLF1501,21,0.8,9,2022,5,8,22,SL,,,,
-32.607585,152.232543,SLF1501,9,0.9,8,2022,5,8,23,SL,,,,
-32.600757,152.265782,SLF1501,13,0.7,10,2022,5,9,0,SL,,,,
-32.608545,152.232518,SLF1501,11,0.8,9,2022,5,9,1,SL,,,,
-32.608609,152.232467,SLF1501,7,1.1,8,2022,5,9,2,SL,,,,
-32.608609,152.232467,SLF1501,19,0.8,9,2022,5,9,3,SL,,,,
-32.608609,152.232518,SLF1501,24,0.7,10,2022,5,9,4,SL,,,,
-32.608622,152.232416,SLF1501,11,1,9,2022,5,9,5,SL,,,,
-32.608565,152.232518,SLF1501,28,0.8,10,2022,5,9,6,SL,,,,
-32.608215,152.232365,SLF1501,25,0.8,10,2022,5,9,7,SL,,,,
-32.608647,152.233128,SLF1501,32,0.9,9,2022,5,9,8,SL,,,,
-32.60529,152.248362,SLF1501,2,0.8,10,2022,5,9,9,SL,,,,
-32.605252,152.248311,SLF1501,20,1,7,2022,5,9,10,SL,,,,
-32.605258,152.248463,SLF1501,20,1,8,2022,5,9,11,SL,,,,
-32.605405,152.248387,SLF1501,11,0.8,9,2022,5,9,12,SL,,,,
-32.60536,152.248463,SLF1501,3,0.8,9,2022,5,9,13,SL,,,,
-32.605322,152.248616,SLF1501,12,0.8,9,2022,5,9,14,SL,,,,
-32.606594,152.248565,SLF1501,13,0.8,10,2022,5,9,15,SL,,,,
-32.608539,152.232543,SLF1501,30,0.8,9,2022,5,9,16,SL,,,,
-32.608577,152.232518,SLF1501,21,0.9,8,2022,5,9,17,SL,,,,
-32.601113,152.264943,SLF1501,12,0.6,12,2022,5,9,18,SL,,,,
-32.60028,152.265375,SLF1501,4,0.8,10,2022,5,9,19,SL,,,,
-32.600242,152.265274,SLF1501,0,1,9,2022,5,9,20,SL,,,,
-32.594863,152.267791,SLF1501,21,0.8,10,2022,5,9,21,SL,,,,
-32.596059,152.279668,SLF1501,0,0.8,10,2022,5,9,22,SL,,,,
-32.608673,152.232467,SLF1501,27,1,8,2022,5,9,23,SL,,,,
-32.607833,152.23234,SLF1501,0,1.1,7,2022,5,10,0,SL,,,,
-32.607598,152.232467,SLF1501,40,0.8,9,2022,5,10,1,SL,,,,
-32.60817,152.232213,SLF1501,310,1.2,6,2022,5,10,2,SL,,,,
-32.607872,152.23234,SLF1501,0,1,10,2022,5,10,3,SL,,,,
-32.607694,152.232238,SLF1501,48,0.8,9,2022,5,10,4,SL,,,,
-32.60749,152.232594,SLF1501,19,0.8,10,2022,5,10,5,SL,,,,
-32.607592,152.232416,SLF1501,73,0.8,10,2022,5,10,6,SL,,,,
-32.608577,152.232569,SLF1501,11,0.8,9,2022,5,10,7,SL,,,,
-32.607592,152.232086,SLF1501,9,0.9,9,2022,5,10,8,SL,,,,
-32.60852,152.232442,SLF1501,12,1,8,2022,5,10,9,SL,,,,
-32.608577,152.232365,SLF1501,40,0.8,10,2022,5,10,10,SL,,,,
-32.608571,152.232569,SLF1501,44,1,8,2022,5,10,11,SL,,,,
-32.608558,152.232391,SLF1501,49,0.9,8,2022,5,10,12,SL,,,,
-32.60859,152.232467,SLF1501,30,0.9,8,2022,5,10,13,SL,,,,
-32.608565,152.232442,SLF1501,21,0.9,8,2022,5,10,14,SL,,,,
-32.608641,152.232671,SLF1501,0,0.8,10,2022,5,10,15,SL,,,,
-32.607967,152.232365,SLF1501,0,0.8,9,2022,5,10,16,SL,,,,
-32.607795,152.232467,SLF1501,13,1.1,7,2022,5,10,17,SL,,,,
-32.606575,152.247065,SLF1501,14,0.6,12,2022,5,10,18,SL,,,,
-32.590114,152.270741,SLF1501,2,0.7,11,2022,5,10,19,SL,,,,
-32.603892,152.256373,SLF1501,0,0.8,10,2022,5,10,20,SL,,,,
-32.605131,152.24826,SLF1501,36,1.3,5,2022,5,10,21,SL,,,,
-32.60515,152.248362,SLF1501,0,0.8,9,2022,5,10,22,SL,,,,
-32.60515,152.248336,SLF1501,8,1.1,7,2022,5,10,23,SL,,,,
-32.608545,152.232442,SLF1501,13,1.3,6,2022,5,11,0,SL,,,,
-32.608628,152.232442,SLF1501,21,1.2,6,2022,5,11,1,SL,,,,
-32.608558,152.232467,SLF1501,0,1.9,6,2022,5,11,2,SL,,,,
-32.60859,152.232442,SLF1501,3,1.3,7,2022,5,11,3,SL,,,,
-32.608628,152.232543,SLF1501,18,1,7,2022,5,11,4,SL,,,,
-32.598163,152.246632,SLF1501,7,0.8,10,2022,5,11,5,SL,,,,
-32.599244,152.267842,SLF1501,0,0.8,10,2022,5,11,6,SL,,,,
-32.599225,152.267486,SLF1501,2,0.9,8,2022,5,11,7,SL,,,,
-32.607439,152.245819,SLF1501,2,0.9,9,2022,5,11,8,SL,,,,
-32.605328,152.24854,SLF1501,0,0.9,9,2022,5,11,9,SL,,,,
-32.605328,152.248489,SLF1501,13,1.1,8,2022,5,11,10,SL,,,,
-32.605335,152.248514,SLF1501,13,1,8,2022,5,11,11,SL,,,,
-32.605265,152.248463,SLF1501,11,0.8,9,2022,5,11,12,SL,,,,
-32.60536,152.248438,SLF1501,0,0.9,8,2022,5,11,13,SL,,,,
-32.606714,152.246912,SLF1501,0,0.8,9,2022,5,11,14,SL,,,,
-32.606791,152.246861,SLF1501,12,0.8,10,2022,5,11,15,SL,,,,
-32.607236,152.245513,SLF1501,5,0.7,10,2022,5,11,16,SL,,,,
-32.598843,152.268656,SLF1501,5,0.9,9,2022,5,11,17,SL,,,,
-32.590038,152.277964,SLF1501,3,0.8,10,2022,5,11,18,SL,,,,
-32.560805,152.300572,SLF1501,8,0.9,9,2022,5,11,19,SL,,,,
-32.561027,152.300954,SLF1501,8,1,9,2022,5,11,20,SL,,,,
-32.53845,152.317535,SLF1501,5,0.9,8,2022,5,11,21,SL,,,,
-32.549621,152.307998,SLF1501,0,0.8,10,2022,5,11,22,SL,,,,
-32.548845,152.307057,SLF1501,0,0.9,8,2022,5,11,23,SL,,,,
-32.542799,152.310414,SLF1501,25,0.8,9,2022,5,12,0,SL,,,,
-32.5495,152.307617,SLF1501,10,0.8,9,2022,5,12,1,SL,,,,
-32.549882,152.30782,SLF1501,3,1.2,7,2022,5,12,2,SL,,,,
-32.549907,152.307795,SLF1501,7,0.9,9,2022,5,12,3,SL,,,,
-32.549895,152.306625,SLF1501,43,0.7,10,2022,5,12,4,SL,,,,
-32.550003,152.306421,SLF1501,28,1,9,2022,5,12,5,SL,,,,
-32.551643,152.307439,SLF1501,19,0.8,10,2022,5,12,6,SL,,,,
-32.566368,152.298334,SLF1501,20,1,8,2022,5,12,7,SL,,,,
-32.571276,152.29602,SLF1501,23,1,7,2022,5,12,8,SL,,,,
-32.566279,152.298029,SLF1501,6,0.9,9,2022,5,12,9,SL,,,,
-32.566285,152.297978,SLF1501,9,1,8,2022,5,12,10,SL,,,,
-32.566336,152.298055,SLF1501,16,0.8,10,2022,5,12,11,SL,,,,
-32.56631,152.298029,SLF1501,5,0.8,9,2022,5,12,12,SL,,,,
-32.566361,152.298004,SLF1501,0,0.7,10,2022,5,12,13,SL,,,,
-32.549888,152.307184,SLF1501,15,1.2,7,2022,5,12,14,SL,,,,
-32.543251,152.310236,SLF1501,2,0.8,9,2022,5,12,15,SL,,,,
-32.549271,152.307896,SLF1501,1,0.9,8,2022,5,12,16,SL,,,,
-32.549882,152.308024,SLF1501,17,1,8,2022,5,12,17,SL,,,,
-32.549882,152.307642,SLF1501,20,0.9,8,2022,5,12,18,SL,,,,
-32.549939,152.30749,SLF1501,0,0.9,9,2022,5,12,19,SL,,,,
-32.549958,152.307591,SLF1501,0,1,9,2022,5,12,20,SL,,,,
-32.538584,152.318781,SLF1501,16,0.8,10,2022,5,12,21,SL,,,,
-32.514265,152.322113,SLF1501,0,0.8,9,2022,5,12,22,SL,,,,
-32.49001,152.306752,SLF1501,0,1.1,8,2022,5,12,23,SL,,,,
-32.54339,152.307566,SLF1501,16,0.9,8,2022,5,13,0,SL,,,,
-32.549933,152.307439,SLF1501,10,1.4,6,2022,5,13,1,SL,,,,
-32.550276,152.307744,SLF1501,209,1.5,5,2022,5,13,2,SL,,,,
-32.549984,152.307464,SLF1501,0,1.1,7,2022,5,13,3,SL,,,,
-32.549914,152.307591,SLF1501,0,0.9,8,2022,5,13,4,SL,,,,
-32.549812,152.30749,SLF1501,5,1.1,8,2022,5,13,5,SL,,,,
-32.549875,152.307591,SLF1501,0,0.9,9,2022,5,13,6,SL,,,,
-32.549812,152.307464,SLF1501,0,1,8,2022,5,13,7,SL,,,,
-32.549672,152.307668,SLF1501,13,0.8,9,2022,5,13,8,SL,,,,
-32.549895,152.307744,SLF1501,8,0.9,8,2022,5,13,9,SL,,,,
-32.549971,152.307846,SLF1501,47,1.5,6,2022,5,13,10,SL,,,,
-32.549952,152.308074,SLF1501,65,1,8,2022,5,13,11,SL,,,,
-32.54938,152.30782,SLF1501,0,0.9,8,2022,5,13,12,SL,,,,
-32.549907,152.30749,SLF1501,0,1.2,6,2022,5,13,13,SL,,,,
-32.549589,152.307896,SLF1501,0,1.2,7,2022,5,13,14,SL,,,,
-32.549774,152.307718,SLF1501,0,1.1,7,2022,5,13,15,SL,,,,
-32.549837,152.30754,SLF1501,7,1,7,2022,5,13,16,SL,,,,
-32.549805,152.30754,SLF1501,0,0.9,8,2022,5,13,17,SL,,,,
-32.549799,152.307439,SLF1501,17,1,7,2022,5,13,18,SL,,,,
-32.549831,152.307566,SLF1501,0,1.1,7,2022,5,13,19,SL,,,,
-32.543479,152.307566,SLF1501,9,0.8,10,2022,5,13,20,SL,,,,
-32.549907,152.307439,SLF1501,5,1,7,2022,5,13,21,SL,,,,
-32.549761,152.307744,SLF1501,0,0.8,9,2022,5,13,22,SL,,,,
-32.549564,152.308151,SLF1501,0,1,7,2022,5,13,23,SL,,,,
-32.544007,152.306574,SLF1501,3,0.8,9,2022,5,14,0,SL,,,,
-32.543899,152.306498,SLF1501,7,0.9,8,2022,5,14,1,SL,,,,
-32.543791,152.306549,SLF1501,8,1.2,7,2022,5,14,2,SL,,,,
-32.54402,152.306523,SLF1501,0,0.8,9,2022,5,14,3,SL,,,,
-32.543975,152.306574,SLF1501,11,0.8,10,2022,5,14,4,SL,,,,
-32.543219,152.307871,SLF1501,0,1.1,8,2022,5,14,5,SL,,,,
-32.543219,152.307718,SLF1501,0,0.7,11,2022,5,14,6,SL,,,,
-32.543403,152.308049,SLF1501,0,0.8,9,2022,5,14,7,SL,,,,
-32.543384,152.307718,SLF1501,0,0.9,9,2022,5,14,8,SL,,,,
-32.543111,152.307922,SLF1501,30,1,8,2022,5,14,9,SL,,,,
-32.543441,152.307642,SLF1501,30,0.9,9,2022,5,14,10,SL,,,,
-32.544033,152.306625,SLF1501,11,0.9,9,2022,5,14,11,SL,,,,
-32.543823,152.306116,SLF1501,14,0.8,10,2022,5,14,12,SL,,,,
-32.544039,152.306625,SLF1501,4,0.9,9,2022,5,14,13,SL,,,,
-32.544071,152.306752,SLF1501,55,1,8,2022,5,14,14,SL,,,,
-32.53969,152.318018,SLF1501,17,0.8,9,2022,5,14,15,SL,,,,
-32.519542,152.345764,SLF1501,2,0.9,9,2022,5,14,16,SL,,,,
-32.528367,152.332845,SLF1501,3,0.8,9,2022,5,14,17,SL,,,,
-32.54971,152.307566,SLF1501,0,0.7,11,2022,5,14,18,SL,,,,
-32.541852,152.310643,SLF1501,0,0.8,10,2022,5,14,19,SL,,,,
-32.543511,152.306981,SLF1501,7,0.8,10,2022,5,14,20,SL,,,,
-32.543441,152.307184,SLF1501,0,0.7,11,2022,5,14,21,SL,,,,
-32.54332,152.307795,SLF1501,8,0.8,9,2022,5,14,22,SL,,,,
-32.543117,152.30749,SLF1501,0,1.1,6,2022,5,14,23,SL,,,,
-32.543772,152.305938,SLF1501,3,0.9,8,2022,5,15,0,SL,,,,
-32.554657,152.306777,SLF1501,0,0.9,9,2022,5,15,1,SL,,,,
-32.597076,152.269877,SLF1501,2,1,8,2022,5,15,2,SL,,,,
-32.607274,152.247421,SLF1501,0,0.7,11,2022,5,15,3,SL,,,,
-32.604635,152.242818,SLF1501,25,0.7,10,2022,5,15,4,SL,,,,
-32.610783,152.239766,SLF1501,0,0.9,10,2022,5,15,5,SL,,,,
-32.608609,152.232569,SLF1501,5,0.9,8,2022,5,15,6,SL,,,,
-32.608577,152.232543,SLF1501,16,0.8,9,2022,5,15,7,SL,,,,
-32.608533,152.23262,SLF1501,19,0.9,8,2022,5,15,8,SL,,,,
-32.608456,152.232594,SLF1501,21,0.8,9,2022,5,15,9,SL,,,,
-32.608533,152.232518,SLF1501,31,1.4,7,2022,5,15,10,SL,,,,
-32.608469,152.232594,SLF1501,0,1,8,2022,5,15,11,SL,,,,
-32.608539,152.232518,SLF1501,0,1.2,7,2022,5,15,12,SL,,,,
-32.607547,152.232365,SLF1501,6,1,7,2022,5,15,13,SL,,,,
-32.607484,152.231959,SLF1501,22,0.8,9,2022,5,15,15,SL,,,,
-32.608031,152.23234,SLF1501,24,0.9,9,2022,5,15,16,SL,,,,
-32.59981,152.24559,SLF1501,36,0.8,9,2022,5,15,17,SL,,,,
-32.603402,152.254898,SLF1501,13,0.7,12,2022,5,15,18,SL,,,,
-32.600007,152.267893,SLF1501,11,0.9,9,2022,5,15,19,SL,,,,
-32.600096,152.267842,SLF1501,0,0.8,10,2022,5,15,20,SL,,,,
-32.600026,152.267868,SLF1501,8,0.7,11,2022,5,15,21,SL,,,,
-32.600039,152.267893,SLF1501,0,0.9,8,2022,5,15,22,SL,,,,
-32.60007,152.267868,SLF1501,0,1,7,2022,5,15,23,SL,,,,
-32.600007,152.267893,SLF1501,13,0.9,8,2022,5,16,0,SL,,,,
-32.600032,152.267893,SLF1501,0,1.1,8,2022,5,16,1,SL,,,,
-32.599937,152.268046,SLF1501,0,1,8,2022,5,16,2,SL,,,,
-32.600001,152.26802,SLF1501,5,0.7,10,2022,5,16,3,SL,,,,
-32.599969,152.267969,SLF1501,0,0.9,8,2022,5,16,4,SL,,,,
-32.600039,152.267868,SLF1501,25,1.1,8,2022,5,16,5,SL,,,,
-32.599994,152.267969,SLF1501,5,0.8,10,2022,5,16,6,SL,,,,
-32.601132,152.265019,SLF1501,0,1,9,2022,5,16,7,SL,,,,
-32.6018,152.260899,SLF1501,4,0.8,9,2022,5,16,8,SL,,,,
-32.603663,152.254058,SLF1501,21,0.9,8,2022,5,16,9,SL,,,,
-32.606981,152.246582,SLF1501,12,1.3,8,2022,5,16,10,SL,,,,
-32.602353,152.256627,SLF1501,7,0.8,10,2022,5,16,11,SL,,,,
-32.602385,152.256627,SLF1501,2,0.8,10,2022,5,16,12,SL,,,,
-32.602391,152.256627,SLF1501,0,0.8,9,2022,5,16,13,SL,,,,
-32.602366,152.256678,SLF1501,11,1,8,2022,5,16,14,SL,,,,
-32.602296,152.256601,SLF1501,21,0.8,9,2022,5,16,15,SL,,,,
-32.59995,152.268096,SLF1501,0,0.9,8,2022,5,16,16,SL,,,,
-32.600961,152.26563,SLF1501,2,0.8,9,2022,5,16,17,SL,,,,
-32.589644,152.276082,SLF1501,4,0.7,12,2022,5,16,18,SL,,,,
-32.599689,152.265731,SLF1501,0,0.9,8,2022,5,16,19,SL,,,,
-32.599899,152.267206,SLF1501,3,0.9,9,2022,5,16,20,SL,,,,
-32.599918,152.267206,SLF1501,0,0.7,11,2022,5,16,21,SL,,,,
-32.601374,152.264968,SLF1501,0,0.8,9,2022,5,16,22,SL,,,,
-32.603052,152.247472,SLF1501,8,0.8,9,2022,5,16,23,SL,,,,
-32.602855,152.253677,SLF1501,13,0.8,9,2022,5,17,0,SL,,,,
-32.60152,152.251668,SLF1501,14,0.9,9,2022,5,17,1,SL,,,,
-32.590101,152.278218,SLF1501,0,1.1,8,2022,5,17,2,SL,,,,
-32.602111,152.263188,SLF1501,0,0.7,11,2022,5,17,3,SL,,,,
-32.604025,152.234705,SLF1501,23,0.8,10,2022,5,17,4,SL,,,,
-32.59946,152.245234,SLF1501,0,1,9,2022,5,17,5,SL,,,,
-32.599479,152.245234,SLF1501,7,0.8,10,2022,5,17,6,SL,,,,
-32.599524,152.245183,SLF1501,14,0.8,9,2022,5,17,7,SL,,,,
-32.599556,152.245183,SLF1501,14,0.8,10,2022,5,17,8,SL,,,,
-32.608011,152.232365,SLF1501,27,0.8,9,2022,5,17,9,SL,,,,
-32.604928,152.248107,SLF1501,16,1.2,7,2022,5,17,10,SL,,,,
-32.60508,152.248107,SLF1501,8,0.8,10,2022,5,17,11,SL,,,,
-32.605125,152.248057,SLF1501,0,0.8,9,2022,5,17,12,SL,,,,
-32.605157,152.248107,SLF1501,0,0.8,9,2022,5,17,13,SL,,,,
-32.605125,152.248082,SLF1501,0,1.2,7,2022,5,17,14,SL,,,,
-32.605087,152.248031,SLF1501,14,0.9,8,2022,5,17,15,SL,,,,
-32.606746,152.247599,SLF1501,1,0.9,9,2022,5,17,16,SL,,,,
-32.600929,152.268605,SLF1501,1,0.8,9,2022,5,17,17,SL,,,,
-32.600903,152.263214,SLF1501,0,0.7,11,2022,5,17,18,SL,,,,
-32.600846,152.263163,SLF1501,0,0.9,9,2022,5,17,19,SL,,,,
-32.601857,152.262552,SLF1501,5,0.7,11,2022,5,17,20,SL,,,,
-32.600865,152.262959,SLF1501,20,0.7,11,2022,5,17,21,SL,,,,
-32.60007,152.26418,SLF1501,0,0.8,9,2022,5,17,22,SL,,,,
-32.60009,152.264129,SLF1501,6,0.9,8,2022,5,17,23,SL,,,,
-32.600102,152.264129,SLF1501,12,0.8,9,2022,5,18,0,SL,,,,
-32.600121,152.264078,SLF1501,4,0.8,10,2022,5,18,1,SL,,,,
-32.59253,152.271708,SLF1501,0,0.8,9,2022,5,18,2,SL,,,,
-32.602925,152.245157,SLF1501,14,0.7,11,2022,5,18,3,SL,,,,
-32.605627,152.232976,SLF1501,16,0.8,10,2022,5,18,4,SL,,,,
-32.599524,152.245234,SLF1501,21,1.1,9,2022,5,18,5,SL,,,,
-32.599479,152.245234,SLF1501,25,0.9,8,2022,5,18,6,SL,,,,
-32.603383,152.248641,SLF1501,4,0.8,9,2022,5,18,7,SL,,,,
-32.598322,152.270741,SLF1501,3,0.8,10,2022,5,18,8,SL,,,,
-32.599683,152.267868,SLF1501,6,0.8,9,2022,5,18,9,SL,,,,
-32.599803,152.267257,SLF1501,0,0.9,9,2022,5,18,10,SL,,,,
-32.599918,152.267359,SLF1501,7,0.8,10,2022,5,18,11,SL,,,,
-32.599956,152.267308,SLF1501,0,0.8,9,2022,5,18,12,SL,,,,
-32.599918,152.267359,SLF1501,0,1.2,7,2022,5,18,13,SL,,,,
-32.599899,152.267283,SLF1501,5,1,8,2022,5,18,14,SL,,,,
-32.599937,152.267257,SLF1501,5,0.8,9,2022,5,18,15,SL,,,,
-32.601278,152.268376,SLF1501,2,0.9,9,2022,5,18,16,SL,,,,
-32.600058,152.265655,SLF1501,1,0.7,10,2022,5,18,17,SL,,,,
-32.600013,152.262502,SLF1501,1,0.8,10,2022,5,18,18,SL,,,,
-32.595366,152.25093,SLF1501,0,0.9,9,2022,5,18,19,SL,,,,
-32.604489,152.242894,SLF1501,18,0.9,9,2022,5,18,20,SL,,,,
-32.599823,152.246912,SLF1501,3,0.8,9,2022,5,18,21,SL,,,,
-32.599791,152.246912,SLF1501,13,0.8,9,2022,5,18,22,SL,,,,
-32.599803,152.246836,SLF1501,34,0.9,8,2022,5,18,23,SL,,,,
-32.599784,152.246861,SLF1501,12,0.9,8,2022,5,19,0,SL,,,,
-32.599746,152.246836,SLF1501,22,0.8,9,2022,5,19,1,SL,,,,
-32.599848,152.246988,SLF1501,0,0.8,9,2022,5,19,2,SL,,,,
-32.602709,152.245234,SLF1501,13,0.7,11,2022,5,19,3,SL,,,,
-32.600026,152.266087,SLF1501,17,0.8,10,2022,5,19,4,SL,,,,
-32.600045,152.266138,SLF1501,5,0.9,9,2022,5,19,5,SL,,,,
-32.599975,152.266164,SLF1501,18,0.7,11,2022,5,19,6,SL,,,,
-32.600007,152.266164,SLF1501,12,0.8,9,2022,5,19,7,SL,,,,
-32.600032,152.266087,SLF1501,0,0.8,10,2022,5,19,8,SL,,,,
-32.600096,152.266189,SLF1501,4,0.8,9,2022,5,19,9,SL,,,,
-32.600096,152.266215,SLF1501,24,1.1,9,2022,5,19,10,SL,,,,
-32.599918,152.266291,SLF1501,15,1,7,2022,5,19,11,SL,,,,
-32.599244,152.267105,SLF1501,0,0.8,9,2022,5,19,12,SL,,,,
-32.59918,152.267054,SLF1501,0,0.8,9,2022,5,19,13,SL,,,,
-32.59918,152.267334,SLF1501,2,0.8,9,2022,5,19,14,SL,,,,
-32.599988,152.267944,SLF1501,0,1.1,7,2022,5,19,15,SL,,,,
-32.600026,152.267969,SLF1501,5,0.9,9,2022,5,19,16,SL,,,,
-32.599734,152.267334,SLF1501,17,0.7,10,2022,5,19,17,SL,,,,
-32.577335,152.289408,SLF1501,1,0.8,9,2022,5,19,18,SL,,,,
-32.543193,152.31016,SLF1501,0,1,9,2022,5,19,19,SL,,,,
-32.576585,152.294011,SLF1501,5,0.9,10,2022,5,19,20,SL,,,,
-32.594546,152.264205,SLF1501,13,0.7,10,2022,5,19,21,SL,,,,
-32.604979,152.241622,SLF1501,26,1,7,2022,5,19,22,SL,,,,
-32.604572,152.241775,SLF1501,0,0.9,8,2022,5,19,23,SL,,,,
-32.601488,152.246226,SLF1501,25,0.8,9,2022,5,20,0,SL,,,,
-32.591831,152.255966,SLF1501,0,0.8,10,2022,5,20,1,SL,,,,
-32.593516,152.268274,SLF1501,8,0.8,9,2022,5,20,2,SL,,,,
-32.593376,152.266316,SLF1501,6,0.7,11,2022,5,20,3,SL,,,,
-32.595569,152.282872,SLF1501,3,0.8,9,2022,5,20,4,SL,,,,
-32.590356,152.285848,SLF1501,1,1.1,8,2022,5,20,5,SL,,,,
-32.590337,152.285924,SLF1501,5,0.8,9,2022,5,20,6,SL,,,,
-32.590127,152.286458,SLF1501,16,1.1,7,2022,5,20,7,SL,,,,
-32.590165,152.286331,SLF1501,4,0.9,8,2022,5,20,8,SL,,,,
-32.590178,152.286356,SLF1501,11,0.8,9,2022,5,20,9,SL,,,,
-32.566393,152.298258,SLF1501,12,0.8,10,2022,5,20,10,SL,,,,
-32.562222,152.300649,SLF1501,10,0.7,11,2022,5,20,11,SL,,,,
-32.559062,152.302098,SLF1501,0,0.8,9,2022,5,20,12,SL,,,,
-32.558929,152.302124,SLF1501,6,1,7,2022,5,20,13,SL,,,,
-32.558954,152.302149,SLF1501,0,0.8,9,2022,5,20,14,SL,,,,
-32.558999,152.302149,SLF1501,1,0.8,9,2022,5,20,15,SL,,,,
-32.562521,152.30047,SLF1501,6,0.9,9,2022,5,20,16,SL,,,,
-32.568879,152.297546,SLF1501,2,0.7,11,2022,5,20,17,SL,,,,
-32.59246,152.271809,SLF1501,3,0.7,10,2022,5,20,18,SL,,,,
-32.60599,152.250651,SLF1501,0,0.9,9,2022,5,20,19,SL,,,,
-32.605201,152.251439,SLF1501,9,0.8,10,2022,5,20,20,SL,,,,
-32.607598,152.232111,SLF1501,8,0.7,11,2022,5,20,21,SL,,,,
-32.604839,152.253957,SLF1501,0,0.9,8,2022,5,20,22,SL,,,,
-32.604877,152.253168,SLF1501,3,0.9,8,2022,5,20,23,SL,,,,
-32.593179,152.282618,SLF1501,10,0.8,9,2022,5,21,0,SL,,,,
-32.596682,152.25711,SLF1501,16,0.9,9,2022,5,21,1,SL,,,,
-32.604743,152.253092,SLF1501,8,0.8,10,2022,5,21,2,SL,,,,
-32.603625,152.253041,SLF1501,3,0.8,10,2022,5,21,3,SL,,,,
-32.602957,152.253423,SLF1501,10,0.8,9,2022,5,21,4,SL,,,,
-32.602919,152.253423,SLF1501,8,1,8,2022,5,21,5,SL,,,,
-32.602874,152.253448,SLF1501,17,0.7,10,2022,5,21,6,SL,,,,
-32.604902,152.25355,SLF1501,4,1.1,8,2022,5,21,7,SL,,,,
-32.605589,152.251464,SLF1501,7,0.8,9,2022,5,21,8,SL,,,,
-32.600064,152.267868,SLF1501,17,1.6,5,2022,5,21,10,SL,,,,
-32.60002,152.26802,SLF1501,32,2.4,5,2022,5,21,11,SL,,,,
-32.600706,152.267918,SLF1501,12,0.9,8,2022,5,21,12,SL,,,,
-32.600077,152.267893,SLF1501,18,1.4,6,2022,5,21,13,SL,,,,
-32.60009,152.267893,SLF1501,31,1.5,5,2022,5,21,14,SL,,,,
-32.600039,152.267918,SLF1501,19,1,7,2022,5,21,15,SL,,,,
-32.600121,152.267918,SLF1501,9,1,7,2022,5,21,16,SL,,,,
-32.598818,152.26863,SLF1501,11,0.8,10,2022,5,21,17,SL,,,,
-32.601037,152.268249,SLF1501,10,0.8,10,2022,5,21,18,SL,,,,
-32.598449,152.267384,SLF1501,4,1,9,2022,5,21,19,SL,,,,
-32.599104,152.268554,SLF1501,8,0.9,8,2022,5,21,20,SL,,,,
-32.600045,152.267842,SLF1501,8,0.8,9,2022,5,21,21,SL,,,,
-32.600032,152.267918,SLF1501,0,1.2,6,2022,5,21,22,SL,,,,
-32.600566,152.267384,SLF1501,2,0.9,8,2022,5,21,23,SL,,,,
-32.609989,152.233281,SLF1501,15,0.8,9,2022,5,22,0,SL,,,,
-32.608552,152.232569,SLF1501,8,1.2,7,2022,5,22,1,SL,,,,
-32.602251,152.245564,SLF1501,16,0.7,11,2022,5,22,2,SL,,,,
-32.596059,152.268681,SLF1501,11,0.7,11,2022,5,22,3,SL,,,,
-32.599219,152.265808,SLF1501,19,0.8,10,2022,5,22,4,SL,,,,
-32.599231,152.265731,SLF1501,0,0.7,11,2022,5,22,5,SL,,,,
-32.599212,152.26568,SLF1501,13,0.7,11,2022,5,22,6,SL,,,,
-32.599231,152.265706,SLF1501,12,0.9,8,2022,5,22,7,SL,,,,
-32.600179,152.267995,SLF1501,10,0.9,10,2022,5,22,8,SL,,,,
-32.599988,152.267868,SLF1501,18,1,8,2022,5,22,9,SL,,,,
-32.600051,152.267893,SLF1501,22,0.8,10,2022,5,22,10,SL,,,,
-32.600039,152.267868,SLF1501,18,0.9,8,2022,5,22,11,SL,,,,
-32.59981,152.267359,SLF1501,4,0.8,9,2022,5,22,12,SL,,,,
-32.599994,152.266723,SLF1501,20,0.8,9,2022,5,22,13,SL,,,,
-32.600013,152.266876,SLF1501,0,0.9,9,2022,5,22,14,SL,,,,
-32.601011,152.268478,SLF1501,14,0.7,10,2022,5,22,15,SL,,,,
-32.600649,152.267969,SLF1501,11,0.9,9,2022,5,22,16,SL,,,,
-32.593045,152.285568,SLF1501,14,0.6,12,2022,5,22,17,SL,,,,
-32.592784,152.285568,SLF1501,10,0.7,11,2022,5,22,18,SL,,,,
-32.590012,152.283508,SLF1501,13,1,9,2022,5,22,19,SL,,,,
-32.593382,152.282236,SLF1501,11,0.8,10,2022,5,22,20,SL,,,,
-32.590966,152.266113,SLF1501,5,0.8,9,2022,5,22,21,SL,,,,
-32.604489,152.243021,SLF1501,21,0.9,8,2022,5,22,22,SL,,,,
-32.602715,152.237147,SLF1501,21,0.7,10,2022,5,22,23,SL,,,,
-32.592931,152.259323,SLF1501,25,0.8,9,2022,5,23,0,SL,,,,
-32.599085,152.266189,SLF1501,0,1.2,7,2022,5,23,1,SL,,,,
-32.591551,152.267969,SLF1501,5,1,8,2022,5,23,2,SL,,,,
-32.578873,152.292383,SLF1501,9,0.8,10,2022,5,23,3,SL,,,,
-32.578854,152.292383,SLF1501,15,0.9,9,2022,5,23,4,SL,,,,
-32.578835,152.292383,SLF1501,16,0.9,9,2022,5,23,5,SL,,,,
-32.579032,152.292409,SLF1501,21,0.9,8,2022,5,23,6,SL,,,,
-32.578873,152.292409,SLF1501,10,0.9,8,2022,5,23,7,SL,,,,
-32.576178,152.291417,SLF1501,1,1.2,7,2022,5,23,8,SL,,,,
-32.578734,152.292205,SLF1501,23,1,7,2022,5,23,9,SL,,,,
-32.578931,152.291671,SLF1501,24,1.2,8,2022,5,23,10,SL,,,,
-32.57914,152.291442,SLF1501,16,1,8,2022,5,23,11,SL,,,,
-32.57914,152.291417,SLF1501,9,0.8,9,2022,5,23,12,SL,,,,
-32.579128,152.291468,SLF1501,13,0.8,9,2022,5,23,13,SL,,,,
-32.579121,152.291417,SLF1501,11,0.8,10,2022,5,23,14,SL,,,,
-32.579153,152.291417,SLF1501,18,0.9,9,2022,5,23,15,SL,,,,
-32.579077,152.291442,SLF1501,24,0.9,8,2022,5,23,16,SL,,,,
-32.585804,152.289611,SLF1501,12,0.7,11,2022,5,23,17,SL,,,,
-32.601476,152.268325,SLF1501,10,0.8,10,2022,5,23,18,SL,,,,
-32.607713,152.232518,SLF1501,28,1.1,8,2022,5,23,19,SL,,,,
-32.60777,152.232391,SLF1501,6,1.1,8,2022,5,23,20,SL,,,,
-32.608132,152.232289,SLF1501,0,0.8,9,2022,5,23,21,SL,,,,
-32.611324,152.231297,SLF1501,12,1,8,2022,5,23,22,SL,,,,
-32.602461,152.23796,SLF1501,20,0.7,10,2022,5,23,23,SL,,,,
-32.590845,152.273412,SLF1501,12,0.8,9,2022,5,24,0,SL,,,,
-32.599803,152.267232,SLF1501,0,1.9,6,2022,5,24,1,SL,,,,
-32.59988,152.267308,SLF1501,0,0.7,11,2022,5,24,2,SL,,,,
-32.599842,152.267384,SLF1501,11,0.7,10,2022,5,24,3,SL,,,,
-32.599867,152.26741,SLF1501,11,1,9,2022,5,24,4,SL,,,,
-32.598589,152.250778,SLF1501,21,0.7,11,2022,5,24,5,SL,,,,
-32.607783,152.232543,SLF1501,32,0.8,10,2022,5,24,6,SL,,,,
-32.603586,152.250295,SLF1501,9,0.9,9,2022,5,24,7,SL,,,,
-32.601348,152.260899,SLF1501,10,0.8,10,2022,5,24,8,SL,,,,
-32.600395,152.26741,SLF1501,12,0.8,10,2022,5,24,9,SL,,,,
-32.600083,152.267232,SLF1501,23,1,8,2022,5,24,10,SL,,,,
-32.600115,152.267206,SLF1501,11,0.8,9,2022,5,24,11,SL,,,,
-32.600134,152.267232,SLF1501,15,0.8,9,2022,5,24,12,SL,,,,
-32.600477,152.26741,SLF1501,17,0.9,9,2022,5,24,13,SL,,,,
-32.599873,152.267232,SLF1501,20,0.8,10,2022,5,24,14,SL,,,,
-32.599937,152.267181,SLF1501,14,0.8,9,2022,5,24,15,SL,,,,
-32.60276,152.26863,SLF1501,11,1.1,8,2022,5,24,16,SL,,,,
-32.60955,152.233484,SLF1501,20,0.6,12,2022,5,24,17,SL,,,,
-32.605526,152.230204,SLF1501,13,0.9,10,2022,5,24,18,SL,,,,
-32.59892,152.245234,SLF1501,9,1,9,2022,5,24,19,SL,,,,
-32.590782,152.25561,SLF1501,14,0.8,10,2022,5,24,20,SL,,,,
-32.602181,152.238825,SLF1501,13,0.8,9,2022,5,24,21,SL,,,,
-32.603758,152.236104,SLF1501,31,1.1,6,2022,5,24,22,SL,,,,
-32.607662,152.232594,SLF1501,66,0.9,8,2022,5,24,23,SL,,,,
-32.607738,152.232569,SLF1501,33,0.9,8,2022,5,25,0,SL,,,,
-32.607744,152.232543,SLF1501,0,1.1,8,2022,5,25,1,SL,,,,
-32.607738,152.232645,SLF1501,43,0.8,10,2022,5,25,2,SL,,,,
-32.608628,152.232569,SLF1501,9,0.9,8,2022,5,25,3,SL,,,,
-32.608571,152.232569,SLF1501,21,0.8,9,2022,5,25,4,SL,,,,
-32.608539,152.232569,SLF1501,27,1,8,2022,5,25,5,SL,,,,
-32.608615,152.232569,SLF1501,12,0.9,9,2022,5,25,6,SL,,,,
-32.608584,152.232518,SLF1501,18,0.9,9,2022,5,25,7,SL,,,,
-32.608577,152.232569,SLF1501,15,0.8,10,2022,5,25,8,SL,,,,
-32.60852,152.232518,SLF1501,28,0.9,9,2022,5,25,9,SL,,,,
-32.608482,152.232594,SLF1501,21,1.3,7,2022,5,25,10,SL,,,,
-32.608577,152.232569,SLF1501,6,0.9,8,2022,5,25,11,SL,,,,
-32.608577,152.232467,SLF1501,24,1,7,2022,5,25,12,SL,,,,
-32.613835,152.231043,SLF1501,18,0.9,8,2022,5,25,13,SL,,,,
-32.617287,152.210952,SLF1501,20,0.9,9,2022,5,25,14,SL,,,,
-32.614592,152.214157,SLF1501,16,0.9,8,2022,5,25,15,SL,,,,
-32.608609,152.232238,SLF1501,20,0.9,9,2022,5,25,16,SL,,,,
-32.608615,152.232315,SLF1501,21,0.8,10,2022,5,25,17,SL,,,,
-32.608571,152.232391,SLF1501,0,0.9,9,2022,5,25,18,SL,,,,
-32.60859,152.232518,SLF1501,20,1.1,8,2022,5,25,19,SL,,,,
-32.608545,152.232543,SLF1501,28,0.8,10,2022,5,25,20,SL,,,,
-32.605971,152.238494,SLF1501,20,0.8,9,2022,5,25,21,SL,,,,
-32.590216,152.276489,SLF1501,0,0.9,8,2022,5,25,22,SL,,,,
-32.550804,152.30576,SLF1501,10,0.9,8,2022,5,25,23,SL,,,,
-32.549163,152.307006,SLF1501,10,1,9,2022,5,26,0,SL,,,,
-32.590343,152.278676,SLF1501,0,1.5,7,2022,5,26,1,SL,,,,
-32.594565,152.254872,SLF1501,12,0.8,10,2022,5,26,2,SL,,,,
-32.607713,152.232518,SLF1501,19,0.7,11,2022,5,26,3,SL,,,,
-32.607833,152.232391,SLF1501,50,0.8,10,2022,5,26,4,SL,,,,
-32.607605,152.23262,SLF1501,113,0.9,9,2022,5,26,5,SL,,,,
-32.607884,152.232416,SLF1501,0,0.9,8,2022,5,26,6,SL,,,,
-32.608507,152.232518,SLF1501,14,0.9,9,2022,5,26,7,SL,,,,
-32.608545,152.232569,SLF1501,16,0.9,8,2022,5,26,8,SL,,,,
-32.608584,152.23206,SLF1501,25,1,9,2022,5,26,9,SL,,,,
-32.608755,152.231959,SLF1501,31,0.8,10,2022,5,26,10,SL,,,,
-32.608571,152.232518,SLF1501,22,0.8,10,2022,5,26,11,SL,,,,
-32.60852,152.232518,SLF1501,20,1,7,2022,5,26,12,SL,,,,
-32.60852,152.232518,SLF1501,23,1.3,6,2022,5,26,13,SL,,,,
-32.608609,152.232518,SLF1501,0,1.3,7,2022,5,26,14,SL,,,,
-32.608615,152.232543,SLF1501,18,0.8,9,2022,5,26,15,SL,,,,
-32.60873,152.231882,SLF1501,20,0.9,9,2022,5,26,16,SL,,,,
-32.618019,152.226821,SLF1501,11,0.8,10,2022,5,26,17,SL,,,,
-32.608641,152.23234,SLF1501,19,0.7,11,2022,5,26,18,SL,,,,
-32.608565,152.232365,SLF1501,5,1,9,2022,5,26,19,SL,,,,
-32.608628,152.232391,SLF1501,17,0.9,8,2022,5,26,20,SL,,,,
-32.607426,152.245971,SLF1501,11,0.7,11,2022,5,26,21,SL,,,,
-32.607598,152.246047,SLF1501,4,0.9,9,2022,5,26,22,SL,,,,
-32.601514,152.246505,SLF1501,28,0.8,10,2022,5,26,23,SL,,,,
-32.606142,152.248285,SLF1501,7,0.8,10,2022,5,27,0,SL,,,,
-32.601221,152.268452,SLF1501,0,1.1,9,2022,5,27,1,SL,,,,
-32.600547,152.264434,SLF1501,8,0.7,11,2022,5,27,2,SL,,,,
-32.602804,152.245208,SLF1501,23,0.8,11,2022,5,27,3,SL,,,,
-32.595245,152.271301,SLF1501,12,1.1,9,2022,5,27,4,SL,,,,
-32.595207,152.271352,SLF1501,15,0.7,11,2022,5,27,5,SL,,,,
-32.595251,152.271301,SLF1501,14,0.8,10,2022,5,27,6,SL,,,,
-32.596243,152.271275,SLF1501,27,0.7,10,2022,5,27,7,SL,,,,
-32.598875,152.269571,SLF1501,7,0.8,10,2022,5,27,8,SL,,,,
-32.593802,152.268427,SLF1501,24,0.8,11,2022,5,27,9,SL,,,,
-32.595957,152.271174,SLF1501,23,0.9,9,2022,5,27,10,SL,,,,
-32.594565,152.271708,SLF1501,29,0.8,10,2022,5,27,11,SL,,,,
-32.591723,152.270792,SLF1501,2,0.8,9,2022,5,27,12,SL,,,,
-32.592454,152.271199,SLF1501,8,1.3,6,2022,5,27,13,SL,,,,
-32.59246,152.271174,SLF1501,0,1.2,6,2022,5,27,14,SL,,,,
-32.592352,152.271224,SLF1501,27,1.7,7,2022,5,27,15,SL,,,,
-32.592479,152.271377,SLF1501,27,1.7,5,2022,5,27,16,SL,,,,
-32.599969,152.266545,SLF1501,4,0.7,10,2022,5,27,17,SL,,,,
-32.599931,152.266494,SLF1501,8,0.7,11,2022,5,27,18,SL,,,,
-32.599962,152.266469,SLF1501,11,0.8,10,2022,5,27,19,SL,,,,
-32.599263,152.265477,SLF1501,5,0.8,9,2022,5,27,20,SL,,,,
-32.600764,152.267817,SLF1501,0,0.7,11,2022,5,27,21,SL,,,,
-32.595715,152.268046,SLF1501,9,0.9,9,2022,5,27,22,SL,,,,
-32.594304,152.273437,SLF1501,17,0.8,10,2022,5,27,23,SL,,,,
-32.600941,152.266443,SLF1501,11,0.8,10,2022,5,28,0,SL,,,,
-32.599638,152.269393,SLF1501,0,1,9,2022,5,28,1,SL,,,,
-32.593617,152.268249,SLF1501,14,0.7,12,2022,5,28,2,SL,,,,
-32.600115,152.266698,SLF1501,0,0.7,11,2022,5,28,3,SL,,,,
-32.600032,152.266672,SLF1501,18,1,9,2022,5,28,4,SL,,,,
-32.600058,152.266672,SLF1501,9,0.8,10,2022,5,28,5,SL,,,,
-32.600058,152.266698,SLF1501,0,0.8,10,2022,5,28,6,SL,,,,
-32.600496,152.266698,SLF1501,5,0.7,10,2022,5,28,7,SL,,,,
-32.594711,152.271377,SLF1501,24,0.8,10,2022,5,28,8,SL,,,,
-32.594673,152.271352,SLF1501,31,1,9,2022,5,28,9,SL,,,,
-32.594704,152.271301,SLF1501,32,0.8,9,2022,5,28,10,SL,,,,
-32.601139,152.267283,SLF1501,11,0.8,10,2022,5,28,11,SL,,,,
-32.599797,152.267842,SLF1501,12,0.8,9,2022,5,28,12,SL,,,,
-32.60152,152.268071,SLF1501,15,1,8,2022,5,28,13,SL,,,,
-32.600897,152.268071,SLF1501,16,0.8,9,2022,5,28,14,SL,,,,
-32.601266,152.267181,SLF1501,15,0.7,10,2022,5,28,15,SL,,,,
-32.592943,152.271377,SLF1501,15,0.8,9,2022,5,28,16,SL,,,,
-32.601094,152.268351,SLF1501,24,0.7,11,2022,5,28,17,SL,,,,
-32.606479,152.245183,SLF1501,4,0.8,10,2022,5,28,18,SL,,,,
-32.604966,152.246887,SLF1501,6,0.8,10,2022,5,28,19,SL,,,,
-32.607833,152.232645,SLF1501,9,0.8,10,2022,5,28,20,SL,,,,
-32.60852,152.232543,SLF1501,38,0.8,10,2022,5,28,21,SL,,,,
-32.608501,152.232594,SLF1501,1,0.9,9,2022,5,28,22,SL,,,,
-32.607357,152.231196,SLF1501,19,0.8,10,2022,5,28,23,SL,,,,
-32.608565,152.232518,SLF1501,27,0.9,10,2022,5,29,0,SL,,,,
-32.60831,152.232645,SLF1501,3,1.1,8,2022,5,29,1,SL,,,,
-32.608501,152.232721,SLF1501,30,0.7,12,2022,5,29,2,SL,,,,
-32.608577,152.232543,SLF1501,32,0.8,9,2022,5,29,3,SL,,,,
-32.601387,152.246404,SLF1501,26,0.9,10,2022,5,29,4,SL,,,,
-32.604578,152.248336,SLF1501,0,0.8,10,2022,5,29,5,SL,,,,
-32.604559,152.248311,SLF1501,0,0.8,10,2022,5,29,6,SL,,,,
-32.608615,152.232569,SLF1501,12,1,8,2022,5,29,7,SL,,,,
-32.608571,152.232518,SLF1501,19,1,8,2022,5,29,8,SL,,,,
-32.608565,152.232442,SLF1501,29,1.1,7,2022,5,29,9,SL,,,,
-32.608177,152.232569,SLF1501,37,0.9,9,2022,5,29,10,SL,,,,
-32.607808,152.231908,SLF1501,0,0.8,10,2022,5,29,11,SL,,,,
-32.608031,152.232569,SLF1501,1,0.9,8,2022,5,29,12,SL,,,,
-32.608018,152.232594,SLF1501,40,1.1,7,2022,5,29,13,SL,,,,
-32.608215,152.232213,SLF1501,1,0.8,9,2022,5,29,14,SL,,,,
-32.608698,152.232569,SLF1501,18,1.7,7,2022,5,29,15,SL,,,,
-32.608577,152.232645,SLF1501,17,0.8,9,2022,5,29,16,SL,,,,
-32.608743,152.232467,SLF1501,0,1.3,6,2022,5,29,17,SL,,,,
-32.608539,152.232467,SLF1501,21,0.9,9,2022,5,29,18,SL,,,,
-32.591615,152.267435,SLF1501,3,0.8,10,2022,5,29,19,SL,,,,
-32.59932,152.265401,SLF1501,0,0.7,10,2022,5,29,20,SL,,,,
-32.599263,152.265502,SLF1501,2,0.8,10,2022,5,29,21,SL,,,,
-32.599238,152.265477,SLF1501,0,0.8,10,2022,5,29,22,SL,,,,
-32.608526,152.239486,SLF1501,14,0.8,10,2022,5,29,23,SL,,,,
-32.608151,152.232111,SLF1501,22,0.9,10,2022,5,30,0,SL,,,,
-32.607783,152.232645,SLF1501,7,1,9,2022,5,30,1,SL,,,,
-32.608202,152.232289,SLF1501,18,0.7,12,2022,5,30,2,SL,,,,
-32.607999,152.232289,SLF1501,31,0.7,10,2022,5,30,3,SL,,,,
-32.602397,152.236765,SLF1501,13,0.9,10,2022,5,30,4,SL,,,,
-32.593961,152.253677,SLF1501,0,0.8,10,2022,5,30,5,SL,,,,
-32.594126,152.253626,SLF1501,0,0.8,9,2022,5,30,6,SL,,,,
-32.594005,152.253702,SLF1501,16,1.8,6,2022,5,30,8,SL,,,,
-32.594126,152.253626,SLF1501,12,1.3,6,2022,5,30,9,SL,,,,
-32.594024,152.253626,SLF1501,13,1,8,2022,5,30,10,SL,,,,
-32.594151,152.253626,SLF1501,0,1,7,2022,5,30,11,SL,,,,
-32.582828,152.277023,SLF1501,5,1.5,4,2022,5,30,12,SL,,,,
-32.575269,152.291417,SLF1501,27,1.9,4,2022,5,30,13,SL,,,,
-32.543975,152.30665,SLF1501,2,1.1,7,2022,5,30,14,SL,,,,
-32.543874,152.315755,SLF1501,8,0.9,8,2022,5,30,15,SL,,,,
-32.596783,152.276133,SLF1501,7,0.8,9,2022,5,30,16,SL,,,,
-32.595404,152.254236,SLF1501,29,0.9,9,2022,5,30,17,SL,,,,
-32.59527,152.252482,SLF1501,9,1,9,2022,5,30,18,SL,,,,
-32.598646,152.246582,SLF1501,9,1.2,7,2022,5,30,19,SL,,,,
-32.608005,152.23234,SLF1501,0,1.3,6,2022,5,30,20,SL,,,,
-32.60784,152.232365,SLF1501,30,1,8,2022,5,30,21,SL,,,,
-32.60763,152.232518,SLF1501,0,1.1,8,2022,5,30,22,SL,,,,
-32.608685,152.232849,SLF1501,18,1.3,7,2022,5,30,23,SL,,,,
-32.608628,152.232772,SLF1501,4,1,8,2022,5,31,0,SL,,,,
-32.608647,152.23295,SLF1501,21,0.9,8,2022,5,31,1,SL,,,,
-32.607109,152.232721,SLF1501,28,0.7,11,2022,5,31,2,SL,,,,
-32.607147,152.232671,SLF1501,9,0.8,9,2022,5,31,3,SL,,,,
-32.607128,152.232772,SLF1501,2,0.9,10,2022,5,31,4,SL,,,,
-32.607172,152.232747,SLF1501,17,0.8,10,2022,5,31,5,SL,,,,
-32.603466,152.2359,SLF1501,3,0.8,10,2022,5,31,6,SL,,,,
-32.603949,152.235315,SLF1501,0,0.7,10,2022,5,31,7,SL,,,,
-32.603949,152.235366,SLF1501,0,0.8,9,2022,5,31,8,SL,,,,
-32.593694,152.263137,SLF1501,69,1.5,7,2022,5,31,9,SL,,,,
-32.592746,152.265375,SLF1501,0,1.9,6,2022,5,31,10,SL,,,,
-32.593236,152.265121,SLF1501,0,0.9,7,2022,5,31,11,SL,,,,
-32.593001,152.265019,SLF1501,10,1.7,5,2022,5,31,13,SL,,,,
-32.59295,152.265096,SLF1501,5,1.2,5,2022,5,31,14,SL,,,,
-32.599441,152.267817,SLF1501,0,1.5,6,2022,5,31,15,SL,,,,
-32.601056,152.268376,SLF1501,12,0.9,8,2022,5,31,16,SL,,,,
-32.598862,152.269546,SLF1501,8,0.8,10,2022,5,31,17,SL,,,,
-32.599918,152.26418,SLF1501,0,0.8,10,2022,5,31,18,SL,,,,
-32.599969,152.264205,SLF1501,2,0.8,10,2022,5,31,19,SL,,,,
-32.599988,152.264231,SLF1501,0,0.7,11,2022,5,31,20,SL,,,,
-32.599988,152.264282,SLF1501,0,0.8,10,2022,5,31,21,SL,,,,
-32.605347,152.252227,SLF1501,5,0.8,10,2022,5,31,22,SL,,,,
-32.608075,152.224558,SLF1501,12,0.8,10,2022,5,31,23,SL,,,,
-32.608558,152.232569,SLF1501,20,1.1,8,2022,6,1,0,SL,,,,
-32.607388,152.232823,SLF1501,17,0.8,10,2022,6,1,1,SL,,,,
-32.60714,152.232798,SLF1501,19,0.7,11,2022,6,1,2,SL,,,,
-32.60709,152.232721,SLF1501,12,0.8,10,2022,6,1,3,SL,,,,
-32.607096,152.232721,SLF1501,11,0.9,10,2022,6,1,4,SL,,,,
-32.607096,152.232721,SLF1501,31,0.8,10,2022,6,1,5,SL,,,,
-32.607115,152.232671,SLF1501,0,1.2,7,2022,6,1,6,SL,,,,
-32.607274,152.232467,SLF1501,0,1.4,7,2022,6,1,7,SL,,,,
-32.615081,152.21291,SLF1501,34,0.8,9,2022,6,1,8,SL,,,,
-32.600827,152.236969,SLF1501,18,1,9,2022,6,1,9,SL,,,,
-32.60433,152.234629,SLF1501,20,0.7,11,2022,6,1,10,SL,,,,
-32.608622,152.232543,SLF1501,0,0.8,9,2022,6,1,11,SL,,,,
-32.608565,152.232518,SLF1501,23,0.9,8,2022,6,1,12,SL,,,,
-32.608609,152.232543,SLF1501,0,1,8,2022,6,1,13,SL,,,,
-32.608577,152.232543,SLF1501,18,0.9,8,2022,6,1,14,SL,,,,
-32.608584,152.232543,SLF1501,19,0.9,9,2022,6,1,15,SL,,,,
-32.608069,152.23234,SLF1501,6,0.8,9,2022,6,1,16,SL,,,,
-32.595881,152.267054,SLF1501,27,0.7,12,2022,6,1,17,SL,,,,
-32.5959,152.254821,SLF1501,0,0.9,9,2022,6,1,18,SL,,,,
-32.595194,152.252227,SLF1501,0,0.9,9,2022,6,1,19,SL,,,,
-32.608596,152.232543,SLF1501,11,0.7,10,2022,6,1,20,SL,,,,
-32.608552,152.232467,SLF1501,24,0.8,10,2022,6,1,21,SL,,,,
-32.608495,152.232569,SLF1501,21,1.1,8,2022,6,1,22,SL,,,,
-32.603993,152.234629,SLF1501,25,0.8,10,2022,6,1,23,SL,,,,
-32.593039,152.259526,SLF1501,6,0.8,11,2022,6,2,0,SL,,,,
-32.591551,152.267893,SLF1501,0,0.9,8,2022,6,2,1,SL,,,,
-32.607401,152.246047,SLF1501,3,0.7,11,2022,6,2,2,SL,,,,
-32.599467,152.242894,SLF1501,22,0.8,9,2022,6,2,3,SL,,,,
-32.599454,152.242843,SLF1501,25,0.9,10,2022,6,2,4,SL,,,,
-32.599422,152.243021,SLF1501,31,0.8,10,2022,6,2,5,SL,,,,
-32.599638,152.242614,SLF1501,0,1.2,7,2022,6,2,6,SL,,,,
-32.599613,152.243021,SLF1501,25,0.8,9,2022,6,2,7,SL,,,,
-32.599549,152.242894,SLF1501,15,1,8,2022,6,2,8,SL,,,,
-32.599161,152.245564,SLF1501,7,0.9,9,2022,6,2,9,SL,,,,
-32.599231,152.24559,SLF1501,13,0.9,9,2022,6,2,10,SL,,,,
-32.59918,152.245641,SLF1501,21,0.8,9,2022,6,2,11,SL,,,,
-32.599219,152.245539,SLF1501,22,1.9,6,2022,6,2,12,SL,,,,
-32.599193,152.245513,SLF1501,32,1.2,7,2022,6,2,13,SL,,,,
-32.599193,152.245564,SLF1501,7,0.9,8,2022,6,2,14,SL,,,,
-32.599187,152.245615,SLF1501,6,0.9,9,2022,6,2,15,SL,,,,
-32.599225,152.245641,SLF1501,8,1,7,2022,6,2,16,SL,,,,
-32.59967,152.242945,SLF1501,0,0.8,10,2022,6,2,17,SL,,,,
-32.601628,152.241088,SLF1501,0,0.9,9,2022,6,2,18,SL,,,,
-32.601399,152.241088,SLF1501,12,0.9,9,2022,6,2,19,SL,,,,
-32.608609,152.232543,SLF1501,18,0.8,11,2022,6,2,20,SL,,,,
-32.608596,152.23262,SLF1501,14,0.8,9,2022,6,2,21,SL,,,,
-32.604209,152.249023,SLF1501,2,1.2,8,2022,6,2,22,SL,,,,
-32.604095,152.248972,SLF1501,11,0.8,10,2022,6,2,23,SL,,,,
-32.601863,152.253957,SLF1501,0,0.8,11,2022,6,3,0,SL,,,,
-32.601844,152.238113,SLF1501,10,0.8,10,2022,6,3,1,SL,,,,
-32.601895,152.238215,SLF1501,26,0.7,12,2022,6,3,2,SL,,,,
-32.602404,152.233357,SLF1501,31,0.8,10,2022,6,3,3,SL,,,,
-32.604381,152.230433,SLF1501,0,1,8,2022,6,3,4,SL,,,,
-32.603828,152.231094,SLF1501,31,0.8,10,2022,6,3,5,SL,,,,
-32.604063,152.231196,SLF1501,29,1,8,2022,6,3,6,SL,,,,
-32.603885,152.231246,SLF1501,0,0.8,9,2022,6,3,7,SL,,,,
-32.603866,152.231221,SLF1501,22,0.8,9,2022,6,3,8,SL,,,,
-32.604019,152.231272,SLF1501,21,0.8,10,2022,6,3,9,SL,,,,
-32.603739,152.231272,SLF1501,6,0.9,9,2022,6,3,10,SL,,,,
-32.608584,152.232543,SLF1501,16,0.8,9,2022,6,3,11,SL,,,,
-32.608507,152.232467,SLF1501,21,1.1,7,2022,6,3,12,SL,,,,
-32.608565,152.232416,SLF1501,28,1.2,7,2022,6,3,13,SL,,,,
-32.608577,152.232518,SLF1501,16,0.9,8,2022,6,3,14,SL,,,,
-32.608539,152.232518,SLF1501,14,0.9,9,2022,6,3,15,SL,,,,
-32.608565,152.232416,SLF1501,14,0.9,9,2022,6,3,16,SL,,,,
-32.602092,152.238494,SLF1501,21,0.8,10,2022,6,3,17,SL,,,,
-32.602041,152.238367,SLF1501,46,1,8,2022,6,3,18,SL,,,,
-32.602105,152.238444,SLF1501,30,0.8,9,2022,6,3,19,SL,,,,
-32.602219,152.238418,SLF1501,3,0.8,10,2022,6,3,20,SL,,,,
-32.602041,152.238571,SLF1501,5,1,7,2022,6,3,21,SL,,,,
-32.596783,152.248107,SLF1501,1,0.9,9,2022,6,3,22,SL,,,,
-32.604858,152.253295,SLF1501,8,0.8,10,2022,6,3,23,SL,,,,
-32.60817,152.232365,SLF1501,118,1.1,8,2022,6,4,0,SL,,,,
-32.607681,152.232696,SLF1501,63,1.1,6,2022,6,4,1,SL,,,,
-32.607852,152.232518,SLF1501,22,0.7,10,2022,6,4,2,SL,,,,
-32.607897,152.23262,SLF1501,12,0.8,8,2022,6,4,3,SL,,,,
-32.607744,152.232518,SLF1501,70,0.9,9,2022,6,4,4,SL,,,,
-32.607973,152.232569,SLF1501,21,0.8,10,2022,6,4,5,SL,,,,
-32.607789,152.232594,SLF1501,0,0.9,9,2022,6,4,6,SL,,,,
-32.605843,152.232823,SLF1501,4,0.8,10,2022,6,4,7,SL,,,,
-32.608469,152.232264,SLF1501,44,1,8,2022,6,4,8,SL,,,,
-32.608584,152.232467,SLF1501,25,0.8,10,2022,6,4,9,SL,,,,
-32.608545,152.232543,SLF1501,40,0.8,9,2022,6,4,10,SL,,,,
-32.608647,152.232416,SLF1501,14,0.8,9,2022,6,4,11,SL,,,,
-32.608558,152.232594,SLF1501,12,0.8,9,2022,6,4,12,SL,,,,
-32.608647,152.232645,SLF1501,0,1.2,7,2022,6,4,13,SL,,,,
-32.60798,152.23234,SLF1501,28,0.8,9,2022,6,4,14,SL,,,,
-32.607941,152.232289,SLF1501,2,0.9,9,2022,6,4,15,SL,,,,
-32.600159,152.242385,SLF1501,19,0.8,10,2022,6,4,16,SL,,,,
-32.609906,152.24119,SLF1501,5,0.7,11,2022,6,4,17,SL,,,,
-32.608456,152.232416,SLF1501,20,0.9,9,2022,6,4,18,SL,,,,
-32.607426,152.232747,SLF1501,9,1.3,7,2022,6,4,19,SL,,,,
-32.607859,152.232238,SLF1501,9,0.6,12,2022,6,4,20,SL,,,,
-32.608577,152.232543,SLF1501,4,0.9,8,2022,6,4,21,SL,,,,
-32.608603,152.232467,SLF1501,18,0.8,10,2022,6,4,22,SL,,,,
-32.607833,152.23262,SLF1501,10,0.8,10,2022,6,4,23,SL,,,,
-32.608113,152.23234,SLF1501,9,1,9,2022,6,5,0,SL,,,,
-32.607999,152.232111,SLF1501,9,0.7,12,2022,6,5,1,SL,,,,
-32.599664,152.243835,SLF1501,36,0.7,11,2022,6,5,2,SL,,,,
-32.60859,152.232467,SLF1501,0,0.8,9,2022,6,5,3,SL,,,,
-32.606734,152.232874,SLF1501,98,1.2,7,2022,6,5,4,SL,,,,
-32.607725,152.232391,SLF1501,34,0.7,11,2022,6,5,5,SL,,,,
-32.607763,152.232543,SLF1501,54,0.9,9,2022,6,5,6,SL,,,,
-32.607744,152.232543,SLF1501,15,0.9,9,2022,6,5,7,SL,,,,
-32.608565,152.232518,SLF1501,8,0.9,9,2022,6,5,8,SL,,,,
-32.60852,152.232925,SLF1501,32,0.7,11,2022,6,5,9,SL,,,,
-32.608545,152.232518,SLF1501,22,0.8,9,2022,6,5,10,SL,,,,
-32.608647,152.232467,SLF1501,0,0.8,9,2022,6,5,11,SL,,,,
-32.608571,152.232442,SLF1501,2,1.1,7,2022,6,5,12,SL,,,,
-32.608565,152.232518,SLF1501,15,0.8,9,2022,6,5,13,SL,,,,
-32.608641,152.232569,SLF1501,6,0.9,8,2022,6,5,14,SL,,,,
-32.608622,152.232518,SLF1501,18,1,8,2022,6,5,15,SL,,,,
-32.603014,152.259068,SLF1501,19,0.6,12,2022,6,5,16,SL,,,,
-32.60283,152.268529,SLF1501,1,0.8,9,2022,6,5,17,SL,,,,
-32.599683,152.244089,SLF1501,3,1,9,2022,6,5,18,SL,,,,
-32.608609,152.232416,SLF1501,14,0.9,9,2022,6,5,19,SL,,,,
-32.608622,152.232518,SLF1501,1,0.7,11,2022,6,5,20,SL,,,,
-32.60859,152.232416,SLF1501,7,0.9,9,2022,6,5,21,SL,,,,
-32.608609,152.232416,SLF1501,30,0.9,9,2022,6,5,22,SL,,,,
-32.608552,152.232391,SLF1501,24,0.9,9,2022,6,5,23,SL,,,,
-32.609372,152.221405,SLF1501,0,1,9,2022,6,6,0,SL,,,,
-32.611082,152.226974,SLF1501,5,0.7,11,2022,6,6,1,SL,,,,
-32.599816,152.243225,SLF1501,14,0.7,10,2022,6,6,2,SL,,,,
-32.590496,152.267715,SLF1501,3,0.8,10,2022,6,6,3,SL,,,,
-32.604788,152.24208,SLF1501,19,0.7,11,2022,6,6,4,SL,,,,
-32.608622,152.232442,SLF1501,10,0.8,10,2022,6,6,5,SL,,,,
-32.606981,152.232264,SLF1501,12,0.9,8,2022,6,6,6,SL,,,,
-32.606867,152.232315,SLF1501,23,0.8,9,2022,6,6,7,SL,,,,
-32.599104,152.269139,SLF1501,14,0.9,9,2022,6,6,8,SL,,,,
-32.601151,152.268402,SLF1501,15,0.9,9,2022,6,6,9,SL,,,,
-32.601412,152.260899,SLF1501,43,0.9,8,2022,6,6,10,SL,,,,
-32.601374,152.260899,SLF1501,15,0.8,9,2022,6,6,11,SL,,,,
-32.601247,152.260823,SLF1501,0,1.2,7,2022,6,6,12,SL,,,,
-32.60749,152.24559,SLF1501,15,0.8,10,2022,6,6,13,SL,,,,
-32.60817,152.232137,SLF1501,16,0.7,10,2022,6,6,14,SL,,,,
-32.60859,152.232467,SLF1501,12,0.9,8,2022,6,6,15,SL,,,,
-32.608609,152.232518,SLF1501,26,0.7,10,2022,6,6,16,SL,,,,
-32.608075,152.232086,SLF1501,20,0.7,11,2022,6,6,17,SL,,,,
-32.608113,152.232289,SLF1501,26,1,9,2022,6,6,18,SL,,,,
-32.608762,152.231984,SLF1501,19,0.8,10,2022,6,6,19,SL,,,,
-32.602957,152.232874,SLF1501,13,0.9,11,2022,6,6,20,SL,,,,
-32.608132,152.232518,SLF1501,20,0.9,9,2022,6,6,21,SL,,,,
-32.608075,152.232442,SLF1501,15,0.7,11,2022,6,6,22,SL,,,,
-32.604909,152.233739,SLF1501,21,0.8,10,2022,6,6,23,SL,,,,
-32.600217,152.240885,SLF1501,0,1,9,2022,6,7,0,SL,,,,
-32.608387,152.232111,SLF1501,17,0.6,13,2022,6,7,1,SL,,,,
-32.617885,152.217361,SLF1501,8,0.7,11,2022,6,7,2,SL,,,,
-32.613625,152.22082,SLF1501,11,0.8,10,2022,6,7,3,SL,,,,
-32.607248,152.216649,SLF1501,4,0.9,9,2022,6,7,4,SL,,,,
-32.607376,152.216547,SLF1501,0,0.8,10,2022,6,7,5,SL,,,,
-32.607217,152.216649,SLF1501,16,1.2,7,2022,6,7,6,SL,,,,
-32.607261,152.216547,SLF1501,0,0.9,8,2022,6,7,7,SL,,,,
-32.607248,152.216623,SLF1501,11,1,8,2022,6,7,8,SL,,,,
-32.606409,152.217692,SLF1501,15,1,9,2022,6,7,9,SL,,,,
-32.608158,152.232238,SLF1501,40,0.9,9,2022,6,7,10,SL,,,,
-32.608571,152.232518,SLF1501,20,0.9,8,2022,6,7,11,SL,,,,
-32.608615,152.232518,SLF1501,8,1,8,2022,6,7,12,SL,,,,
-32.608584,152.232543,SLF1501,4,0.9,9,2022,6,7,13,SL,,,,
-32.608558,152.232543,SLF1501,19,0.8,9,2022,6,7,14,SL,,,,
-32.608552,152.232569,SLF1501,15,1.1,8,2022,6,7,15,SL,,,,
-32.608615,152.232518,SLF1501,15,0.9,9,2022,6,7,16,SL,,,,
-32.611724,152.237375,SLF1501,9,0.7,11,2022,6,7,17,SL,,,,
-32.607662,152.232696,SLF1501,6,1,9,2022,6,7,18,SL,,,,
-32.607859,152.232442,SLF1501,28,0.8,10,2022,6,7,19,SL,,,,
-32.607039,152.232137,SLF1501,0,0.8,10,2022,6,7,20,SL,,,,
-32.614172,152.221201,SLF1501,2,0.9,9,2022,6,7,21,SL,,,,
-32.605004,152.229237,SLF1501,16,0.7,11,2022,6,7,22,SL,,,,
-32.605049,152.229161,SLF1501,19,0.8,10,2022,6,7,23,SL,,,,
-32.60503,152.229263,SLF1501,13,1,9,2022,6,8,0,SL,,,,
-32.604991,152.229237,SLF1501,4,0.7,12,2022,6,8,1,SL,,,,
-32.605017,152.229237,SLF1501,13,1,8,2022,6,8,2,SL,,,,
-32.605011,152.229339,SLF1501,16,0.8,9,2022,6,8,3,SL,,,,
-32.605093,152.229237,SLF1501,9,0.7,10,2022,6,8,4,SL,,,,
-32.607872,152.232645,SLF1501,41,0.7,10,2022,6,8,5,SL,,,,
-32.607814,152.232849,SLF1501,41,0.9,8,2022,6,8,6,SL,,,,
-32.608037,152.232721,SLF1501,8,0.9,9,2022,6,8,7,SL,,,,
-32.607954,152.232671,SLF1501,16,1,8,2022,6,8,8,SL,,,,
-32.607884,152.232849,SLF1501,19,1.2,8,2022,6,8,9,SL,,,,
-32.607954,152.232823,SLF1501,11,0.9,8,2022,6,8,10,SL,,,,
-32.608571,152.232442,SLF1501,19,0.8,9,2022,6,8,11,SL,,,,
-32.608437,152.232416,SLF1501,5,1.2,7,2022,6,8,12,SL,,,,
-32.608577,152.232467,SLF1501,16,0.8,10,2022,6,8,13,SL,,,,
-32.608565,152.232543,SLF1501,22,0.7,10,2022,6,8,14,SL,,,,
-32.608545,152.232467,SLF1501,14,0.9,8,2022,6,8,15,SL,,,,
-32.608526,152.232569,SLF1501,32,0.8,10,2022,6,8,16,SL,,,,
-32.606244,152.237859,SLF1501,19,0.8,10,2022,6,8,17,SL,,,,
-32.601132,152.268936,SLF1501,6,1.1,8,2022,6,8,18,SL,,,,
-32.595811,152.249964,SLF1501,7,0.9,9,2022,6,8,19,SL,,,,
-32.60824,152.232315,SLF1501,0,0.8,10,2022,6,8,20,SL,,,,
-32.607128,152.231602,SLF1501,20,0.9,9,2022,6,8,21,SL,,,,
-32.601704,152.234781,SLF1501,17,4,5,2022,6,8,22,SL,,,,
-32.601329,152.240478,SLF1501,21,1.2,8,2022,6,8,23,SL,,,,
-32.605309,152.229314,SLF1501,0,1.1,8,2022,6,9,0,SL,,,,
-32.603516,152.231857,SLF1501,2,0.7,12,2022,6,9,1,SL,,,,
-32.602436,152.235519,SLF1501,17,0.9,9,2022,6,9,2,SL,,,,
-32.610981,152.21787,SLF1501,9,0.8,9,2022,6,9,3,SL,,,,
-32.599829,152.241978,SLF1501,12,0.7,10,2022,6,9,4,SL,,,,
-32.591335,152.268224,SLF1501,0,0.7,10,2022,6,9,5,SL,,,,
-32.592931,152.264968,SLF1501,4,1,8,2022,6,9,6,SL,,,,
-32.593808,152.264841,SLF1501,7,0.9,9,2022,6,9,7,SL,,,,
-32.600465,152.263722,SLF1501,18,0.9,9,2022,6,9,8,SL,,,,
-32.600579,152.263697,SLF1501,5,1,8,2022,6,9,9,SL,,,,
-32.600516,152.263748,SLF1501,0,0.8,9,2022,6,9,10,SL,,,,
-32.60056,152.263799,SLF1501,1,0.8,9,2022,6,9,11,SL,,,,
-32.600477,152.263799,SLF1501,14,0.8,9,2022,6,9,12,SL,,,,
-32.600522,152.263722,SLF1501,13,0.8,9,2022,6,9,13,SL,,,,
-32.600528,152.263824,SLF1501,2,0.7,10,2022,6,9,14,SL,,,,
-32.600503,152.263799,SLF1501,12,0.9,8,2022,6,9,15,SL,,,,
-32.600477,152.263849,SLF1501,25,0.9,9,2022,6,9,16,SL,,,,
-32.601196,152.268351,SLF1501,0,0.8,10,2022,6,9,17,SL,,,,
-32.601088,152.268427,SLF1501,14,1,9,2022,6,9,18,SL,,,,
-32.612398,152.236689,SLF1501,4,0.9,9,2022,6,9,19,SL,,,,
-32.608145,152.232315,SLF1501,26,0.8,10,2022,6,9,20,SL,,,,
-32.607369,152.23206,SLF1501,3,1.1,7,2022,6,9,21,SL,,,,
-32.608183,152.231831,SLF1501,17,0.9,9,2022,6,9,22,SL,,,,
-32.609792,152.218505,SLF1501,8,0.8,10,2022,6,9,23,SL,,,,
-32.607706,152.23262,SLF1501,52,1,9,2022,6,10,0,SL,,,,
-32.607941,152.23234,SLF1501,22,0.7,11,2022,6,10,1,SL,,,,
-32.599695,152.24381,SLF1501,6,1.1,8,2022,6,10,2,SL,,,,
-32.608062,152.232238,SLF1501,14,1.2,7,2022,6,10,3,SL,,,,
-32.607891,152.232442,SLF1501,0,0.9,9,2022,6,10,4,SL,,,,
-32.607872,152.232594,SLF1501,0,0.8,9,2022,6,10,5,SL,,,,
-32.608018,152.232416,SLF1501,31,1.3,7,2022,6,10,6,SL,,,,
-32.607897,152.232594,SLF1501,0,0.9,9,2022,6,10,7,SL,,,,
-32.608679,152.232925,SLF1501,20,0.9,9,2022,6,10,8,SL,,,,
-32.608634,152.233001,SLF1501,16,1.1,8,2022,6,10,9,SL,,,,
-32.608387,152.232416,SLF1501,33,0.8,10,2022,6,10,10,SL,,,,
-32.608628,152.232569,SLF1501,10,0.8,9,2022,6,10,11,SL,,,,
-32.608552,152.232569,SLF1501,19,1.1,8,2022,6,10,12,SL,,,,
-32.608514,152.232569,SLF1501,21,0.9,8,2022,6,10,13,SL,,,,
-32.608622,152.232569,SLF1501,21,0.7,10,2022,6,10,14,SL,,,,
-32.608565,152.232518,SLF1501,22,0.9,8,2022,6,10,15,SL,,,,
-32.608609,152.232467,SLF1501,37,0.8,9,2022,6,10,16,SL,,,,
-32.603714,152.256601,SLF1501,4,1.1,9,2022,6,10,17,SL,,,,
-32.601247,152.268529,SLF1501,8,1.1,9,2022,6,10,18,SL,,,,
-32.602893,152.259297,SLF1501,10,0.8,9,2022,6,10,19,SL,,,,
-32.608037,152.231908,SLF1501,0,0.8,9,2022,6,10,20,SL,,,,
-32.607776,152.232416,SLF1501,8,0.9,9,2022,6,10,21,SL,,,,
-32.608584,152.232518,SLF1501,20,0.8,10,2022,6,10,22,SL,,,,
-32.615927,152.222752,SLF1501,11,0.9,9,2022,6,10,23,SL,,,,
-32.607223,152.232162,SLF1501,4,1.2,8,2022,6,11,0,SL,,,,
-32.607961,152.233357,SLF1501,0,0.7,11,2022,6,11,1,SL,,,,
-32.604375,152.234298,SLF1501,21,0.7,10,2022,6,11,2,SL,,,,
-32.605913,152.238596,SLF1501,22,0.8,9,2022,6,11,3,SL,,,,
-32.614039,152.222625,SLF1501,11,0.7,10,2022,6,11,4,SL,,,,
-32.604642,152.232874,SLF1501,0,1,8,2022,6,11,5,SL,,,,
-32.604438,152.232874,SLF1501,7,0.9,8,2022,6,11,6,SL,,,,
-32.604324,152.232925,SLF1501,18,0.8,9,2022,6,11,7,SL,,,,
-32.605475,152.232645,SLF1501,28,1,8,2022,6,11,8,SL,,,,
-32.60475,152.232874,SLF1501,38,0.9,9,2022,6,11,9,SL,,,,
-32.604438,152.232721,SLF1501,8,0.8,10,2022,6,11,10,SL,,,,
-32.604546,152.231959,SLF1501,15,0.7,10,2022,6,11,11,SL,,,,
-32.606034,152.233637,SLF1501,59,1.2,7,2022,6,11,12,SL,,,,
-32.606225,152.233332,SLF1501,22,0.8,9,2022,6,11,13,SL,,,,
-32.606149,152.233256,SLF1501,16,1.2,8,2022,6,11,14,SL,,,,
-32.606219,152.233256,SLF1501,32,0.9,8,2022,6,11,15,SL,,,,
-32.606136,152.233281,SLF1501,32,0.8,9,2022,6,11,16,SL,,,,
-32.606034,152.23323,SLF1501,18,0.9,9,2022,6,11,17,SL,,,,
-32.606091,152.233179,SLF1501,22,1.1,9,2022,6,11,18,SL,,,,
-32.606288,152.233332,SLF1501,24,0.9,8,2022,6,11,19,SL,,,,
-32.60805,152.232518,SLF1501,10,0.8,9,2022,6,11,20,SL,,,,
-32.608056,152.232518,SLF1501,9,0.9,9,2022,6,11,21,SL,,,,
-32.607973,152.232696,SLF1501,6,0.9,9,2022,6,11,22,SL,,,,
-32.607814,152.232213,SLF1501,20,0.8,11,2022,6,11,23,SL,,,,
-32.608011,152.232518,SLF1501,0,1.1,8,2022,6,12,0,SL,,,,
-32.606892,152.232416,SLF1501,21,0.8,10,2022,6,12,1,SL,,,,
-32.606892,152.23234,SLF1501,11,0.9,8,2022,6,12,2,SL,,,,
-32.606702,152.232416,SLF1501,0,1.1,8,2022,6,12,3,SL,,,,
-32.606778,152.232416,SLF1501,26,0.7,10,2022,6,12,4,SL,,,,
-32.599842,152.242004,SLF1501,0,1,8,2022,6,12,5,SL,,,,
-32.592454,152.26713,SLF1501,5,0.9,9,2022,6,12,6,SL,,,,
-32.600458,152.267715,SLF1501,14,0.8,10,2022,6,12,7,SL,,,,
-32.600872,152.268198,SLF1501,17,0.8,10,2022,6,12,8,SL,,,,
-32.600954,152.268249,SLF1501,15,0.8,10,2022,6,12,9,SL,,,,
-32.601406,152.268376,SLF1501,11,0.8,10,2022,6,12,10,SL,,,,
-32.600922,152.259145,SLF1501,5,0.7,10,2022,6,12,11,SL,,,,
-32.607426,152.235366,SLF1501,24,1,8,2022,6,12,12,SL,,,,
-32.607541,152.235417,SLF1501,6,1,8,2022,6,12,13,SL,,,,
-32.607528,152.235366,SLF1501,13,0.7,10,2022,6,12,14,SL,,,,
-32.607458,152.23323,SLF1501,26,0.8,9,2022,6,12,15,SL,,,,
-32.607452,152.233103,SLF1501,0,0.8,9,2022,6,12,16,SL,,,,
-32.60742,152.233154,SLF1501,4,1.1,7,2022,6,12,17,SL,,,,
-32.607496,152.233001,SLF1501,22,1,9,2022,6,12,18,SL,,,,
-32.607503,152.233179,SLF1501,17,0.8,10,2022,6,12,19,SL,,,,
-32.607535,152.233154,SLF1501,0,0.9,8,2022,6,12,20,SL,,,,
-32.606822,152.232518,SLF1501,14,0.9,9,2022,6,12,21,SL,,,,
-32.608183,152.232594,SLF1501,23,0.9,9,2022,6,12,22,SL,,,,
-32.60817,152.232518,SLF1501,16,0.9,9,2022,6,12,23,SL,,,,
-32.607509,152.232111,SLF1501,0,1,9,2022,6,13,0,SL,,,,
-32.601234,152.238901,SLF1501,11,0.8,10,2022,6,13,1,SL,,,,
-32.608094,152.232594,SLF1501,15,0.9,8,2022,6,13,2,SL,,,,
-32.608113,152.232543,SLF1501,9,1.1,9,2022,6,13,3,SL,,,,
-32.609016,152.222295,SLF1501,0,0.7,10,2022,6,13,4,SL,,,,
-32.603752,152.231577,SLF1501,18,1,8,2022,6,13,5,SL,,,,
-32.604527,152.231704,SLF1501,8,0.7,10,2022,6,13,6,SL,,,,
-32.607159,152.239486,SLF1501,9,0.8,9,2022,6,13,7,SL,,,,
-32.608183,152.23501,SLF1501,11,1.2,7,2022,6,13,8,SL,,,,
-32.608228,152.234095,SLF1501,19,1,7,2022,6,13,9,SL,,,,
-32.608247,152.234222,SLF1501,36,0.8,10,2022,6,13,10,SL,,,,
-32.608278,152.234171,SLF1501,8,0.8,9,2022,6,13,11,SL,,,,
-32.608304,152.234222,SLF1501,25,1,8,2022,6,13,12,SL,,,,
-32.608298,152.234196,SLF1501,26,0.8,9,2022,6,13,13,SL,,,,
-32.608291,152.234171,SLF1501,26,0.8,9,2022,6,13,14,SL,,,,
-32.608215,152.234095,SLF1501,25,0.8,9,2022,6,13,15,SL,,,,
-32.608234,152.234196,SLF1501,30,0.7,11,2022,6,13,16,SL,,,,
-32.60824,152.234095,SLF1501,8,1,8,2022,6,13,17,SL,,,,
-32.605157,152.238596,SLF1501,0,1,9,2022,6,13,18,SL,,,,
-32.607763,152.235468,SLF1501,26,0.7,11,2022,6,13,19,SL,,,,
-32.608634,152.232569,SLF1501,0,0.8,9,2022,6,13,20,SL,,,,
-32.608558,152.232442,SLF1501,14,1,8,2022,6,13,21,SL,,,,
-32.60859,152.232416,SLF1501,10,0.8,10,2022,6,13,22,SL,,,,
-32.608603,152.232518,SLF1501,18,0.9,9,2022,6,13,23,SL,,,,
-32.608603,152.232569,SLF1501,1,1.1,8,2022,6,14,0,SL,,,,
-32.604496,152.234095,SLF1501,15,0.7,11,2022,6,14,1,SL,,,,
-32.591055,152.268783,SLF1501,13,0.9,8,2022,6,14,2,SL,,,,
-32.593242,152.260213,SLF1501,17,1.2,7,2022,6,14,3,SL,,,,
-32.603942,152.231577,SLF1501,86,0.9,9,2022,6,14,4,SL,,,,
-32.608558,152.229593,SLF1501,9,0.8,9,2022,6,14,5,SL,,,,
-32.610713,152.227711,SLF1501,5,1,8,2022,6,14,6,SL,,,,
-32.610713,152.227686,SLF1501,14,1,8,2022,6,14,7,SL,,,,
-32.610669,152.227661,SLF1501,20,0.9,10,2022,6,14,8,SL,,,,
-32.608533,152.233205,SLF1501,30,0.8,10,2022,6,14,9,SL,,,,
-32.608545,152.233179,SLF1501,25,0.8,10,2022,6,14,10,SL,,,,
-32.60852,152.233205,SLF1501,24,1.1,7,2022,6,14,11,SL,,,,
-32.608469,152.233128,SLF1501,21,1.4,6,2022,6,14,12,SL,,,,
-32.608558,152.233103,SLF1501,36,0.8,9,2022,6,14,13,SL,,,,
-32.60852,152.233154,SLF1501,25,0.9,9,2022,6,14,14,SL,,,,
-32.608514,152.233128,SLF1501,20,1,8,2022,6,14,15,SL,,,,
-32.608514,152.233103,SLF1501,23,0.7,12,2022,6,14,16,SL,,,,
-32.606295,152.228703,SLF1501,1,1.1,8,2022,6,14,17,SL,,,,
-32.604076,152.234451,SLF1501,18,1,9,2022,6,14,18,SL,,,,
-32.605456,152.233408,SLF1501,12,0.7,11,2022,6,14,19,SL,,,,
-32.60859,152.232416,SLF1501,10,0.8,9,2022,6,14,20,SL,,,,
-32.608577,152.232467,SLF1501,24,1.1,7,2022,6,14,21,SL,,,,
-32.608634,152.232467,SLF1501,18,1,8,2022,6,14,22,SL,,,,
-32.607713,152.232035,SLF1501,20,0.9,10,2022,6,14,23,SL,,,,
-32.606797,152.232416,SLF1501,3,1,9,2022,6,15,0,SL,,,,
-32.606772,152.232416,SLF1501,21,0.7,11,2022,6,15,1,SL,,,,
-32.602709,152.236282,SLF1501,11,0.8,9,2022,6,15,2,SL,,,,
-32.602855,152.259882,SLF1501,6,1.1,9,2022,6,15,3,SL,,,,
-32.610936,152.23796,SLF1501,0,0.9,9,2022,6,15,4,SL,,,,
-32.607795,152.232594,SLF1501,14,0.9,8,2022,6,15,5,SL,,,,
-32.607783,152.232569,SLF1501,7,0.8,10,2022,6,15,6,SL,,,,
-32.607973,152.232518,SLF1501,9,0.8,9,2022,6,15,7,SL,,,,
-32.608221,152.232645,SLF1501,26,1.4,7,2022,6,15,8,SL,,,,
-32.606772,152.232365,SLF1501,32,1,8,2022,6,15,9,SL,,,,
-32.613129,152.23384,SLF1501,0,0.8,10,2022,6,15,10,SL,,,,
-32.608666,152.232543,SLF1501,0,1.8,6,2022,6,15,11,SL,,,,
-32.608291,152.232238,SLF1501,29,1,8,2022,6,15,12,SL,,,,
-32.60845,152.232315,SLF1501,4,0.8,9,2022,6,15,13,SL,,,,
-32.608482,152.233001,SLF1501,24,0.9,9,2022,6,15,14,SL,,,,
-32.608418,152.232772,SLF1501,22,0.8,9,2022,6,15,15,SL,,,,
-32.608641,152.232569,SLF1501,15,0.7,11,2022,6,15,16,SL,,,,
-32.604496,152.254592,SLF1501,0,1.1,9,2022,6,15,17,SL,,,,
-32.603656,152.256932,SLF1501,6,1.1,9,2022,6,15,18,SL,,,,
-32.607592,152.232213,SLF1501,3,0.7,10,2022,6,15,19,SL,,,,
-32.607382,152.232696,SLF1501,0,0.8,9,2022,6,15,20,SL,,,,
-32.605061,152.228907,SLF1501,11,1,8,2022,6,15,21,SL,,,,
-32.608018,152.232238,SLF1501,12,0.8,10,2022,6,15,22,SL,,,,
-32.606765,152.229339,SLF1501,15,0.9,10,2022,6,15,23,SL,,,,
-32.597642,152.247955,SLF1501,13,1,9,2022,6,16,0,SL,,,,
-32.595334,152.243708,SLF1501,24,0.8,10,2022,6,16,1,SL,,,,
-32.597801,152.245437,SLF1501,5,0.9,8,2022,6,16,2,SL,,,,
-32.596847,152.237452,SLF1501,20,1,9,2022,6,16,3,SL,,,,
-32.596682,152.23735,SLF1501,55,0.9,9,2022,6,16,4,SL,,,,
-32.596803,152.23735,SLF1501,0,0.9,8,2022,6,16,5,SL,,,,
-32.596873,152.23735,SLF1501,8,0.8,9,2022,6,16,6,SL,,,,
-32.596815,152.23735,SLF1501,13,0.8,9,2022,6,16,7,SL,,,,
-32.586477,152.24325,SLF1501,30,0.9,9,2022,6,16,8,SL,,,,
-32.582599,152.26062,SLF1501,19,0.8,9,2022,6,16,9,SL,,,,
-32.588995,152.270767,SLF1501,0,0.8,10,2022,6,16,10,SL,,,,
-32.603987,152.255915,SLF1501,13,0.8,10,2022,6,16,11,SL,,,,
-32.607744,152.23295,SLF1501,7,1.1,7,2022,6,16,12,SL,,,,
-32.607776,152.232594,SLF1501,11,0.8,9,2022,6,16,13,SL,,,,
-32.607547,152.232187,SLF1501,0,1.1,7,2022,6,16,14,SL,,,,
-32.607573,152.232899,SLF1501,36,0.7,11,2022,6,16,16,SL,,,,
-32.608679,152.232137,SLF1501,8,1.2,8,2022,6,16,17,SL,,,,
-32.607617,152.22527,SLF1501,7,1,9,2022,6,16,18,SL,,,,
-32.607744,152.23234,SLF1501,12,0.8,9,2022,6,16,19,SL,,,,
-32.600287,152.242233,SLF1501,14,0.8,9,2022,6,16,20,SL,,,,
-32.607961,152.232569,SLF1501,27,0.9,9,2022,6,16,21,SL,,,,
-32.608011,152.232518,SLF1501,14,0.8,10,2022,6,16,22,SL,,,,
-32.607967,152.232747,SLF1501,31,0.9,9,2022,6,16,23,SL,,,,
-32.607986,152.232442,SLF1501,0,1.1,7,2022,6,17,0,SL,,,,
-32.607948,152.23234,SLF1501,13,0.7,11,2022,6,17,1,SL,,,,
-32.608037,152.232442,SLF1501,6,0.8,9,2022,6,17,2,SL,,,,
-32.607941,152.232569,SLF1501,25,1,8,2022,6,17,3,SL,,,,
-32.607999,152.232365,SLF1501,16,0.8,10,2022,6,17,4,SL,,,,
-32.607916,152.232467,SLF1501,15,1.1,7,2022,6,17,5,SL,,,,
-32.607948,152.232416,SLF1501,12,0.8,10,2022,6,17,6,SL,,,,
-32.607891,152.232467,SLF1501,28,0.8,9,2022,6,17,7,SL,,,,
-32.607973,152.232594,SLF1501,29,1.3,8,2022,6,17,8,SL,,,,
-32.607751,152.232645,SLF1501,21,0.7,11,2022,6,17,9,SL,,,,
-32.607814,152.232467,SLF1501,0,0.8,9,2022,6,17,10,SL,,,,
-32.606975,152.232264,SLF1501,26,0.8,9,2022,6,17,11,SL,,,,
-32.608545,152.232467,SLF1501,10,1.3,7,2022,6,17,12,SL,,,,
-32.60859,152.23234,SLF1501,21,0.7,10,2022,6,17,13,SL,,,,
-32.613021,152.234959,SLF1501,9,0.9,9,2022,6,17,14,SL,,,,
-32.606943,152.232213,SLF1501,26,0.7,10,2022,6,17,15,SL,,,,
-32.611813,152.237274,SLF1501,8,0.7,11,2022,6,17,16,SL,,,,
-32.6044,152.254745,SLF1501,1,1.1,8,2022,6,17,17,SL,,,,
-32.604337,152.254364,SLF1501,13,0.8,10,2022,6,17,18,SL,,,,
-32.604305,152.254465,SLF1501,10,0.7,11,2022,6,17,19,SL,,,,
-32.604317,152.254745,SLF1501,0,0.9,8,2022,6,17,20,SL,,,,
-32.604578,152.253677,SLF1501,17,0.9,9,2022,6,17,21,SL,,,,
-32.604546,152.253728,SLF1501,15,0.8,10,2022,6,17,22,SL,,,,
-32.600115,152.268681,SLF1501,5,0.8,11,2022,6,17,23,SL,,,,
-32.60131,152.268758,SLF1501,11,1,9,2022,6,18,0,SL,,,,
-32.601043,152.267944,SLF1501,8,0.7,11,2022,6,18,1,SL,,,,
-32.604572,152.253524,SLF1501,12,0.8,9,2022,6,18,2,SL,,,,
-32.604076,152.253423,SLF1501,10,1,8,2022,6,18,3,SL,,,,
-32.604076,152.253448,SLF1501,7,1,9,2022,6,18,4,SL,,,,
-32.60405,152.253423,SLF1501,7,0.9,8,2022,6,18,5,SL,,,,
-32.604146,152.255635,SLF1501,3,0.8,10,2022,6,18,6,SL,,,,
-32.604375,152.255101,SLF1501,9,0.8,9,2022,6,18,7,SL,,,,
-32.603961,152.256118,SLF1501,12,0.7,11,2022,6,18,8,SL,,,,
-32.603497,152.254465,SLF1501,0,0.9,8,2022,6,18,10,SL,,,,
-32.60351,152.254491,SLF1501,1,1.2,7,2022,6,18,11,SL,,,,
-32.603459,152.254414,SLF1501,23,1.8,5,2022,6,18,12,SL,,,,
-32.603459,152.254491,SLF1501,21,1.2,6,2022,6,18,13,SL,,,,
-32.603446,152.254414,SLF1501,12,1,7,2022,6,18,14,SL,,,,
-32.603459,152.254491,SLF1501,15,0.7,10,2022,6,18,15,SL,,,,
-32.603466,152.254364,SLF1501,10,0.8,10,2022,6,18,16,SL,,,,
-32.60426,152.255406,SLF1501,3,0.9,9,2022,6,18,17,SL,,,,
-32.600783,152.268198,SLF1501,11,0.9,9,2022,6,18,18,SL,,,,
-32.598875,152.269622,SLF1501,15,0.7,10,2022,6,18,19,SL,,,,
-32.600064,152.266443,SLF1501,0,1.1,7,2022,6,18,20,SL,,,,
-32.600039,152.266443,SLF1501,14,1.4,7,2022,6,18,21,SL,,,,
-32.59974,152.26891,SLF1501,10,0.9,9,2022,6,18,22,SL,,,,
-32.601202,152.26774,SLF1501,6,0.8,10,2022,6,18,23,SL,,,,
-32.601209,152.268224,SLF1501,1,0.8,10,2022,6,19,0,SL,,,,
-32.601272,152.2683,SLF1501,6,0.7,11,2022,6,19,1,SL,,,,
-32.599632,152.269037,SLF1501,9,0.8,9,2022,6,19,2,SL,,,,
-32.601304,152.268758,SLF1501,17,0.8,9,2022,6,19,3,SL,,,,
-32.601132,152.268529,SLF1501,6,0.8,10,2022,6,19,4,SL,,,,
-32.608266,152.231984,SLF1501,45,1,8,2022,6,19,5,SL,,,,
-32.607859,152.232594,SLF1501,15,0.9,8,2022,6,19,6,SL,,,,
-32.60756,152.232137,SLF1501,79,0.9,8,2022,6,19,7,SL,,,,
-32.608399,152.232874,SLF1501,27,0.8,11,2022,6,19,8,SL,,,,
-32.608755,152.231882,SLF1501,28,0.8,10,2022,6,19,9,SL,,,,
-32.608317,152.23234,SLF1501,0,0.8,9,2022,6,19,10,SL,,,,
-32.608552,152.232543,SLF1501,10,1.1,7,2022,6,19,11,SL,,,,
-32.608545,152.232518,SLF1501,18,1.2,7,2022,6,19,12,SL,,,,
-32.608558,152.232518,SLF1501,21,0.8,9,2022,6,19,13,SL,,,,
-32.607986,152.232518,SLF1501,24,0.9,9,2022,6,19,14,SL,,,,
-32.60838,152.232899,SLF1501,28,0.7,10,2022,6,19,15,SL,,,,
-32.60695,152.233128,SLF1501,19,0.9,8,2022,6,19,16,SL,,,,
-32.608545,152.232467,SLF1501,7,1,8,2022,6,19,17,SL,,,,
-32.60859,152.232543,SLF1501,20,1.1,8,2022,6,19,18,SL,,,,
-32.608056,152.232365,SLF1501,16,0.8,11,2022,6,19,19,SL,,,,
-32.607859,152.232518,SLF1501,0,0.9,8,2022,6,19,20,SL,,,,
-32.607598,152.232696,SLF1501,109,1.1,8,2022,6,19,21,SL,,,,
-32.607776,152.232569,SLF1501,0,0.8,10,2022,6,19,22,SL,,,,
-32.602035,152.23913,SLF1501,0,0.8,11,2022,6,19,23,SL,,,,
-32.60784,152.235646,SLF1501,15,0.7,12,2022,6,20,0,SL,,,,
-32.607859,152.232671,SLF1501,0,0.9,9,2022,6,20,1,SL,,,,
-32.607795,152.232518,SLF1501,21,0.8,9,2022,6,20,2,SL,,,,
-32.607802,152.232543,SLF1501,28,0.9,9,2022,6,20,3,SL,,,,
-32.607878,152.232416,SLF1501,0,0.8,10,2022,6,20,4,SL,,,,
-32.607617,152.232798,SLF1501,6,1.1,7,2022,6,20,5,SL,,,,
-32.607541,152.232976,SLF1501,114,0.8,9,2022,6,20,6,SL,,,,
-32.608571,152.233306,SLF1501,29,0.9,9,2022,6,20,7,SL,,,,
-32.607878,152.232569,SLF1501,12,1.2,8,2022,6,20,8,SL,,,,
-32.608584,152.232543,SLF1501,29,0.8,10,2022,6,20,9,SL,,,,
-32.608628,152.232518,SLF1501,0,0.9,8,2022,6,20,10,SL,,,,
-32.608507,152.232518,SLF1501,14,0.9,8,2022,6,20,11,SL,,,,
-32.608577,152.232518,SLF1501,15,0.8,10,2022,6,20,12,SL,,,,
-32.608603,152.232543,SLF1501,18,0.7,10,2022,6,20,13,SL,,,,
-32.608577,152.232543,SLF1501,22,1,8,2022,6,20,14,SL,,,,
-32.60852,152.232569,SLF1501,40,1,7,2022,6,20,15,SL,,,,
-32.603548,152.257008,SLF1501,6,0.8,10,2022,6,20,16,SL,,,,
-32.601304,152.268554,SLF1501,5,1,9,2022,6,20,17,SL,,,,
-32.598767,152.260391,SLF1501,16,0.8,10,2022,6,20,18,SL,,,,
-32.595728,152.250295,SLF1501,5,0.7,11,2022,6,20,19,SL,,,,
-32.608266,152.230153,SLF1501,7,0.9,8,2022,6,20,20,SL,,,,
-32.607674,152.232798,SLF1501,12,0.9,9,2022,6,20,21,SL,,,,
-32.607471,152.233179,SLF1501,43,1.6,7,2022,6,20,22,SL,,,,
-32.604565,152.229008,SLF1501,0,1.1,7,2022,6,20,23,SL,,,,
-32.602429,152.23674,SLF1501,12,0.7,12,2022,6,21,0,SL,,,,
-32.596065,152.253804,SLF1501,41,0.7,11,2022,6,21,1,SL,,,,
-32.593121,152.264968,SLF1501,4,1.3,7,2022,6,21,2,SL,,,,
-32.592352,152.266062,SLF1501,6,0.9,9,2022,6,21,3,SL,,,,
-32.604572,152.251948,SLF1501,10,0.8,10,2022,6,21,4,SL,,,,
-32.607814,152.232569,SLF1501,0,1.1,7,2022,6,21,5,SL,,,,
-32.607579,152.234069,SLF1501,15,0.8,9,2022,6,21,6,SL,,,,
-32.608056,152.232111,SLF1501,12,1,7,2022,6,21,7,SL,,,,
-32.607929,152.232518,SLF1501,0,0.8,10,2022,6,21,8,SL,,,,
-32.607941,152.23262,SLF1501,23,0.8,10,2022,6,21,9,SL,,,,
-32.608666,152.232086,SLF1501,19,0.8,9,2022,6,21,10,SL,,,,
-32.608634,152.232213,SLF1501,16,0.8,9,2022,6,21,11,SL,,,,
-32.608666,152.232162,SLF1501,27,0.9,9,2022,6,21,12,SL,,,,
-32.608654,152.232111,SLF1501,22,0.8,9,2022,6,21,13,SL,,,,
-32.60866,152.232213,SLF1501,20,0.9,8,2022,6,21,14,SL,,,,
-32.608609,152.232162,SLF1501,23,0.7,11,2022,6,21,15,SL,,,,
-32.612424,152.234375,SLF1501,5,0.8,10,2022,6,21,16,SL,,,,
-32.608584,152.243962,SLF1501,4,1.1,9,2022,6,21,17,SL,,,,
-32.607986,152.232467,SLF1501,30,0.9,9,2022,6,21,18,SL,,,,
-32.608018,152.232467,SLF1501,26,0.7,11,2022,6,21,19,SL,,,,
-32.607821,152.232543,SLF1501,13,1,8,2022,6,21,20,SL,,,,
-32.608005,152.232315,SLF1501,0,0.9,10,2022,6,21,21,SL,,,,
-32.607967,152.232569,SLF1501,0,1,9,2022,6,21,22,SL,,,,
-32.607814,152.232594,SLF1501,50,1.1,8,2022,6,21,23,SL,,,,
-32.608011,152.232416,SLF1501,15,0.6,12,2022,6,22,0,SL,,,,
-32.611902,152.236612,SLF1501,10,0.7,10,2022,6,22,1,SL,,,,
-32.608647,152.232467,SLF1501,21,0.9,9,2022,6,22,2,SL,,,,
-32.607827,152.232543,SLF1501,8,0.8,9,2022,6,22,3,SL,,,,
-32.608463,152.233332,SLF1501,15,0.7,11,2022,6,22,4,SL,,,,
-32.612856,152.234476,SLF1501,2,0.9,8,2022,6,22,5,SL,,,,
-32.610326,152.23529,SLF1501,12,0.8,10,2022,6,22,6,SL,,,,
-32.608495,152.232391,SLF1501,27,0.9,9,2022,6,22,7,SL,,,,
-32.609035,152.233052,SLF1501,25,0.8,10,2022,6,22,8,SL,,,,
-32.605456,152.249582,SLF1501,14,0.8,10,2022,6,22,9,SL,,,,
-32.600833,152.26685,SLF1501,7,0.8,9,2022,6,22,10,SL,,,,
-32.601177,152.267105,SLF1501,8,0.8,9,2022,6,22,11,SL,,,,
-32.600115,152.267842,SLF1501,6,0.8,10,2022,6,22,12,SL,,,,
-32.602118,152.258738,SLF1501,8,0.7,10,2022,6,22,13,SL,,,,
-32.608476,152.233205,SLF1501,25,0.9,8,2022,6,22,14,SL,,,,
-32.608647,152.232289,SLF1501,21,0.7,10,2022,6,22,15,SL,,,,
-32.608698,152.232264,SLF1501,10,0.8,10,2022,6,22,16,SL,,,,
-32.600522,152.268605,SLF1501,6,1,9,2022,6,22,17,SL,,,,
-32.597642,152.255584,SLF1501,25,0.8,10,2022,6,22,18,SL,,,,
-32.60817,152.231781,SLF1501,35,0.7,11,2022,6,22,19,SL,,,,
-32.606988,152.226236,SLF1501,13,0.9,9,2022,6,22,20,SL,,,,
-32.603796,152.234832,SLF1501,23,0.9,9,2022,6,22,21,SL,,,,
-32.6066,152.232035,SLF1501,24,0.9,9,2022,6,22,22,SL,,,,
-32.603911,152.235163,SLF1501,146,1.4,6,2022,6,22,23,SL,,,,
-32.603694,152.234858,SLF1501,3,0.6,12,2022,6,23,0,SL,,,,
-32.603828,152.23501,SLF1501,0,1.2,6,2022,6,23,1,SL,,,,
-32.603803,152.234959,SLF1501,30,0.8,9,2022,6,23,2,SL,,,,
-32.603771,152.235036,SLF1501,2,0.8,10,2022,6,23,3,SL,,,,
-32.603745,152.234959,SLF1501,30,0.8,9,2022,6,23,4,SL,,,,
-32.60372,152.234959,SLF1501,21,1.2,7,2022,6,23,5,SL,,,,
-32.603688,152.23501,SLF1501,7,0.8,10,2022,6,23,6,SL,,,,
-32.602887,152.235875,SLF1501,15,1,9,2022,6,23,7,SL,,,,
-32.609188,152.231755,SLF1501,34,1,8,2022,6,23,8,SL,,,,
-32.6092,152.231755,SLF1501,23,0.8,9,2022,6,23,9,SL,,,,
-32.608259,152.231806,SLF1501,17,0.8,9,2022,6,23,10,SL,,,,
-32.608234,152.231882,SLF1501,11,0.8,9,2022,6,23,11,SL,,,,
-32.608571,152.232086,SLF1501,26,0.9,9,2022,6,23,12,SL,,,,
-32.60831,152.232035,SLF1501,34,0.8,9,2022,6,23,13,SL,,,,
-32.608622,152.232162,SLF1501,20,0.9,8,2022,6,23,14,SL,,,,
-32.608234,152.231984,SLF1501,26,0.7,10,2022,6,23,15,SL,,,,
-32.612074,152.236638,SLF1501,3,0.7,11,2022,6,23,16,SL,,,,
-32.602944,152.258789,SLF1501,8,0.8,10,2022,6,23,17,SL,,,,
-32.607109,152.246607,SLF1501,10,0.8,10,2022,6,23,18,SL,,,,
-32.607643,152.232849,SLF1501,10,0.8,10,2022,6,23,19,SL,,,,
-32.605049,152.228958,SLF1501,0,1,8,2022,6,23,20,SL,,,,
-32.600573,152.240275,SLF1501,23,0.9,9,2022,6,23,21,SL,,,,
-32.606466,152.232416,SLF1501,15,0.8,10,2022,6,23,22,SL,,,,
-32.607357,152.232365,SLF1501,0,1,9,2022,6,23,23,SL,,,,
-32.606956,152.226186,SLF1501,10,0.6,13,2022,6,24,0,SL,,,,
-32.60763,152.232518,SLF1501,12,0.7,11,2022,6,24,1,SL,,,,
-32.607941,152.232518,SLF1501,13,0.8,10,2022,6,24,2,SL,,,,
-32.60791,152.232696,SLF1501,0,0.8,10,2022,6,24,3,SL,,,,
-32.607579,152.232442,SLF1501,106,0.8,9,2022,6,24,4,SL,,,,
-32.607802,152.232569,SLF1501,31,1,8,2022,6,24,5,SL,,,,
-32.6077,152.232416,SLF1501,0,0.9,9,2022,6,24,6,SL,,,,
-32.607776,152.232391,SLF1501,63,0.8,10,2022,6,24,7,SL,,,,
-32.608749,152.231959,SLF1501,28,0.8,10,2022,6,24,8,SL,,,,
-32.608781,152.231908,SLF1501,23,0.8,9,2022,6,24,9,SL,,,,
-32.608011,152.232518,SLF1501,0,0.8,9,2022,6,24,10,SL,,,,
-32.608565,152.232162,SLF1501,20,1.1,8,2022,6,24,11,SL,,,,
-32.608654,152.232594,SLF1501,19,0.8,10,2022,6,24,12,SL,,,,
-32.61435,152.232518,SLF1501,10,0.8,9,2022,6,24,13,SL,,,,
-32.611693,152.234349,SLF1501,12,0.9,8,2022,6,24,14,SL,,,,
-32.608444,152.23323,SLF1501,38,0.8,9,2022,6,24,15,SL,,,,
-32.608514,152.233154,SLF1501,24,0.9,9,2022,6,24,16,SL,,,,
-32.60866,152.232645,SLF1501,7,1,9,2022,6,24,17,SL,,,,
-32.608673,152.232518,SLF1501,29,0.9,8,2022,6,24,18,SL,,,,
-32.608628,152.232467,SLF1501,17,0.7,11,2022,6,24,19,SL,,,,
-32.606333,152.227533,SLF1501,0,1.3,7,2022,6,24,20,SL,,,,
-32.606524,152.227635,SLF1501,8,0.9,9,2022,6,24,21,SL,,,,
-32.606339,152.227355,SLF1501,60,1,8,2022,6,24,22,SL,,,,
-32.60557,152.227839,SLF1501,0,1.2,7,2022,6,24,23,SL,,,,
-32.590203,152.276438,SLF1501,0,0.7,11,2022,6,25,0,SL,,,,
-32.61079,152.238113,SLF1501,7,0.8,9,2022,6,25,1,SL,,,,
-32.607821,152.232569,SLF1501,8,1.1,8,2022,6,25,2,SL,,,,
-32.607655,152.232518,SLF1501,0,0.7,11,2022,6,25,3,SL,,,,
-32.607846,152.23557,SLF1501,16,0.7,11,2022,6,25,4,SL,,,,
-32.599689,152.242156,SLF1501,12,0.9,9,2022,6,25,5,SL,,,,
-32.593497,152.257085,SLF1501,6,0.8,10,2022,6,25,6,SL,,,,
-32.603396,152.258,SLF1501,16,0.8,10,2022,6,25,7,SL,,,,
-32.61058,152.236612,SLF1501,13,0.8,10,2022,6,25,8,SL,,,,
-32.610815,152.237731,SLF1501,11,0.8,10,2022,6,25,9,SL,,,,
-32.610834,152.237706,SLF1501,6,0.7,10,2022,6,25,10,SL,,,,
-32.607134,152.233154,SLF1501,13,1.1,8,2022,6,25,11,SL,,,,
-32.607897,152.232569,SLF1501,31,1,8,2022,6,25,12,SL,,,,
-32.608024,152.232823,SLF1501,23,1.2,7,2022,6,25,13,SL,,,,
-32.609105,152.232645,SLF1501,22,0.9,8,2022,6,25,14,SL,,,,
-32.608514,152.233052,SLF1501,27,0.9,8,2022,6,25,15,SL,,,,
-32.608501,152.237223,SLF1501,16,0.8,10,2022,6,25,16,SL,,,,
-32.600306,152.246963,SLF1501,18,0.8,10,2022,6,25,17,SL,,,,
-32.599988,152.246785,SLF1501,17,1,8,2022,6,25,18,SL,,,,
-32.600013,152.246887,SLF1501,0,0.8,10,2022,6,25,19,SL,,,,
-32.599848,152.246938,SLF1501,0,1.1,7,2022,6,25,20,SL,,,,
-32.599028,152.245895,SLF1501,19,1,8,2022,6,25,21,SL,,,,
-32.599085,152.245946,SLF1501,4,1.3,7,2022,6,25,22,SL,,,,
-32.607649,152.232467,SLF1501,0,1.1,8,2022,6,25,23,SL,,,,
-32.607948,152.232543,SLF1501,14,0.7,11,2022,6,26,0,SL,,,,
-32.608126,152.231882,SLF1501,26,0.8,9,2022,6,26,1,SL,,,,
-32.595785,152.250167,SLF1501,9,1.1,8,2022,6,26,2,SL,,,,
-32.601584,152.238291,SLF1501,17,0.7,11,2022,6,26,3,SL,,,,
-32.608031,152.232874,SLF1501,19,1,8,2022,6,26,4,SL,,,,
-32.608018,152.232798,SLF1501,23,0.9,9,2022,6,26,5,SL,,,,
-32.607872,152.231984,SLF1501,28,0.8,10,2022,6,26,6,SL,,,,
-32.611292,152.237782,SLF1501,10,0.8,11,2022,6,26,7,SL,,,,
-32.611731,152.235468,SLF1501,15,0.8,10,2022,6,26,8,SL,,,,
-32.608094,152.232849,SLF1501,20,0.9,8,2022,6,26,9,SL,,,,
-32.608075,152.232772,SLF1501,19,0.9,8,2022,6,26,10,SL,,,,
-32.608056,152.232798,SLF1501,0,1.2,7,2022,6,26,11,SL,,,,
-32.607999,152.233001,SLF1501,31,0.8,9,2022,6,26,12,SL,,,,
-32.608189,152.232899,SLF1501,18,1.2,8,2022,6,26,13,SL,,,,
-32.608011,152.232772,SLF1501,29,1,7,2022,6,26,14,SL,,,,
-32.607941,152.232899,SLF1501,38,0.9,8,2022,6,26,15,SL,,,,
-32.608024,152.232849,SLF1501,0,1,8,2022,6,26,16,SL,,,,
-32.608119,152.232823,SLF1501,4,1.1,8,2022,6,26,17,SL,,,,
-32.608062,152.232823,SLF1501,22,1,8,2022,6,26,18,SL,,,,
-32.608043,152.232925,SLF1501,0,0.8,9,2022,6,26,19,SL,,,,
-32.607973,152.232849,SLF1501,0,1.2,7,2022,6,26,20,SL,,,,
-32.608043,152.232747,SLF1501,44,1.2,7,2022,6,26,21,SL,,,,
-32.608119,152.232747,SLF1501,32,1.6,7,2022,6,26,22,SL,,,,
-32.607992,152.232849,SLF1501,0,1,8,2022,6,26,23,SL,,,,
-32.607999,152.232899,SLF1501,27,0.8,10,2022,6,27,0,SL,,,,
-32.608018,152.232696,SLF1501,39,1,7,2022,6,27,1,SL,,,,
-32.608132,152.232594,SLF1501,0,1.5,6,2022,6,27,2,SL,,,,
-32.608075,152.232645,SLF1501,0,2.1,4,2022,6,27,3,SL,,,,
-32.608018,152.232849,SLF1501,22,1.6,4,2022,6,27,4,SL,,,,
-32.608037,152.232798,SLF1501,13,1.4,5,2022,6,27,5,SL,,,,
-32.608011,152.232798,SLF1501,11,1,8,2022,6,27,6,SL,,,,
-32.607999,152.232899,SLF1501,0,1.3,6,2022,6,27,7,SL,,,,
-32.608043,152.23295,SLF1501,51,0.9,8,2022,6,27,8,SL,,,,
-32.607999,152.232849,SLF1501,0,0.8,9,2022,6,27,9,SL,,,,
-32.607948,152.232772,SLF1501,0,1.6,6,2022,6,27,10,SL,,,,
-32.6081,152.232823,SLF1501,41,1.3,6,2022,6,27,11,SL,,,,
-32.608031,152.233128,SLF1501,3,1.2,6,2022,6,27,12,SL,,,,
-32.608081,152.232925,SLF1501,1,1.3,8,2022,6,27,13,SL,,,,
-32.608031,152.232823,SLF1501,0,0.9,8,2022,6,27,14,SL,,,,
-32.607903,152.232874,SLF1501,39,1.3,6,2022,6,27,15,SL,,,,
-32.608005,152.232823,SLF1501,0,1,8,2022,6,27,16,SL,,,,
-32.60791,152.232772,SLF1501,56,0.8,10,2022,6,27,17,SL,,,,
-32.607922,152.233179,SLF1501,63,1,7,2022,6,27,18,SL,,,,
-32.608005,152.232899,SLF1501,0,0.8,9,2022,6,27,19,SL,,,,
-32.607986,152.232874,SLF1501,13,1.3,7,2022,6,27,20,SL,,,,
-32.608069,152.232874,SLF1501,31,1.2,7,2022,6,27,21,SL,,,,
-32.607916,152.232874,SLF1501,0,1.3,7,2022,6,27,23,SL,,,,
-32.608043,152.232899,SLF1501,25,0.9,10,2022,6,28,0,SL,,,,
-32.607992,152.232899,SLF1501,5,1.1,7,2022,6,28,1,SL,,,,
-32.608037,152.232823,SLF1501,24,1.1,9,2022,6,28,2,SL,,,,
-32.608069,152.232798,SLF1501,0,1.3,6,2022,6,28,3,SL,,,,
-32.607935,152.233078,SLF1501,56,1.2,6,2022,6,28,4,SL,,,,
-32.607967,152.232976,SLF1501,19,0.9,8,2022,6,28,5,SL,,,,
-32.60798,152.232696,SLF1501,0,1.5,6,2022,6,28,7,SL,,,,
-32.607859,152.233001,SLF1501,30,1,8,2022,6,28,8,SL,,,,
-32.608062,152.232823,SLF1501,0,1,8,2022,6,28,9,SL,,,,
-32.60791,152.232213,SLF1501,8,1,8,2022,6,28,11,SL,,,,
-32.608056,152.232772,SLF1501,36,0.8,9,2022,6,28,12,SL,,,,
-32.612971,152.23412,SLF1501,0,0.8,9,2022,6,28,13,SL,,,,
-32.608043,152.232798,SLF1501,0,0.8,9,2022,6,28,14,SL,,,,
-32.608005,152.232874,SLF1501,11,0.8,8,2022,6,28,15,SL,,,,
-32.60805,152.232772,SLF1501,16,1.1,7,2022,6,28,16,SL,,,,
-32.608011,152.232849,SLF1501,10,0.9,9,2022,6,28,17,SL,,,,
-32.608113,152.232747,SLF1501,0,0.9,8,2022,6,28,18,SL,,,,
-32.608031,152.232798,SLF1501,7,0.8,9,2022,6,28,19,SL,,,,
-32.607992,152.232874,SLF1501,0,1,8,2022,6,28,20,SL,,,,
-32.607738,152.233103,SLF1501,53,4.3,4,2022,6,28,21,SL,,,,
-32.608037,152.232899,SLF1501,22,1.1,8,2022,6,28,22,SL,,,,
-32.608005,152.232874,SLF1501,10,1.1,8,2022,6,28,23,SL,,,,
-32.608056,152.232849,SLF1501,17,0.8,9,2022,6,29,0,SL,,,,
-32.608011,152.232849,SLF1501,8,0.8,9,2022,6,29,1,SL,,,,
-32.607967,152.232925,SLF1501,17,1.2,8,2022,6,29,2,SL,,,,
-32.607897,152.233078,SLF1501,122,1.6,4,2022,6,29,4,SL,,,,
-32.607986,152.232874,SLF1501,14,1.4,5,2022,6,29,5,SL,,,,
-32.608501,152.233001,SLF1501,18,0.8,9,2022,6,29,6,SL,,,,
-32.605271,152.23885,SLF1501,23,1.1,7,2022,6,29,7,SL,,,,
-32.607941,152.232874,SLF1501,7,1.3,6,2022,6,29,8,SL,,,,
-32.607903,152.232289,SLF1501,28,1.5,6,2022,6,29,9,SL,,,,
-32.608062,152.232849,SLF1501,14,1.3,6,2022,6,29,10,SL,,,,
-32.60791,152.232899,SLF1501,0,1.5,4,2022,6,29,11,SL,,,,
-32.60742,152.239512,SLF1501,16,1.6,6,2022,6,29,12,SL,,,,
-32.607859,152.246124,SLF1501,9,1.3,8,2022,6,29,13,SL,,,,
-32.594285,152.269978,SLF1501,13,0.9,8,2022,6,29,14,SL,,,,
-32.607967,152.232925,SLF1501,16,1.3,6,2022,6,29,15,SL,,,,
-32.607706,152.232137,SLF1501,16,1.5,7,2022,6,29,16,SL,,,,
-32.608094,152.232671,SLF1501,0,1.2,6,2022,6,29,17,SL,,,,
-32.607973,152.232874,SLF1501,22,1.3,6,2022,6,29,18,SL,,,,
-32.614153,152.233179,SLF1501,1,0.9,8,2022,6,29,19,SL,,,,
-32.610936,152.227177,SLF1501,8,1.1,9,2022,6,29,20,SL,,,,
-32.608056,152.232899,SLF1501,19,1.9,5,2022,6,29,21,SL,,,,
-32.608031,152.232874,SLF1501,0,1.4,5,2022,6,29,23,SL,,,,
-32.607999,152.232874,SLF1501,26,0.8,8,2022,6,30,0,SL,,,,
-32.608088,152.23295,SLF1501,22,1.4,6,2022,6,30,1,SL,,,,
-32.61901,152.225728,SLF1501,1,1,10,2022,6,30,2,SL,,,,
-32.608011,152.232925,SLF1501,0,1,6,2022,6,30,3,SL,,,,
-32.60798,152.232874,SLF1501,0,1.1,6,2022,6,30,4,SL,,,,
-32.607954,152.232874,SLF1501,0,1.2,7,2022,6,30,5,SL,,,,
-32.607668,152.232594,SLF1501,0,1.6,6,2022,6,30,6,SL,,,,
-32.608011,152.232823,SLF1501,43,1,8,2022,6,30,7,SL,,,,
-32.605227,152.239639,SLF1501,20,0.7,11,2022,6,30,8,SL,,,,
-32.608088,152.232823,SLF1501,0,1,7,2022,6,30,9,SL,,,,
-32.608291,152.232874,SLF1501,27,1,7,2022,6,30,10,SL,,,,
-32.607929,152.232772,SLF1501,12,1.3,6,2022,6,30,11,SL,,,,
-32.607808,152.23262,SLF1501,0,0.8,9,2022,6,30,12,SL,,,,
-32.60241,152.260594,SLF1501,1,0.7,10,2022,6,30,14,SL,,,,
-32.60248,152.260976,SLF1501,0,0.7,12,2022,6,30,15,SL,,,,
-32.602359,152.261103,SLF1501,0,0.9,10,2022,6,30,16,SL,,,,
-32.610377,152.240351,SLF1501,3,0.7,11,2022,6,30,17,SL,,,,
-32.610122,152.2403,SLF1501,9,0.7,12,2022,6,30,18,SL,,,,
-32.607999,152.232874,SLF1501,0,0.9,8,2022,6,30,19,SL,,,,
-32.607935,152.232798,SLF1501,0,1.5,6,2022,6,30,20,SL,,,,
-32.608031,152.232772,SLF1501,16,1.1,8,2022,6,30,21,SL,,,,
-32.6081,152.232772,SLF1501,5,1.1,8,2022,6,30,22,SL,,,,
-32.608011,152.232823,SLF1501,4,1.1,8,2022,6,30,23,SL,,,,
-32.608139,152.232874,SLF1501,0,0.7,12,2022,7,1,0,SL,,,,
-32.608094,152.232798,SLF1501,8,0.9,9,2022,7,1,1,SL,,,,
-32.608011,152.232899,SLF1501,25,1.2,8,2022,7,1,2,SL,,,,
-32.608024,152.232874,SLF1501,16,0.9,8,2022,7,1,3,SL,,,,
-32.608043,152.232798,SLF1501,0,1.1,7,2022,7,1,4,SL,,,,
-32.607961,152.232976,SLF1501,4,1.1,7,2022,7,1,5,SL,,,,
-32.607948,152.232899,SLF1501,36,1.1,6,2022,7,1,6,SL,,,,
-32.608011,152.232874,SLF1501,9,1.4,6,2022,7,1,7,SL,,,,
-32.607999,152.232823,SLF1501,28,0.9,8,2022,7,1,8,SL,,,,
-32.608329,152.24475,SLF1501,0,0.8,9,2022,7,1,9,SL,,,,
-32.602003,152.2624,SLF1501,0,0.8,10,2022,7,1,10,SL,,,,
-32.601145,152.268249,SLF1501,10,1.1,8,2022,7,1,11,SL,,,,
-32.602321,152.260238,SLF1501,7,0.8,9,2022,7,1,12,SL,,,,
-32.602779,152.257949,SLF1501,3,0.9,9,2022,7,1,13,SL,,,,
-32.608043,152.232849,SLF1501,0,0.8,9,2022,7,1,14,SL,,,,
-32.608081,152.233001,SLF1501,0,1.1,6,2022,7,1,15,SL,,,,
-32.607986,152.232772,SLF1501,0,1.1,7,2022,7,1,16,SL,,,,
-32.608005,152.232823,SLF1501,24,1.1,8,2022,7,1,17,SL,,,,
-32.608011,152.232849,SLF1501,12,0.9,8,2022,7,1,18,SL,,,,
-32.608043,152.232849,SLF1501,11,0.9,8,2022,7,1,19,SL,,,,
-32.608056,152.232823,SLF1501,31,1.6,6,2022,7,1,20,SL,,,,
-32.608005,152.232899,SLF1501,17,0.9,9,2022,7,1,21,SL,,,,
-32.607891,152.232849,SLF1501,0,1.4,7,2022,7,1,22,SL,,,,
-32.607986,152.232823,SLF1501,0,1.3,7,2022,7,1,23,SL,,,,
-32.608081,152.232849,SLF1501,10,0.7,10,2022,7,2,0,SL,,,,
-32.608043,152.232849,SLF1501,15,0.9,9,2022,7,2,1,SL,,,,
-32.608132,152.23262,SLF1501,0,1.3,7,2022,7,2,2,SL,,,,
-32.608043,152.232849,SLF1501,1,1,7,2022,7,2,3,SL,,,,
-32.608075,152.23295,SLF1501,58,0.9,8,2022,7,2,4,SL,,,,
-32.607694,152.233332,SLF1501,58,1.6,6,2022,7,2,5,SL,,,,
-32.60805,152.232772,SLF1501,15,1.2,6,2022,7,2,6,SL,,,,
-32.608018,152.232899,SLF1501,28,1.6,5,2022,7,2,7,SL,,,,
-32.607973,152.232925,SLF1501,19,0.8,10,2022,7,2,8,SL,,,,
-32.603326,152.257085,SLF1501,8,0.8,9,2022,7,2,9,SL,,,,
-32.604928,152.24175,SLF1501,19,0.9,8,2022,7,2,10,SL,,,,
-32.607973,152.232874,SLF1501,21,1,8,2022,7,2,14,SL,,,,
-32.607973,152.232874,SLF1501,20,1.1,8,2022,7,2,15,SL,,,,
-32.608088,152.232798,SLF1501,0,1.1,7,2022,7,2,16,SL,,,,
-32.608081,152.232721,SLF1501,0,1,8,2022,7,2,17,SL,,,,
-32.605386,152.2521,SLF1501,5,0.7,12,2022,7,2,18,SL,,,,
-32.606854,152.248692,SLF1501,0,0.8,9,2022,7,2,19,SL,,,,
-32.607872,152.23295,SLF1501,0,1.2,7,2022,7,2,20,SL,,,,
-32.608024,152.232899,SLF1501,15,0.9,9,2022,7,2,21,SL,,,,
-32.607992,152.232772,SLF1501,9,1.5,7,2022,7,2,22,SL,,,,
-32.608018,152.232823,SLF1501,0,1.3,6,2022,7,2,23,SL,,,,
-32.60805,152.232823,SLF1501,30,1.2,7,2022,7,3,0,SL,,,,
-32.608037,152.232899,SLF1501,7,1,8,2022,7,3,1,SL,,,,
-32.608018,152.232798,SLF1501,23,1.1,7,2022,7,3,2,SL,,,,
-32.608069,152.232976,SLF1501,12,0.9,8,2022,7,3,3,SL,,,,
-32.608018,152.232823,SLF1501,0,0.9,9,2022,7,3,4,SL,,,,
-32.602461,152.255762,SLF1501,1,0.8,10,2022,7,3,5,SL,,,,
-32.607967,152.232798,SLF1501,17,1.1,7,2022,7,3,6,SL,,,,
-32.607973,152.232823,SLF1501,0,1.5,5,2022,7,3,7,SL,,,,
-32.608342,152.232137,SLF1501,0,0.9,9,2022,7,3,11,SL,,,,
-32.608018,152.232518,SLF1501,0,1,7,2022,7,3,13,SL,,,,
-32.603313,152.253041,SLF1501,2,0.8,10,2022,7,3,15,SL,,,,
-32.608558,152.232391,SLF1501,5,1,8,2022,7,3,16,SL,,,,
-32.607986,152.232925,SLF1501,11,1.3,6,2022,7,3,17,SL,,,,
-32.608011,152.232823,SLF1501,26,0.7,10,2022,7,3,18,SL,,,,
-32.607941,152.232899,SLF1501,30,0.9,8,2022,7,3,19,SL,,,,
-32.607897,152.23295,SLF1501,10,1.2,7,2022,7,3,20,SL,,,,
-32.607973,152.232849,SLF1501,17,0.9,9,2022,7,3,21,SL,,,,
-32.607999,152.232899,SLF1501,3,1.6,7,2022,7,3,23,SL,,,,
-32.608043,152.232772,SLF1501,31,0.7,10,2022,7,4,0,SL,,,,
-32.608151,152.232187,SLF1501,71,0.8,10,2022,7,4,3,SL,,,,
-32.608037,152.232899,SLF1501,0,0.9,8,2022,7,4,4,SL,,,,
-32.608069,152.232772,SLF1501,12,0.8,9,2022,7,4,5,SL,,,,
-32.607948,152.232772,SLF1501,21,1.4,6,2022,7,4,6,SL,,,,
-32.6081,152.232874,SLF1501,41,1.4,6,2022,7,4,7,SL,,,,
-32.607751,152.233154,SLF1501,22,1.7,6,2022,7,4,8,SL,,,,
-32.607814,152.231984,SLF1501,0,0.8,9,2022,7,4,9,SL,,,,
-32.607948,152.232823,SLF1501,0,1,8,2022,7,4,10,SL,,,,
-32.608069,152.232874,SLF1501,42,1.3,6,2022,7,4,11,SL,,,,
-32.598996,152.244471,SLF1501,16,0.8,9,2022,7,4,12,SL,,,,
-32.596669,152.250447,SLF1501,7,1,8,2022,7,4,13,SL,,,,
-32.607935,152.232874,SLF1501,52,1.2,6,2022,7,4,14,SL,,,,
-32.607967,152.232772,SLF1501,15,1.1,8,2022,7,4,16,SL,,,,
-32.608062,152.232772,SLF1501,19,0.9,8,2022,7,4,17,SL,,,,
-32.608291,152.233078,SLF1501,7,0.9,9,2022,7,4,18,SL,,,,
-32.608196,152.232874,SLF1501,35,0.9,8,2022,7,4,19,SL,,,,
-32.607961,152.232849,SLF1501,22,0.9,9,2022,7,4,20,SL,,,,
-32.607732,152.233256,SLF1501,31,1,8,2022,7,4,21,SL,,,,
-32.607827,152.233078,SLF1501,12,1.4,6,2022,7,4,22,SL,,,,
-32.608018,152.232874,SLF1501,0,1.1,8,2022,7,4,23,SL,,,,
-32.608062,152.232721,SLF1501,11,0.7,11,2022,7,5,0,SL,,,,
-32.608069,152.232899,SLF1501,0,1.1,7,2022,7,5,2,SL,,,,
-32.608177,152.232899,SLF1501,35,1.2,6,2022,7,5,3,SL,,,,
-32.607922,152.232899,SLF1501,49,1.1,7,2022,7,5,6,SL,,,,
-32.607973,152.232899,SLF1501,11,1,9,2022,7,5,7,SL,,,,
-32.607967,152.232849,SLF1501,36,0.9,8,2022,7,5,8,SL,,,,
-32.608043,152.232823,SLF1501,14,0.8,9,2022,7,5,9,SL,,,,
-32.608266,152.231831,SLF1501,14,1.9,5,2022,7,5,12,SL,,,,
-32.607999,152.232874,SLF1501,27,1.4,4,2022,7,5,13,SL,,,,
-32.607713,152.232671,SLF1501,18,0.9,7,2022,7,5,14,SL,,,,
-32.605322,152.238978,SLF1501,22,1.7,4,2022,7,5,15,SL,,,,
-32.607725,152.232518,SLF1501,0,1.7,5,2022,7,5,16,SL,,,,
-32.607941,152.23262,SLF1501,0,1.9,5,2022,7,5,17,SL,,,,
-32.608088,152.232696,SLF1501,5,1.7,6,2022,7,5,19,SL,,,,
-32.608005,152.232874,SLF1501,16,1.5,6,2022,7,5,20,SL,,,,
-32.608202,152.224685,SLF1501,36,1.6,7,2022,7,5,21,SL,,,,
-32.592912,152.258204,SLF1501,0,1.5,6,2022,7,5,22,SL,,,,
-32.609677,152.241648,SLF1501,0,1,7,2022,7,5,23,SL,,,,
-32.608088,152.232772,SLF1501,9,5.3,4,2022,7,6,0,SL,,,,
-32.608119,152.232798,SLF1501,0,1.3,6,2022,7,6,1,SL,,,,
-32.607967,152.232874,SLF1501,43,1.2,6,2022,7,6,2,SL,,,,
-32.605214,152.233637,SLF1501,39,1,7,2022,7,6,3,SL,,,,
-32.605805,152.230534,SLF1501,41,1.6,4,2022,7,6,4,SL,,,,
-32.616664,152.228246,SLF1501,8,0.8,9,2022,7,6,5,SL,,,,
-32.607999,152.232849,SLF1501,11,1.5,5,2022,7,6,6,SL,,,,
-32.608075,152.232823,SLF1501,32,1.4,5,2022,7,6,8,SL,,,,
-32.608164,152.233179,SLF1501,111,1.2,6,2022,7,6,10,SL,,,,
-32.608139,152.232721,SLF1501,0,1.2,6,2022,7,6,11,SL,,,,
-32.60784,152.232671,SLF1501,0,1.3,6,2022,7,6,12,SL,,,,
-32.608024,152.232823,SLF1501,8,1,7,2022,7,6,13,SL,,,,
-32.608011,152.232849,SLF1501,20,1,8,2022,7,6,14,SL,,,,
-32.607948,152.232899,SLF1501,13,1.5,6,2022,7,6,15,SL,,,,
-32.60805,152.232823,SLF1501,0,1.1,7,2022,7,6,16,SL,,,,
-32.608069,152.232823,SLF1501,15,1.2,6,2022,7,6,17,SL,,,,
-32.608031,152.232696,SLF1501,0,1.4,7,2022,7,6,18,SL,,,,
-32.608024,152.232874,SLF1501,7,1.2,6,2022,7,7,2,SL,,,,
-32.608024,152.232874,SLF1501,16,1.2,6,2022,7,7,3,SL,,,,
-32.608075,152.232849,SLF1501,2,1,7,2022,7,7,4,SL,,,,
-32.60749,152.233357,SLF1501,63,1.1,6,2022,7,7,5,SL,,,,
-32.616722,152.228271,SLF1501,26,0.8,10,2022,7,7,6,SL,,,,
-32.607617,152.232721,SLF1501,25,1,9,2022,7,7,7,SL,,,,
-32.607325,152.23295,SLF1501,72,1.3,7,2022,7,7,8,SL,,,,
-32.608031,152.232899,SLF1501,0,1.4,6,2022,7,7,9,SL,,,,
-32.607967,152.233001,SLF1501,62,1.3,6,2022,7,7,10,SL,,,,
-32.608374,152.23295,SLF1501,19,0.8,10,2022,7,7,11,SL,,,,
-32.605278,152.238825,SLF1501,0,0.8,9,2022,7,7,12,SL,,,,
-32.609442,152.220692,SLF1501,2,0.9,9,2022,7,7,13,SL,,,,
-32.610173,152.23379,SLF1501,12,0.8,10,2022,7,7,15,SL,,,,
-32.608139,152.233383,SLF1501,11,1,9,2022,7,7,16,SL,,,,
-32.602862,152.253524,SLF1501,6,0.9,9,2022,7,7,17,SL,,,,
-32.605068,152.241851,SLF1501,20,0.7,11,2022,7,7,18,SL,,,,
-32.608031,152.232899,SLF1501,0,1.5,6,2022,7,7,19,SL,,,,
-32.608037,152.232849,SLF1501,18,1.2,7,2022,7,7,20,SL,,,,
-32.607039,152.231602,SLF1501,19,0.8,10,2022,7,7,21,SL,,,,
-32.608069,152.231806,SLF1501,0,1,9,2022,7,7,22,SL,,,,
-32.608088,152.232721,SLF1501,0,1,8,2022,7,7,23,SL,,,,
-32.607852,152.232543,SLF1501,0,0.9,9,2022,7,8,0,SL,,,,
-32.607961,152.232899,SLF1501,41,1,7,2022,7,8,2,SL,,,,
-32.599746,152.242207,SLF1501,17,0.9,9,2022,7,8,3,SL,,,,
-32.593147,152.271275,SLF1501,12,0.9,9,2022,7,8,4,SL,,,,
-32.60906,152.233688,SLF1501,16,0.7,11,2022,7,8,5,SL,,,,
-32.60777,152.233052,SLF1501,60,1.2,6,2022,7,8,6,SL,,,,
-32.608005,152.232874,SLF1501,44,1.4,7,2022,7,8,7,SL,,,,
-32.607922,152.232874,SLF1501,51,1.3,6,2022,7,8,8,SL,,,,
-32.608476,152.232849,SLF1501,14,0.8,9,2022,7,8,9,SL,,,,
-32.607992,152.23234,SLF1501,17,0.9,8,2022,7,8,10,SL,,,,
-32.607744,152.232442,SLF1501,3,0.8,10,2022,7,8,11,SL,,,,
-32.608126,152.232289,SLF1501,16,0.7,10,2022,7,8,12,SL,,,,
-32.607891,152.23262,SLF1501,8,0.9,8,2022,7,8,13,SL,,,,
-32.608069,152.23295,SLF1501,6,0.9,8,2022,7,8,14,SL,,,,
-32.608011,152.232696,SLF1501,31,0.9,9,2022,7,8,15,SL,,,,
-32.607484,152.232671,SLF1501,7,1,9,2022,7,8,16,SL,,,,
-32.608037,152.232772,SLF1501,1,0.8,9,2022,7,8,17,SL,,,,
-32.608228,152.232874,SLF1501,4,0.9,9,2022,7,8,18,SL,,,,
-32.608062,152.232874,SLF1501,40,1,8,2022,7,8,19,SL,,,,
-32.60639,152.232289,SLF1501,23,1.2,8,2022,7,8,20,SL,,,,
-32.607992,152.232925,SLF1501,36,1.2,8,2022,7,8,21,SL,,,,
-32.607808,152.232416,SLF1501,0,1.3,7,2022,7,8,22,SL,,,,
-32.608088,152.232874,SLF1501,55,1.8,5,2022,7,8,23,SL,,,,
-32.608298,152.23206,SLF1501,16,0.8,9,2022,7,9,0,SL,,,,
-32.611038,152.227203,SLF1501,13,0.8,10,2022,7,9,1,SL,,,,
-32.60798,152.232925,SLF1501,37,0.9,9,2022,7,9,2,SL,,,,
-32.60805,152.232823,SLF1501,11,1.1,7,2022,7,9,3,SL,,,,
-32.608018,152.232213,SLF1501,11,0.9,9,2022,7,9,4,SL,,,,
-32.607992,152.232798,SLF1501,59,1.6,5,2022,7,9,6,SL,,,,
-32.607935,152.232849,SLF1501,15,1.4,7,2022,7,9,7,SL,,,,
-32.607592,152.232289,SLF1501,52,0.8,9,2022,7,9,8,SL,,,,
-32.608056,152.232823,SLF1501,0,1.2,5,2022,7,9,9,SL,,,,
-32.607471,152.232569,SLF1501,0,1,7,2022,7,9,10,SL,,,,
-32.596504,152.25093,SLF1501,6,1,8,2022,7,9,11,SL,,,,
-32.601285,152.264383,SLF1501,3,0.7,10,2022,7,9,12,SL,,,,
-32.608062,152.232798,SLF1501,16,1,7,2022,7,9,13,SL,,,,
-32.607268,152.232518,SLF1501,16,0.8,10,2022,7,9,14,SL,,,,
-32.608037,152.232874,SLF1501,12,1,8,2022,7,9,15,SL,,,,
-32.607999,152.232823,SLF1501,4,1.2,7,2022,7,9,16,SL,,,,
-32.608107,152.232823,SLF1501,5,1.2,7,2022,7,9,17,SL,,,,
-32.606282,152.249532,SLF1501,0,0.7,11,2022,7,9,18,SL,,,,
-32.607992,152.232289,SLF1501,10,0.9,9,2022,7,9,19,SL,,,,
-32.608088,152.233256,SLF1501,18,0.8,10,2022,7,9,20,SL,,,,
-32.608011,152.232772,SLF1501,10,1.1,8,2022,7,9,21,SL,,,,
-32.607992,152.232899,SLF1501,5,1,9,2022,7,9,22,SL,,,,
-32.608024,152.232823,SLF1501,3,1.4,6,2022,7,9,23,SL,,,,
-32.608037,152.232874,SLF1501,5,1.2,6,2022,7,10,0,SL,,,,
-32.607821,152.232289,SLF1501,16,0.8,9,2022,7,10,1,SL,,,,
-32.60805,152.232849,SLF1501,22,0.8,9,2022,7,10,2,SL,,,,
-32.60805,152.232976,SLF1501,62,1,8,2022,7,10,3,SL,,,,
-32.607986,152.232849,SLF1501,9,1,8,2022,7,10,4,SL,,,,
-32.607935,152.232874,SLF1501,15,1,7,2022,7,10,5,SL,,,,
-32.608005,152.232976,SLF1501,39,1.2,6,2022,7,10,6,SL,,,,
-32.608005,152.232899,SLF1501,17,1.3,8,2022,7,10,7,SL,,,,
-32.60831,152.231857,SLF1501,5,0.9,9,2022,7,10,8,SL,,,,
-32.608062,152.232899,SLF1501,14,1.1,7,2022,7,10,9,SL,,,,
-32.608075,152.232899,SLF1501,36,1.4,6,2022,7,10,10,SL,,,,
-32.60805,152.232823,SLF1501,0,0.9,8,2022,7,10,11,SL,,,,
-32.618743,152.225957,SLF1501,0,0.8,9,2022,7,10,12,SL,,,,
-32.607992,152.232772,SLF1501,14,0.9,8,2022,7,10,13,SL,,,,
-32.607897,152.232849,SLF1501,39,1.1,7,2022,7,10,16,SL,,,,
-32.608037,152.232849,SLF1501,17,1.1,7,2022,7,10,17,SL,,,,
-32.606466,152.237579,SLF1501,11,0.7,11,2022,7,10,18,SL,,,,
-32.61236,152.22527,SLF1501,6,0.9,9,2022,7,10,19,SL,,,,
-32.608107,152.232772,SLF1501,18,0.9,9,2022,7,10,20,SL,,,,
-32.607999,152.232035,SLF1501,12,0.8,10,2022,7,10,21,SL,,,,
-32.607916,152.232594,SLF1501,41,1.4,5,2022,7,10,22,SL,,,,
-32.604089,152.234451,SLF1501,30,0.7,11,2022,7,11,2,SL,,,,
-32.604248,152.250244,SLF1501,2,0.8,9,2022,7,11,3,SL,,,,
-32.608043,152.232823,SLF1501,14,1.3,7,2022,7,11,4,SL,,,,
-32.608081,152.232696,SLF1501,0,0.9,8,2022,7,11,5,SL,,,,
-32.607961,152.233001,SLF1501,60,1.3,6,2022,7,11,6,SL,,,,
-32.608069,152.232798,SLF1501,19,1.5,5,2022,7,11,7,SL,,,,
-32.608208,152.232747,SLF1501,0,1,6,2022,7,11,8,SL,,,,
-32.607751,152.232569,SLF1501,0,0.9,8,2022,7,11,9,SL,,,,
-32.607573,152.232823,SLF1501,56,1,8,2022,7,11,10,SL,,,,
-32.608418,152.233154,SLF1501,17,0.9,8,2022,7,11,11,SL,,,,
-32.608056,152.232976,SLF1501,17,0.9,8,2022,7,11,12,SL,,,,
-32.608654,152.232671,SLF1501,40,1.1,7,2022,7,11,13,SL,,,,
-32.60859,152.232518,SLF1501,0,0.8,9,2022,7,11,14,SL,,,,
-32.608056,152.232645,SLF1501,3,1.1,7,2022,7,11,15,SL,,,,
-32.608075,152.232849,SLF1501,42,1.5,6,2022,7,11,16,SL,,,,
-32.608075,152.232772,SLF1501,9,1.1,7,2022,7,11,17,SL,,,,
-32.607992,152.232823,SLF1501,0,0.9,8,2022,7,11,18,SL,,,,
-32.608056,152.232747,SLF1501,1,1,8,2022,7,11,19,SL,,,,
-32.607763,152.232365,SLF1501,24,0.8,10,2022,7,11,20,SL,,,,
-32.60805,152.232925,SLF1501,18,1.4,7,2022,7,11,21,SL,,,,
-32.607935,152.232899,SLF1501,0,1.1,8,2022,7,11,22,SL,,,,
-32.60784,152.23351,SLF1501,107,1.2,6,2022,7,11,23,SL,,,,
-32.608056,152.232823,SLF1501,12,1,8,2022,7,12,0,SL,,,,
-32.608145,152.232874,SLF1501,0,1.1,7,2022,7,12,1,SL,,,,
-32.608043,152.232874,SLF1501,12,0.9,8,2022,7,12,2,SL,,,,
-32.607961,152.232899,SLF1501,36,1.1,7,2022,7,12,3,SL,,,,
-32.607992,152.232899,SLF1501,22,1,8,2022,7,12,4,SL,,,,
-32.608011,152.232798,SLF1501,14,1,8,2022,7,12,5,SL,,,,
-32.607999,152.232772,SLF1501,26,1.5,6,2022,7,12,6,SL,,,,
-32.609086,152.242131,SLF1501,14,0.8,10,2022,7,12,7,SL,,,,
-32.607897,152.232518,SLF1501,17,0.8,10,2022,7,12,8,SL,,,,
-32.608031,152.232849,SLF1501,9,1,7,2022,7,12,9,SL,,,,
-32.60777,152.232569,SLF1501,40,1,8,2022,7,12,10,SL,,,,
-32.6077,152.232645,SLF1501,5,0.8,9,2022,7,12,11,SL,,,,
-32.607407,152.232315,SLF1501,0,0.8,9,2022,7,12,12,SL,,,,
-32.607592,152.232594,SLF1501,5,0.9,8,2022,7,12,13,SL,,,,
-32.607719,152.232442,SLF1501,44,0.7,12,2022,7,12,14,SL,,,,
-32.607973,152.231806,SLF1501,11,0.8,10,2022,7,12,15,SL,,,,
-32.60859,152.232416,SLF1501,23,0.8,10,2022,7,12,16,SL,,,,
-32.608075,152.232823,SLF1501,11,0.9,8,2022,7,12,17,SL,,,,
-32.608088,152.232874,SLF1501,1,0.8,9,2022,7,12,18,SL,,,,
-32.607217,152.234451,SLF1501,3,0.9,9,2022,7,12,19,SL,,,,
-32.607687,152.232798,SLF1501,23,0.9,9,2022,7,12,20,SL,,,,
-32.608024,152.232925,SLF1501,0,1.1,8,2022,7,12,22,SL,,,,
-32.608005,152.233052,SLF1501,16,0.8,10,2022,7,12,23,SL,,,,
-32.607929,152.23295,SLF1501,32,1.1,7,2022,7,13,0,SL,,,,
-32.607929,152.232874,SLF1501,64,1.1,7,2022,7,13,1,SL,,,,
-32.60798,152.232823,SLF1501,25,0.9,8,2022,7,13,2,SL,,,,
-32.607992,152.232823,SLF1501,14,0.9,8,2022,7,13,4,SL,,,,
-32.608107,152.232849,SLF1501,9,1.1,7,2022,7,13,5,SL,,,,
-32.607954,152.232849,SLF1501,17,1.4,6,2022,7,13,6,SL,,,,
-32.607897,152.232874,SLF1501,18,0.9,9,2022,7,13,7,SL,,,,
-32.607585,152.233332,SLF1501,79,1.2,6,2022,7,13,8,SL,,,,
-32.608406,152.233154,SLF1501,12,0.8,10,2022,7,13,9,SL,,,,
-32.608005,152.232976,SLF1501,0,1.3,6,2022,7,13,10,SL,,,,
-32.608011,152.232772,SLF1501,24,1,8,2022,7,13,11,SL,,,,
-32.607598,152.232442,SLF1501,0,0.8,9,2022,7,13,12,SL,,,,
-32.60899,152.232467,SLF1501,11,0.8,9,2022,7,13,13,SL,,,,
-32.608094,152.232849,SLF1501,0,0.8,9,2022,7,13,14,SL,,,,
-32.608024,152.232747,SLF1501,0,0.8,10,2022,7,13,15,SL,,,,
-32.607585,152.232645,SLF1501,16,0.8,10,2022,7,13,16,SL,,,,
-32.600814,152.259424,SLF1501,3,0.7,10,2022,7,13,17,SL,,,,
-32.608081,152.232823,SLF1501,17,0.8,9,2022,7,13,18,SL,,,,
-32.607903,152.232925,SLF1501,0,3,4,2022,7,13,19,SL,,,,
-32.608094,152.232747,SLF1501,20,1.4,8,2022,7,13,20,SL,,,,
-32.607986,152.232874,SLF1501,53,1.3,7,2022,7,13,21,SL,,,,
-32.608018,152.232874,SLF1501,4,1.2,8,2022,7,13,22,SL,,,,
-32.608113,152.232798,SLF1501,33,0.9,9,2022,7,13,23,SL,,,,
-32.614573,152.221532,SLF1501,20,1.1,10,2022,7,14,1,SL,,,,
-32.599473,152.244878,SLF1501,0,0.8,10,2022,7,14,2,SL,,,,
-32.607865,152.232772,SLF1501,0,1.3,6,2022,7,14,4,SL,,,,
-32.607535,152.233103,SLF1501,97,0.9,8,2022,7,14,5,SL,,,,
-32.60817,152.234629,SLF1501,48,0.9,10,2022,7,14,6,SL,,,,
-32.607929,152.23295,SLF1501,31,1.9,7,2022,7,14,7,SL,,,,
-32.607935,152.232925,SLF1501,41,0.9,8,2022,7,14,8,SL,,,,
-32.608202,152.233459,SLF1501,60,1,7,2022,7,14,9,SL,,,,
-32.607808,152.233256,SLF1501,167,1.3,6,2022,7,14,10,SL,,,,
-32.607884,152.233154,SLF1501,39,1.1,7,2022,7,14,11,SL,,,,
-32.600427,152.236816,SLF1501,8,1.1,8,2022,7,14,12,SL,,,,
-32.599327,152.236053,SLF1501,1,1,7,2022,7,14,13,SL,,,,
-32.607954,152.23295,SLF1501,0,1,7,2022,7,14,18,SL,,,,
-32.608164,152.232543,SLF1501,0,1.3,7,2022,7,14,19,SL,,,,
-32.608037,152.232849,SLF1501,11,1,8,2022,7,14,20,SL,,,,
-32.608024,152.232747,SLF1501,6,1.4,7,2022,7,14,21,SL,,,,
-32.607814,152.232645,SLF1501,45,1.2,7,2022,7,14,22,SL,,,,
-32.607891,152.232416,SLF1501,0,0.8,10,2022,7,14,23,SL,,,,
-32.608215,152.231908,SLF1501,15,0.8,10,2022,7,15,0,SL,,,,
-32.611661,152.226364,SLF1501,8,0.8,10,2022,7,15,2,SL,,,,
-32.605303,152.233281,SLF1501,11,1.1,8,2022,7,15,3,SL,,,,
-32.607821,152.232543,SLF1501,0,0.9,9,2022,7,15,4,SL,,,,
-32.60798,152.232467,SLF1501,0,1,8,2022,7,15,5,SL,,,,
-32.607929,152.232467,SLF1501,5,1.4,6,2022,7,15,6,SL,,,,
-32.610733,152.233484,SLF1501,23,0.8,11,2022,7,15,7,SL,,,,
-32.617872,152.222244,SLF1501,7,0.8,9,2022,7,15,8,SL,,,,
-32.608476,152.232823,SLF1501,0,0.9,8,2022,7,15,9,SL,,,,
-32.60798,152.232264,SLF1501,15,1,8,2022,7,15,10,SL,,,,
-32.608247,152.231831,SLF1501,16,0.8,9,2022,7,15,11,SL,,,,
-32.608399,152.233713,SLF1501,12,1.5,7,2022,7,15,12,SL,,,,
-32.603243,152.258382,SLF1501,0,0.8,9,2022,7,15,13,SL,,,,
-32.600891,152.264714,SLF1501,3,0.7,12,2022,7,15,14,SL,,,,
-32.607598,152.232569,SLF1501,2,0.9,10,2022,7,15,15,SL,,,,
-32.607999,152.232823,SLF1501,19,1,8,2022,7,15,16,SL,,,,
-32.608088,152.232849,SLF1501,9,0.8,9,2022,7,15,17,SL,,,,
-32.608126,152.232823,SLF1501,20,1,7,2022,7,15,18,SL,,,,
-32.6081,152.232365,SLF1501,3,0.9,8,2022,7,15,19,SL,,,,
-32.599346,152.24325,SLF1501,13,1,9,2022,7,15,20,SL,,,,
-32.607961,152.232467,SLF1501,41,0.9,9,2022,7,15,21,SL,,,,
-32.607179,152.233891,SLF1501,0,0.9,9,2022,7,15,22,SL,,,,
-32.608418,152.233001,SLF1501,0,1,8,2022,7,15,23,SL,,,,
-32.607999,152.232823,SLF1501,23,1.2,7,2022,7,16,0,SL,,,,
-32.608031,152.232874,SLF1501,0,1,9,2022,7,16,1,SL,,,,
-32.608069,152.232874,SLF1501,4,0.9,8,2022,7,16,2,SL,,,,
-32.602436,152.245361,SLF1501,18,1,8,2022,7,16,3,SL,,,,
-32.607382,152.232645,SLF1501,9,0.8,9,2022,7,16,4,SL,,,,
-32.607992,152.232798,SLF1501,9,1.1,7,2022,7,16,5,SL,,,,
-32.608094,152.232823,SLF1501,23,1.4,6,2022,7,16,6,SL,,,,
-32.608145,152.232009,SLF1501,32,0.9,9,2022,7,16,7,SL,,,,
-32.608139,152.232798,SLF1501,0,1,7,2022,7,16,8,SL,,,,
-32.608069,152.232798,SLF1501,9,1.4,7,2022,7,16,9,SL,,,,
-32.611324,152.233891,SLF1501,0,0.9,9,2022,7,16,12,SL,,,,
-32.607744,152.232365,SLF1501,30,0.7,10,2022,7,16,13,SL,,,,
-32.607967,152.231679,SLF1501,38,0.7,10,2022,7,16,14,SL,,,,
-32.607903,152.232747,SLF1501,19,1.1,8,2022,7,16,15,SL,,,,
-32.605665,152.239461,SLF1501,23,0.7,11,2022,7,16,16,SL,,,,
-32.608062,152.232823,SLF1501,6,0.9,9,2022,7,16,17,SL,,,,
-32.608018,152.232823,SLF1501,4,0.9,8,2022,7,16,18,SL,,,,
-32.608088,152.232798,SLF1501,7,1.1,8,2022,7,16,19,SL,,,,
-32.601342,152.268402,SLF1501,5,0.9,9,2022,7,16,20,SL,,,,
-32.604565,152.251134,SLF1501,2,0.9,10,2022,7,16,21,SL,,,,
-32.608043,152.232823,SLF1501,0,0.9,9,2022,7,16,22,SL,,,,
-32.608088,152.232772,SLF1501,16,0.9,10,2022,7,16,23,SL,,,,
-32.607751,152.232747,SLF1501,13,0.8,10,2022,7,17,0,SL,,,,
-32.601329,152.268147,SLF1501,0,0.9,10,2022,7,17,1,SL,,,,
-32.608189,152.232137,SLF1501,9,0.8,10,2022,7,17,2,SL,,,,
-32.6081,152.23234,SLF1501,70,1.2,7,2022,7,17,3,SL,,,,
-32.608056,152.235977,SLF1501,16,0.8,10,2022,7,17,4,SL,,,,
-32.608024,152.232823,SLF1501,6,1.2,6,2022,7,17,5,SL,,,,
-32.608037,152.232849,SLF1501,24,1.3,7,2022,7,17,6,SL,,,,
-32.607973,152.232874,SLF1501,12,0.9,9,2022,7,17,7,SL,,,,
-32.607891,152.232671,SLF1501,0,1.5,6,2022,7,17,9,SL,,,,
-32.608005,152.232747,SLF1501,29,1.3,6,2022,7,17,10,SL,,,,
-32.608348,152.232365,SLF1501,0,0.7,10,2022,7,17,11,SL,,,,
-32.607592,152.232976,SLF1501,7,0.9,9,2022,7,17,12,SL,,,,
-32.608024,152.232874,SLF1501,20,0.8,9,2022,7,17,13,SL,,,,
-32.608094,152.232823,SLF1501,13,1.4,6,2022,7,17,14,SL,,,,
-32.608018,152.232772,SLF1501,0,0.9,9,2022,7,17,15,SL,,,,
-32.607585,152.232391,SLF1501,23,0.8,10,2022,7,17,16,SL,,,,
-32.610332,152.230509,SLF1501,18,0.8,11,2022,7,17,17,SL,,,,
-32.608011,152.232823,SLF1501,1,0.9,8,2022,7,17,18,SL,,,,
-32.607973,152.232925,SLF1501,6,0.9,9,2022,7,17,19,SL,,,,
-32.608355,152.232899,SLF1501,46,1.1,8,2022,7,17,20,SL,,,,
-32.607535,152.231781,SLF1501,10,1.1,9,2022,7,17,21,SL,,,,
-32.608005,152.232874,SLF1501,13,1.1,8,2022,7,17,22,SL,,,,
-32.609035,152.242335,SLF1501,7,0.9,10,2022,7,17,23,SL,,,,
-32.607967,152.232798,SLF1501,15,0.9,8,2022,7,18,0,SL,,,,
-32.607833,152.232772,SLF1501,2,1,8,2022,7,18,1,SL,,,,
-32.60798,152.232823,SLF1501,3,0.9,8,2022,7,18,2,SL,,,,
-32.608043,152.232899,SLF1501,48,0.9,8,2022,7,18,3,SL,,,,
-32.607439,152.233154,SLF1501,0,0.8,10,2022,7,18,4,SL,,,,
-32.607916,152.232594,SLF1501,16,1,8,2022,7,18,5,SL,,,,
-32.607878,152.232671,SLF1501,12,1,9,2022,7,18,6,SL,,,,
-32.608723,152.237325,SLF1501,16,0.7,11,2022,7,18,7,SL,,,,
-32.6081,152.232747,SLF1501,0,1,7,2022,7,18,8,SL,,,,
-32.607935,152.232747,SLF1501,0,1.1,7,2022,7,18,9,SL,,,,
-32.60798,152.232671,SLF1501,0,1,7,2022,7,18,10,SL,,,,
-32.608075,152.232721,SLF1501,0,0.9,8,2022,7,18,11,SL,,,,
-32.60798,152.232849,SLF1501,9,0.9,9,2022,7,18,12,SL,,,,
-32.607198,152.236384,SLF1501,33,0.8,10,2022,7,18,13,SL,,,,
-32.608018,152.232899,SLF1501,25,0.9,8,2022,7,18,14,SL,,,,
-32.607865,152.232569,SLF1501,0,0.9,9,2022,7,18,15,SL,,,,
-32.607884,152.232518,SLF1501,19,0.9,9,2022,7,18,16,SL,,,,
-32.607865,152.232594,SLF1501,6,0.6,12,2022,7,18,17,SL,,,,
-32.593598,152.256754,SLF1501,0,0.8,10,2022,7,18,18,SL,,,,
-32.611883,152.234959,SLF1501,2,0.9,9,2022,7,18,19,SL,,,,
-32.607948,152.232823,SLF1501,18,0.8,10,2022,7,18,20,SL,,,,
-32.604661,152.235036,SLF1501,0,0.9,10,2022,7,18,21,SL,,,,
-32.606695,152.231882,SLF1501,17,0.7,11,2022,7,18,22,SL,,,,
-32.607897,152.232747,SLF1501,29,0.7,11,2022,7,18,23,SL,,,,
-32.60791,152.232747,SLF1501,32,0.8,9,2022,7,19,0,SL,,,,
-32.608228,152.231882,SLF1501,0,0.9,9,2022,7,19,1,SL,,,,
-32.607929,152.232772,SLF1501,10,1,7,2022,7,19,2,SL,,,,
-32.608024,152.232823,SLF1501,10,0.9,8,2022,7,19,3,SL,,,,
-32.607954,152.232874,SLF1501,20,0.8,9,2022,7,19,4,SL,,,,
-32.607992,152.232925,SLF1501,41,1.3,7,2022,7,19,5,SL,,,,
-32.608202,152.231806,SLF1501,25,0.7,11,2022,7,19,6,SL,,,,
-32.608755,152.231908,SLF1501,18,0.8,10,2022,7,19,7,SL,,,,
-32.606149,152.227432,SLF1501,2,0.9,8,2022,7,19,8,SL,,,,
-32.607617,152.221252,SLF1501,0,0.9,8,2022,7,19,9,SL,,,,
-32.605227,152.231602,SLF1501,36,1.2,7,2022,7,19,10,SL,,,,
-32.608069,152.232925,SLF1501,10,0.8,9,2022,7,19,11,SL,,,,
-32.606638,152.222981,SLF1501,0,1.4,5,2022,7,19,12,SL,,,,
-32.606727,152.222778,SLF1501,6,0.8,10,2022,7,19,13,SL,,,,
-32.607776,152.232518,SLF1501,7,0.8,9,2022,7,19,14,SL,,,,
-32.607865,152.232213,SLF1501,3,1,9,2022,7,19,15,SL,,,,
-32.607897,152.232391,SLF1501,5,0.9,9,2022,7,19,16,SL,,,,
-32.60805,152.232849,SLF1501,17,0.7,11,2022,7,19,17,SL,,,,
-32.608037,152.232823,SLF1501,9,0.9,8,2022,7,19,18,SL,,,,
-32.603427,152.257873,SLF1501,6,0.9,9,2022,7,19,19,SL,,,,
-32.600814,152.241241,SLF1501,22,0.8,10,2022,7,19,20,SL,,,,
-32.608024,152.232823,SLF1501,9,1,9,2022,7,19,21,SL,,,,
-32.607929,152.232925,SLF1501,7,1,10,2022,7,19,22,SL,,,,
-32.608069,152.232849,SLF1501,23,0.8,10,2022,7,19,23,SL,,,,
-32.60817,152.233052,SLF1501,47,0.9,8,2022,7,20,0,SL,,,,
-32.607827,152.232467,SLF1501,0,0.8,10,2022,7,20,1,SL,,,,
-32.608596,152.232569,SLF1501,3,0.8,10,2022,7,20,2,SL,,,,
-32.608539,152.232569,SLF1501,16,1.1,7,2022,7,20,3,SL,,,,
-32.608495,152.232645,SLF1501,22,1.1,7,2022,7,20,4,SL,,,,
-32.60852,152.232467,SLF1501,35,0.8,9,2022,7,20,5,SL,,,,
-32.60791,152.232925,SLF1501,0,1.7,5,2022,7,20,6,SL,,,,
-32.607961,152.232823,SLF1501,35,0.9,8,2022,7,20,7,SL,,,,
-32.607655,152.246607,SLF1501,20,0.8,9,2022,7,20,8,SL,,,,
-32.593605,152.255966,SLF1501,0,0.9,8,2022,7,20,9,SL,,,,
-32.594952,152.25093,SLF1501,10,1.3,6,2022,7,20,10,SL,,,,
-32.608011,152.232823,SLF1501,5,1.2,7,2022,7,20,12,SL,,,,
-32.607102,152.233179,SLF1501,18,0.8,9,2022,7,20,13,SL,,,,
-32.607719,152.233078,SLF1501,2,0.8,10,2022,7,20,14,SL,,,,
-32.607713,152.233052,SLF1501,5,1,9,2022,7,20,15,SL,,,,
-32.60728,152.233357,SLF1501,45,0.8,9,2022,7,20,17,SL,,,,
-32.607325,152.233052,SLF1501,0,0.9,9,2022,7,20,18,SL,,,,
-32.607153,152.23295,SLF1501,24,0.8,10,2022,7,20,19,SL,,,,
-32.607109,152.23295,SLF1501,28,0.8,10,2022,7,20,20,SL,,,,
-32.607077,152.233001,SLF1501,0,1.1,8,2022,7,20,21,SL,,,,
-32.607318,152.233256,SLF1501,7,0.9,10,2022,7,20,22,SL,,,,
-32.617904,152.227025,SLF1501,3,0.7,11,2022,7,20,23,SL,,,,
-32.60707,152.233078,SLF1501,0,0.8,10,2022,7,21,0,SL,,,,
-32.607153,152.233256,SLF1501,8,0.9,9,2022,7,21,1,SL,,,,
-32.606899,152.233179,SLF1501,54,0.8,10,2022,7,21,2,SL,,,,
-32.608208,152.231908,SLF1501,11,1.2,7,2022,7,21,3,SL,,,,
-32.604349,152.229619,SLF1501,43,0.8,10,2022,7,21,4,SL,,,,
-32.603974,152.230865,SLF1501,77,1.1,7,2022,7,21,5,SL,,,,
-32.603961,152.230916,SLF1501,65,0.9,9,2022,7,21,6,SL,,,,
-32.604089,152.230738,SLF1501,20,0.8,9,2022,7,21,7,SL,,,,
-32.608005,152.232009,SLF1501,0,0.8,9,2022,7,21,8,SL,,,,
-32.607865,152.231831,SLF1501,0,1.3,7,2022,7,21,9,SL,,,,
-32.607941,152.231806,SLF1501,7,0.9,9,2022,7,21,10,SL,,,,
-32.61222,152.234018,SLF1501,1,0.8,9,2022,7,21,11,SL,,,,
-32.607401,152.232543,SLF1501,5,0.9,8,2022,7,21,12,SL,,,,
-32.607388,152.232594,SLF1501,81,0.8,9,2022,7,21,13,SL,,,,
-32.599873,152.241444,SLF1501,0,1.1,9,2022,7,21,14,SL,,,,
-32.58918,152.254033,SLF1501,0,1,8,2022,7,21,15,SL,,,,
-32.604108,152.252685,SLF1501,0,0.9,9,2022,7,21,16,SL,,,,
-32.607204,152.233052,SLF1501,5,0.8,10,2022,7,21,17,SL,,,,
-32.607147,152.23295,SLF1501,16,0.9,8,2022,7,21,18,SL,,,,
-32.607128,152.23323,SLF1501,27,0.9,9,2022,7,21,19,SL,,,,
-32.607274,152.233306,SLF1501,0,0.8,10,2022,7,21,20,SL,,,,
-32.607261,152.233256,SLF1501,28,1.3,7,2022,7,21,21,SL,,,,
-32.607147,152.233128,SLF1501,0,0.9,10,2022,7,21,22,SL,,,,
-32.607274,152.23323,SLF1501,0,0.7,10,2022,7,21,23,SL,,,,
-32.607109,152.233179,SLF1501,18,0.8,10,2022,7,22,0,SL,,,,
-32.60721,152.233179,SLF1501,5,0.8,10,2022,7,22,1,SL,,,,
-32.607763,152.232696,SLF1501,15,0.8,9,2022,7,22,2,SL,,,,
-32.596332,152.238901,SLF1501,9,1.8,4,2022,7,22,3,SL,,,,
-32.598576,152.245437,SLF1501,8,0.8,9,2022,7,22,4,SL,,,,
-32.607115,152.233128,SLF1501,0,1.5,5,2022,7,22,5,SL,,,,
-32.607032,152.233205,SLF1501,24,1.3,6,2022,7,22,6,SL,,,,
-32.608628,152.243886,SLF1501,2,0.8,9,2022,7,22,7,SL,,,,
-32.591519,152.267766,SLF1501,4,0.9,8,2022,7,22,8,SL,,,,
-32.590305,152.25093,SLF1501,117,1.5,6,2022,7,22,9,SL,,,,
-32.589135,152.245386,SLF1501,39,0.8,9,2022,7,22,11,SL,,,,
-32.589974,152.247116,SLF1501,39,1.1,7,2022,7,22,12,SL,,,,
-32.589847,152.246632,SLF1501,8,1.3,6,2022,7,22,13,SL,,,,
-32.589873,152.246607,SLF1501,0,1,8,2022,7,22,14,SL,,,,
-32.58986,152.246531,SLF1501,0,1.1,8,2022,7,22,15,SL,,,,
-32.589656,152.245335,SLF1501,0,0.8,10,2022,7,22,16,SL,,,,
-32.594329,152.244827,SLF1501,35,0.8,10,2022,7,22,17,SL,,,,
-32.607242,152.232772,SLF1501,52,1.2,7,2022,7,22,18,SL,,,,
-32.606784,152.232569,SLF1501,11,0.9,9,2022,7,22,19,SL,,,,
-32.606759,152.232442,SLF1501,26,0.8,9,2022,7,22,20,SL,,,,
-32.606886,152.232594,SLF1501,63,1,9,2022,7,22,21,SL,,,,
-32.606861,152.232569,SLF1501,24,0.9,10,2022,7,22,22,SL,,,,
-32.607147,152.233179,SLF1501,14,1.3,7,2022,7,22,23,SL,,,,
-32.60707,152.233256,SLF1501,25,1.3,7,2022,7,23,0,SL,,,,
-32.607166,152.233179,SLF1501,0,0.9,8,2022,7,23,1,SL,,,,
-32.60709,152.233078,SLF1501,31,1.1,7,2022,7,23,2,SL,,,,
-32.606962,152.233052,SLF1501,34,1,8,2022,7,23,3,SL,,,,
-32.60714,152.23295,SLF1501,0,0.9,9,2022,7,23,4,SL,,,,
-32.608043,152.232035,SLF1501,33,1,8,2022,7,23,5,SL,,,,
-32.607312,152.232569,SLF1501,3,1.2,8,2022,7,23,6,SL,,,,
-32.607236,152.232899,SLF1501,6,1.2,6,2022,7,23,7,SL,,,,
-32.607083,152.232823,SLF1501,0,1,7,2022,7,23,8,SL,,,,
-32.607808,152.232238,SLF1501,0,0.8,9,2022,7,23,9,SL,,,,
-32.608215,152.231755,SLF1501,7,0.8,10,2022,7,23,10,SL,,,,
-32.607204,152.233128,SLF1501,5,1,8,2022,7,23,11,SL,,,,
-32.60784,152.231959,SLF1501,3,0.9,9,2022,7,23,12,SL,,,,
-32.608526,152.232518,SLF1501,13,0.9,8,2022,7,23,13,SL,,,,
-32.608584,152.232315,SLF1501,16,0.7,11,2022,7,23,14,SL,,,,
-32.608609,152.23234,SLF1501,7,1.1,8,2022,7,23,15,SL,,,,
-32.608711,152.232315,SLF1501,19,0.9,8,2022,7,23,16,SL,,,,
-32.605767,152.228042,SLF1501,3,0.8,10,2022,7,23,17,SL,,,,
-32.607096,152.233281,SLF1501,0,1,8,2022,7,23,18,SL,,,,
-32.607153,152.233154,SLF1501,13,1.3,7,2022,7,23,19,SL,,,,
-32.607986,152.23173,SLF1501,21,0.9,9,2022,7,23,20,SL,,,,
-32.60735,152.232849,SLF1501,0,1.1,8,2022,7,23,21,SL,,,,
-32.607369,152.232798,SLF1501,6,0.8,11,2022,7,23,22,SL,,,,
-32.607191,152.233001,SLF1501,13,1,8,2022,7,23,23,SL,,,,
-32.608107,152.232315,SLF1501,41,0.8,9,2022,7,24,0,SL,,,,
-32.607248,152.233103,SLF1501,5,0.8,9,2022,7,24,1,SL,,,,
-32.606644,152.23295,SLF1501,29,0.8,9,2022,7,24,2,SL,,,,
-32.606803,152.233052,SLF1501,12,1,8,2022,7,24,3,SL,,,,
-32.60536,152.23206,SLF1501,21,0.9,8,2022,7,24,4,SL,,,,
-32.60714,152.233103,SLF1501,3,0.8,10,2022,7,24,5,SL,,,,
-32.607051,152.233052,SLF1501,34,1,9,2022,7,24,6,SL,,,,
-32.607401,152.232213,SLF1501,0,0.9,8,2022,7,24,7,SL,,,,
-32.607121,152.233001,SLF1501,0,1.1,7,2022,7,24,8,SL,,,,
-32.607331,152.233001,SLF1501,44,1.2,7,2022,7,24,9,SL,,,,
-32.608113,152.232518,SLF1501,0,0.8,9,2022,7,24,10,SL,,,,
-32.607999,152.232416,SLF1501,0,0.8,9,2022,7,24,11,SL,,,,
-32.607115,152.233179,SLF1501,8,0.9,8,2022,7,24,12,SL,,,,
-32.607624,152.232187,SLF1501,30,0.8,10,2022,7,24,13,SL,,,,
-32.607643,152.232213,SLF1501,0,0.7,11,2022,7,24,14,SL,,,,
-32.589993,152.246505,SLF1501,17,1,9,2022,7,24,15,SL,,,,
-32.596752,152.247751,SLF1501,3,0.9,8,2022,7,24,16,SL,,,,
-32.599002,152.269724,SLF1501,0,0.7,11,2022,7,24,17,SL,,,,
-32.60859,152.244242,SLF1501,0,0.9,9,2022,7,24,18,SL,,,,
-32.607299,152.232696,SLF1501,2,0.9,9,2022,7,24,19,SL,,,,
-32.607516,152.232569,SLF1501,0,0.9,9,2022,7,24,20,SL,,,,
-32.607585,152.232569,SLF1501,18,1.1,8,2022,7,24,21,SL,,,,
-32.607687,152.232696,SLF1501,15,0.8,11,2022,7,24,22,SL,,,,
-32.609912,152.218963,SLF1501,5,1.1,7,2022,7,24,23,SL,,,,
-32.607058,152.233179,SLF1501,29,1.6,6,2022,7,25,0,SL,,,,
-32.607541,152.23323,SLF1501,0,1,8,2022,7,25,1,SL,,,,
-32.607363,152.233001,SLF1501,36,1,8,2022,7,25,2,SL,,,,
-32.607452,152.231602,SLF1501,26,0.9,9,2022,7,25,3,SL,,,,
-32.607217,152.233052,SLF1501,0,0.8,9,2022,7,25,4,SL,,,,
-32.607039,152.233154,SLF1501,30,1,8,2022,7,25,5,SL,,,,
-32.60714,152.233179,SLF1501,30,1.4,7,2022,7,25,6,SL,,,,
-32.607147,152.233103,SLF1501,0,0.8,9,2022,7,25,7,SL,,,,
-32.607039,152.23295,SLF1501,49,1.2,6,2022,7,25,8,SL,,,,
-32.607147,152.23323,SLF1501,86,1.8,5,2022,7,25,9,SL,,,,
-32.60728,152.233434,SLF1501,37,1.6,6,2022,7,25,10,SL,,,,
-32.608215,152.233408,SLF1501,136,1.8,6,2022,7,25,11,SL,,,,
-32.60805,152.232035,SLF1501,0,0.9,8,2022,7,25,13,SL,,,,
-32.607814,152.232009,SLF1501,3,0.9,9,2022,7,25,14,SL,,,,
-32.60709,152.232976,SLF1501,1,0.8,10,2022,7,25,15,SL,,,,
-32.610694,152.233179,SLF1501,13,0.8,10,2022,7,25,16,SL,,,,
-32.607846,152.232162,SLF1501,0,0.7,11,2022,7,25,17,SL,,,,
-32.607128,152.233306,SLF1501,0,1.2,7,2022,7,25,18,SL,,,,
-32.60742,152.232671,SLF1501,0,1,8,2022,7,25,19,SL,,,,
-32.607077,152.232823,SLF1501,0,1,8,2022,7,25,20,SL,,,,
-32.607541,152.232569,SLF1501,9,1.1,8,2022,7,25,21,SL,,,,
-32.604508,152.232899,SLF1501,6,0.7,10,2022,7,25,22,SL,,,,
-32.606708,152.229136,SLF1501,0,0.9,8,2022,7,25,23,SL,,,,
-32.606422,152.229517,SLF1501,7,1,9,2022,7,26,0,SL,,,,
-32.607242,152.233103,SLF1501,7,1,8,2022,7,26,1,SL,,,,
-32.606435,152.229441,SLF1501,6,0.8,9,2022,7,26,2,SL,,,,
-32.606428,152.229644,SLF1501,22,0.7,10,2022,7,26,3,SL,,,,
-32.606689,152.232976,SLF1501,16,0.9,8,2022,7,26,4,SL,,,,
-32.607013,152.232899,SLF1501,18,1,8,2022,7,26,5,SL,,,,
-32.60777,152.232162,SLF1501,29,0.8,10,2022,7,26,6,SL,,,,
-32.605182,152.232289,SLF1501,0,0.9,7,2022,7,26,7,SL,,,,
-32.605138,152.232289,SLF1501,36,1,7,2022,7,26,8,SL,,,,
-32.604585,152.232238,SLF1501,7,1.2,7,2022,7,26,9,SL,,,,
-32.607287,152.233103,SLF1501,2,0.8,9,2022,7,26,10,SL,,,,
-32.607198,152.233179,SLF1501,18,1,7,2022,7,26,11,SL,,,,
-32.602798,152.230611,SLF1501,16,1.3,6,2022,7,26,12,SL,,,,
-32.60714,152.233205,SLF1501,15,0.8,9,2022,7,26,13,SL,,,,
-32.608539,152.232518,SLF1501,0,1.1,7,2022,7,26,14,SL,,,,
-32.60852,152.232518,SLF1501,18,0.9,9,2022,7,26,15,SL,,,,
-32.607331,152.233078,SLF1501,8,0.7,11,2022,7,26,16,SL,,,,
-32.608139,152.231831,SLF1501,5,0.8,10,2022,7,26,17,SL,,,,
-32.607318,152.23262,SLF1501,3,0.8,9,2022,7,26,18,SL,,,,
-32.607058,152.233205,SLF1501,39,0.8,10,2022,7,26,19,SL,,,,
-32.607121,152.233306,SLF1501,15,1.1,8,2022,7,26,20,SL,,,,
-32.607045,152.23323,SLF1501,0,1.1,8,2022,7,26,21,SL,,,,
-32.607166,152.233154,SLF1501,5,1,10,2022,7,26,22,SL,,,,
-32.607153,152.233103,SLF1501,21,0.9,8,2022,7,26,23,SL,,,,
-32.60721,152.233103,SLF1501,9,1.1,9,2022,7,27,0,SL,,,,
-32.607337,152.231348,SLF1501,10,0.8,10,2022,7,27,1,SL,,,,
-32.607134,152.233052,SLF1501,0,1,8,2022,7,27,2,SL,,,,
-32.606498,152.229543,SLF1501,8,0.8,9,2022,7,27,3,SL,,,,
-32.601902,152.245997,SLF1501,16,0.8,9,2022,7,27,4,SL,,,,
-32.606727,152.233434,SLF1501,31,1.1,7,2022,7,27,5,SL,,,,
-32.606892,152.233281,SLF1501,12,1,8,2022,7,27,6,SL,,,,
-32.607884,152.231704,SLF1501,0,1.2,7,2022,7,27,7,SL,,,,
-32.60742,152.232823,SLF1501,11,1,6,2022,7,27,8,SL,,,,
-32.607096,152.233281,SLF1501,37,1.3,6,2022,7,27,9,SL,,,,
-32.607064,152.233434,SLF1501,3,1,7,2022,7,27,10,SL,,,,
-32.607903,152.233535,SLF1501,0,0.9,8,2022,7,27,11,SL,,,,
-32.608469,152.232543,SLF1501,2,0.9,8,2022,7,27,12,SL,,,,
-32.607484,152.23262,SLF1501,0,0.8,10,2022,7,27,13,SL,,,,
-32.607903,152.232696,SLF1501,0,1,9,2022,7,27,14,SL,,,,
-32.607369,152.23295,SLF1501,19,1.2,8,2022,7,27,15,SL,,,,
-32.608577,152.232442,SLF1501,14,0.9,9,2022,7,27,16,SL,,,,
-32.606714,152.233001,SLF1501,0,0.8,9,2022,7,27,17,SL,,,,
-32.614566,152.232238,SLF1501,0,0.8,10,2022,7,27,18,SL,,,,
-32.602855,152.236358,SLF1501,14,0.8,10,2022,7,27,19,SL,,,,
-32.602881,152.236562,SLF1501,43,1.2,7,2022,7,27,20,SL,,,,
-32.60707,152.232925,SLF1501,0,1,9,2022,7,27,21,SL,,,,
-32.602537,152.23323,SLF1501,0,0.7,11,2022,7,27,22,SL,,,,
-32.598576,152.230662,SLF1501,30,0.9,8,2022,7,27,23,SL,,,,
-32.59864,152.230992,SLF1501,2,1.1,7,2022,7,28,0,SL,,,,
-32.598545,152.23089,SLF1501,44,1.1,6,2022,7,28,1,SL,,,,
-32.598621,152.230814,SLF1501,0,0.9,8,2022,7,28,2,SL,,,,
-32.598595,152.231119,SLF1501,0,0.7,10,2022,7,28,3,SL,,,,
-32.607109,152.233052,SLF1501,5,1,8,2022,7,28,4,SL,,,,
-32.607446,152.232747,SLF1501,0,1.5,6,2022,7,28,5,SL,,,,
-32.607547,152.232747,SLF1501,0,0.9,8,2022,7,28,7,SL,,,,
-32.607077,152.233205,SLF1501,2,1.3,6,2022,7,28,8,SL,,,,
-32.60707,152.233103,SLF1501,0,0.9,8,2022,7,28,10,SL,,,,
-32.598913,152.231094,SLF1501,49,1.1,7,2022,7,28,12,SL,,,,
-32.600668,152.232899,SLF1501,70,1.2,6,2022,7,28,13,SL,,,,
-32.606619,152.233306,SLF1501,47,1.3,7,2022,7,28,14,SL,,,,
-32.606619,152.23295,SLF1501,78,1.1,7,2022,7,28,15,SL,,,,
-32.607007,152.233052,SLF1501,66,1.2,7,2022,7,28,19,SL,,,,
-32.607128,152.232874,SLF1501,25,1.3,6,2022,7,28,21,SL,,,,
-32.606727,152.231831,SLF1501,4,0.8,10,2022,7,28,22,SL,,,,
-32.607357,152.232696,SLF1501,0,1.1,7,2022,7,29,0,SL,,,,
-32.607261,152.232671,SLF1501,0,0.8,9,2022,7,29,1,SL,,,,
-32.608495,152.22377,SLF1501,14,0.8,9,2022,7,29,2,SL,,,,
-32.607045,152.232747,SLF1501,0,1,8,2022,7,29,3,SL,,,,
-32.607121,152.232874,SLF1501,11,1,8,2022,7,29,4,SL,,,,
-32.607503,152.232543,SLF1501,0,0.9,8,2022,7,29,7,SL,,,,
-32.608005,152.233281,SLF1501,155,1.4,6,2022,7,29,8,SL,,,,
-32.607115,152.233128,SLF1501,23,1.1,7,2022,7,29,9,SL,,,,
-32.606969,152.232874,SLF1501,0,1,7,2022,7,29,10,SL,,,,
-32.608018,152.232747,SLF1501,42,1,8,2022,7,29,12,SL,,,,
-32.608342,152.232772,SLF1501,44,1.1,8,2022,7,29,15,SL,,,,
-32.60859,152.232518,SLF1501,15,1.4,5,2022,7,29,16,SL,,,,
-32.607414,152.232645,SLF1501,25,1,7,2022,7,29,17,SL,,,,
-32.607013,152.232798,SLF1501,24,1.4,7,2022,7,29,19,SL,,,,
-32.607198,152.232798,SLF1501,37,1.2,7,2022,7,29,20,SL,,,,
-32.607153,152.23295,SLF1501,48,1.1,8,2022,7,29,21,SL,,,,
-32.607337,152.232594,SLF1501,0,0.8,9,2022,7,29,22,SL,,,,
-32.601679,152.238062,SLF1501,16,0.9,8,2022,7,29,23,SL,,,,
-32.593744,152.262985,SLF1501,0,1.4,6,2022,7,30,0,SL,,,,
-32.605004,152.2285,SLF1501,85,1,7,2022,7,30,1,SL,,,,
-32.607732,152.232747,SLF1501,0,0.8,9,2022,7,30,2,SL,,,,
-32.606962,152.23295,SLF1501,32,1,8,2022,7,30,3,SL,,,,
-32.607738,152.232238,SLF1501,22,1,8,2022,7,30,4,SL,,,,
-32.607153,152.233332,SLF1501,56,1.9,6,2022,7,30,5,SL,,,,
-32.607191,152.233256,SLF1501,29,1,7,2022,7,30,7,SL,,,,
-32.612614,152.234425,SLF1501,4,0.9,8,2022,7,30,8,SL,,,,
-32.608692,152.23295,SLF1501,63,1.1,7,2022,7,30,9,SL,,,,
-32.608545,152.232569,SLF1501,22,1,7,2022,7,30,10,SL,,,,
-32.607732,152.232696,SLF1501,9,0.9,9,2022,7,30,11,SL,,,,
-32.607312,152.233128,SLF1501,3,0.7,10,2022,7,30,12,SL,,,,
-32.607496,152.23295,SLF1501,0,1.2,7,2022,7,30,13,SL,,,,
-32.607426,152.231501,SLF1501,18,0.9,9,2022,7,30,14,SL,,,,
-32.608577,152.232442,SLF1501,27,0.9,9,2022,7,30,15,SL,,,,
-32.608342,152.232264,SLF1501,7,0.7,10,2022,7,30,16,SL,,,,
-32.602124,152.237757,SLF1501,74,1,7,2022,7,30,17,SL,,,,
-32.608317,152.232137,SLF1501,16,1.2,8,2022,7,30,19,SL,,,,
-32.594387,152.260314,SLF1501,12,1.6,6,2022,7,30,20,SL,,,,
-32.603872,152.231119,SLF1501,9,0.8,10,2022,7,30,21,SL,,,,
-32.605862,152.22794,SLF1501,0,0.7,10,2022,7,30,22,SL,,,,
-32.605481,152.230967,SLF1501,5,0.8,9,2022,7,30,23,SL,,,,
-32.607757,152.233154,SLF1501,139,1.2,7,2022,7,31,0,SL,,,,
-32.607687,152.23262,SLF1501,70,1.3,5,2022,7,31,1,SL,,,,
-32.607852,152.232416,SLF1501,130,1.1,7,2022,7,31,2,SL,,,,
-32.607528,152.23262,SLF1501,103,1.1,7,2022,7,31,3,SL,,,,
-32.607649,152.232442,SLF1501,51,1,8,2022,7,31,4,SL,,,,
-32.607859,152.232111,SLF1501,0,1.1,7,2022,7,31,6,SL,,,,
-32.614363,152.233052,SLF1501,0,1.1,8,2022,7,31,7,SL,,,,
-32.612837,152.23501,SLF1501,7,0.8,10,2022,7,31,8,SL,,,,
-32.612964,152.235315,SLF1501,2,0.8,9,2022,7,31,9,SL,,,,
-32.612131,152.233968,SLF1501,0,0.7,10,2022,7,31,10,SL,,,,
-32.607179,152.231348,SLF1501,6,1,8,2022,7,31,11,SL,,,,
-32.608863,152.232721,SLF1501,0,0.8,9,2022,7,31,12,SL,,,,
-32.608196,152.232874,SLF1501,163,1.1,7,2022,7,31,13,SL,,,,
-32.60859,152.232747,SLF1501,46,1.1,8,2022,7,31,14,SL,,,,
-32.607191,152.232874,SLF1501,16,1,8,2022,7,31,15,SL,,,,
-32.607325,152.23262,SLF1501,17,0.9,8,2022,7,31,16,SL,,,,
-32.610574,152.239639,SLF1501,1,0.9,8,2022,7,31,17,SL,,,,
-32.601139,152.267461,SLF1501,0,1.2,8,2022,7,31,18,SL,,,,
-32.600916,152.266418,SLF1501,5,0.8,10,2022,7,31,19,SL,,,,
-32.601444,152.263621,SLF1501,3,0.9,10,2022,7,31,20,SL,,,,
-32.606905,152.232518,SLF1501,0,1.1,8,2022,7,31,21,SL,,,,
-32.60667,152.232823,SLF1501,49,0.9,10,2022,7,31,22,SL,,,,
-32.606848,152.232467,SLF1501,24,0.9,7,2022,7,31,23,SL,,,,
-32.609792,152.228474,SLF1501,3,1.1,8,2022,8,1,0,SL,,,,
-32.598843,152.24503,SLF1501,25,1.1,7,2022,8,1,1,SL,,,,
-32.586853,152.263671,SLF1501,0,0.9,8,2022,8,1,2,SL,,,,
-32.586916,152.272191,SLF1501,6,0.9,9,2022,8,1,3,SL,,,,
-32.603046,152.259145,SLF1501,1,0.9,9,2022,8,1,4,SL,,,,
-32.607814,152.232416,SLF1501,18,1.4,6,2022,8,1,5,SL,,,,
-32.607732,152.23234,SLF1501,0,1,8,2022,8,1,6,SL,,,,
-32.607795,152.232442,SLF1501,36,1.3,6,2022,8,1,7,SL,,,,
-32.607808,152.231043,SLF1501,161,1.5,6,2022,8,1,8,SL,,,,
-32.607147,152.233332,SLF1501,7,1.3,6,2022,8,1,9,SL,,,,
-32.607064,152.233052,SLF1501,14,0.7,10,2022,8,1,10,SL,,,,
-32.606975,152.232721,SLF1501,0,0.9,9,2022,8,1,11,SL,,,,
-32.607452,152.231882,SLF1501,10,0.7,10,2022,8,1,12,SL,,,,
-32.607783,152.232416,SLF1501,19,0.7,10,2022,8,1,13,SL,,,,
-32.607802,152.232467,SLF1501,14,0.9,9,2022,8,1,14,SL,,,,
-32.608126,152.233434,SLF1501,10,0.8,10,2022,8,1,16,SL,,,,
-32.610815,152.23824,SLF1501,0,0.8,9,2022,8,1,17,SL,,,,
-32.593516,152.275573,SLF1501,1,1,8,2022,8,1,18,SL,,,,
-32.593827,152.257034,SLF1501,11,1,9,2022,8,1,19,SL,,,,
-32.595277,152.256067,SLF1501,9,0.8,10,2022,8,1,20,SL,,,,
-32.59974,152.241978,SLF1501,8,0.7,11,2022,8,1,21,SL,,,,
-32.600064,152.24175,SLF1501,0,0.7,11,2022,8,1,22,SL,,,,
-32.599746,152.241851,SLF1501,0,0.9,9,2022,8,1,23,SL,,,,
-32.6081,152.232035,SLF1501,10,0.9,9,2022,8,2,0,SL,,,,
-32.607471,152.233434,SLF1501,0,0.8,9,2022,8,2,1,SL,,,,
-32.607369,152.233434,SLF1501,5,1,7,2022,8,2,2,SL,,,,
-32.607344,152.233459,SLF1501,2,1,8,2022,8,2,3,SL,,,,
-32.607547,152.233052,SLF1501,20,1,8,2022,8,2,4,SL,,,,
-32.60756,152.233103,SLF1501,25,0.9,9,2022,8,2,5,SL,,,,
-32.607605,152.233078,SLF1501,16,0.8,9,2022,8,2,6,SL,,,,
-32.607554,152.233052,SLF1501,3,0.9,8,2022,8,2,7,SL,,,,
-32.607674,152.232772,SLF1501,7,0.8,9,2022,8,2,8,SL,,,,
-32.607821,152.23234,SLF1501,30,1.2,6,2022,8,2,9,SL,,,,
-32.606981,152.234196,SLF1501,7,0.8,10,2022,8,2,10,SL,,,,
-32.606905,152.234476,SLF1501,18,0.9,9,2022,8,2,11,SL,,,,
-32.606956,152.234553,SLF1501,19,0.9,9,2022,8,2,12,SL,,,,
-32.607668,152.233306,SLF1501,0,1.1,8,2022,8,2,13,SL,,,,
-32.607662,152.233154,SLF1501,2,1,9,2022,8,2,14,SL,,,,
-32.607719,152.233154,SLF1501,9,0.9,9,2022,8,2,15,SL,,,,
-32.608628,152.232442,SLF1501,29,1,7,2022,8,2,16,SL,,,,
-32.608577,152.232442,SLF1501,13,0.9,8,2022,8,2,17,SL,,,,
-32.611953,152.21909,SLF1501,3,1.1,8,2022,8,2,18,SL,,,,
-32.607929,152.232238,SLF1501,33,0.8,10,2022,8,2,19,SL,,,,
-32.607287,152.233383,SLF1501,11,0.9,10,2022,8,2,20,SL,,,,
-32.607369,152.233383,SLF1501,8,0.8,10,2022,8,2,21,SL,,,,
-32.607369,152.233459,SLF1501,6,0.7,10,2022,8,2,22,SL,,,,
-32.608291,152.234375,SLF1501,18,0.8,10,2022,8,2,23,SL,,,,
-32.607961,152.232416,SLF1501,7,0.8,9,2022,8,3,0,SL,,,,
-32.599791,152.242207,SLF1501,0,1.1,8,2022,8,3,1,SL,,,,
-32.594546,152.259297,SLF1501,0,0.9,8,2022,8,3,2,SL,,,,
-32.601895,152.234298,SLF1501,2,1,8,2022,8,3,3,SL,,,,
-32.612119,152.217386,SLF1501,9,0.9,8,2022,8,3,4,SL,,,,
-32.605545,152.228296,SLF1501,17,0.8,10,2022,8,3,5,SL,,,,
-32.607706,152.232772,SLF1501,21,0.9,8,2022,8,3,6,SL,,,,
-32.608221,152.232187,SLF1501,30,0.9,8,2022,8,3,7,SL,,,,
-32.607662,152.232467,SLF1501,53,0.9,8,2022,8,3,8,SL,,,,
-32.607407,152.232569,SLF1501,0,0.8,9,2022,8,3,9,SL,,,,
-32.607446,152.232543,SLF1501,15,0.7,10,2022,8,3,10,SL,,,,
-32.608558,152.232416,SLF1501,20,1,8,2022,8,3,11,SL,,,,
-32.608584,152.232518,SLF1501,19,0.7,10,2022,8,3,12,SL,,,,
-32.608634,152.23234,SLF1501,0,0.9,8,2022,8,3,13,SL,,,,
-32.608615,152.232137,SLF1501,0,1,9,2022,8,3,14,SL,,,,
-32.6077,152.23262,SLF1501,1,0.9,9,2022,8,3,15,SL,,,,
-32.607477,152.233332,SLF1501,21,1,8,2022,8,3,16,SL,,,,
-32.607795,152.232416,SLF1501,10,0.8,9,2022,8,3,17,SL,,,,
-32.607789,152.232467,SLF1501,3,1,9,2022,8,3,18,SL,,,,
-32.60749,152.232035,SLF1501,0,1.5,7,2022,8,3,19,SL,,,,
-32.607687,152.232137,SLF1501,0,1,9,2022,8,3,20,SL,,,,
-32.607751,152.232925,SLF1501,18,1.6,7,2022,8,3,21,SL,,,,
-32.607808,152.232721,SLF1501,12,0.7,11,2022,8,3,22,SL,,,,
-32.607439,152.231984,SLF1501,11,0.8,10,2022,8,3,23,SL,,,,
-32.593497,152.264994,SLF1501,3,0.8,10,2022,8,4,0,SL,,,,
-32.589129,152.271581,SLF1501,0,0.7,10,2022,8,4,1,SL,,,,
-32.59878,152.264002,SLF1501,0,1,8,2022,8,4,2,SL,,,,
-32.607789,152.232772,SLF1501,12,0.8,10,2022,8,4,3,SL,,,,
-32.602156,152.23557,SLF1501,16,0.8,10,2022,8,4,4,SL,,,,
-32.600204,152.233637,SLF1501,41,0.8,10,2022,8,4,5,SL,,,,
-32.595391,152.230484,SLF1501,12,0.8,9,2022,8,4,6,SL,,,,
-32.600274,152.232035,SLF1501,0,0.8,9,2022,8,4,7,SL,,,,
-32.608927,152.232671,SLF1501,111,0.9,8,2022,8,4,8,SL,,,,
-32.608552,152.232645,SLF1501,50,1.4,6,2022,8,4,9,SL,,,,
-32.60791,152.232696,SLF1501,5,1.2,8,2022,8,4,10,SL,,,,
-32.602912,152.259755,SLF1501,1,0.9,8,2022,8,4,11,SL,,,,
-32.601088,152.263824,SLF1501,2,0.6,12,2022,8,4,12,SL,,,,
-32.603103,152.26891,SLF1501,0,0.8,9,2022,8,4,13,SL,,,,
-32.602518,152.260543,SLF1501,0,1,9,2022,8,4,14,SL,,,,
-32.600891,152.259374,SLF1501,6,0.8,10,2022,8,4,15,SL,,,,
-32.601444,152.264434,SLF1501,0,0.7,11,2022,8,4,16,SL,,,,
-32.601565,152.267995,SLF1501,0,0.8,9,2022,8,4,17,SL,,,,
-32.602207,152.262324,SLF1501,2,0.8,10,2022,8,4,18,SL,,,,
-32.60283,152.236384,SLF1501,12,0.8,10,2022,8,4,19,SL,,,,
-32.607636,152.23234,SLF1501,0,1.3,9,2022,8,4,20,SL,,,,
-32.607827,152.232518,SLF1501,11,0.9,10,2022,8,4,21,SL,,,,
-32.607566,152.232747,SLF1501,27,1,9,2022,8,4,22,SL,,,,
-32.607878,152.232721,SLF1501,0,1,8,2022,8,4,23,SL,,,,
-32.60784,152.232645,SLF1501,0,0.9,9,2022,8,5,0,SL,,,,
-32.60756,152.233306,SLF1501,30,0.9,9,2022,8,5,1,SL,,,,
-32.607541,152.233179,SLF1501,23,0.9,8,2022,8,5,2,SL,,,,
-32.607484,152.23323,SLF1501,33,0.8,9,2022,8,5,3,SL,,,,
-32.607522,152.233128,SLF1501,0,1.2,6,2022,8,5,4,SL,,,,
-32.607217,152.238672,SLF1501,24,0.8,10,2022,8,5,5,SL,,,,
-32.606625,152.237121,SLF1501,43,1,7,2022,8,5,6,SL,,,,
-32.607827,152.232467,SLF1501,0,0.8,9,2022,8,5,7,SL,,,,
-32.60784,152.232518,SLF1501,27,1.4,7,2022,8,5,8,SL,,,,
-32.607757,152.232289,SLF1501,63,0.9,9,2022,8,5,9,SL,,,,
-32.608266,152.23262,SLF1501,15,1,8,2022,8,5,10,SL,,,,
-32.607872,152.232416,SLF1501,0,0.9,8,2022,8,5,11,SL,,,,
-32.607922,152.232365,SLF1501,0,1,7,2022,8,5,12,SL,,,,
-32.607541,152.23262,SLF1501,5,0.7,11,2022,8,5,13,SL,,,,
-32.607789,152.232416,SLF1501,0,1,9,2022,8,5,14,SL,,,,
-32.607954,152.232442,SLF1501,0,0.9,8,2022,8,5,15,SL,,,,
-32.608393,152.233128,SLF1501,17,0.7,11,2022,8,5,16,SL,,,,
-32.608387,152.233154,SLF1501,12,0.9,9,2022,8,5,17,SL,,,,
-32.608374,152.233205,SLF1501,4,0.9,9,2022,8,5,18,SL,,,,
-32.607681,152.232645,SLF1501,21,1,9,2022,8,5,19,SL,,,,
-32.608031,152.232238,SLF1501,0,1.1,8,2022,8,5,20,SL,,,,
-32.608158,152.232315,SLF1501,29,1,9,2022,8,5,21,SL,,,,
-32.607681,152.232569,SLF1501,18,0.7,11,2022,8,5,22,SL,,,,
-32.608571,152.232467,SLF1501,8,1,9,2022,8,5,23,SL,,,,
-32.607808,152.232772,SLF1501,1,0.7,11,2022,8,6,0,SL,,,,
-32.609874,152.232416,SLF1501,8,0.7,11,2022,8,6,1,SL,,,,
-32.605303,152.232543,SLF1501,6,1,8,2022,8,6,2,SL,,,,
-32.607808,152.232467,SLF1501,15,0.8,9,2022,8,6,3,SL,,,,
-32.607732,152.232416,SLF1501,40,1,8,2022,8,6,4,SL,,,,
-32.607719,152.232467,SLF1501,34,0.9,9,2022,8,6,5,SL,,,,
-32.607617,152.232543,SLF1501,54,0.9,8,2022,8,6,6,SL,,,,
-32.610014,152.24091,SLF1501,0,0.8,9,2022,8,6,7,SL,,,,
-32.611305,152.238545,SLF1501,0,0.8,9,2022,8,6,8,SL,,,,
-32.608647,152.232467,SLF1501,24,0.9,8,2022,8,6,9,SL,,,,
-32.608622,152.232442,SLF1501,16,0.9,8,2022,8,6,10,SL,,,,
-32.608565,152.232315,SLF1501,0,1.2,6,2022,8,6,11,SL,,,,
-32.606975,152.233357,SLF1501,37,0.7,11,2022,8,6,12,SL,,,,
-32.606587,152.237147,SLF1501,13,0.8,10,2022,8,6,13,SL,,,,
-32.606797,152.237172,SLF1501,17,1,9,2022,8,6,14,SL,,,,
-32.616951,152.228576,SLF1501,0,0.9,10,2022,8,6,15,SL,,,,
-32.608577,152.232518,SLF1501,5,0.7,11,2022,8,6,16,SL,,,,
-32.626977,152.215047,SLF1501,0,0.9,9,2022,8,6,17,SL,,,,
-32.6103,152.221532,SLF1501,4,0.9,9,2022,8,6,18,SL,,,,
-32.601895,152.261561,SLF1501,10,0.8,10,2022,8,6,19,SL,,,,
-32.602461,152.259704,SLF1501,0,1,9,2022,8,6,20,SL,,,,
-32.607992,152.232162,SLF1501,35,0.7,12,2022,8,6,21,SL,,,,
-32.608253,152.232416,SLF1501,18,0.8,10,2022,8,6,22,SL,,,,
-32.608456,152.232391,SLF1501,57,0.8,10,2022,8,6,23,SL,,,,
-32.608317,152.232162,SLF1501,0,0.8,9,2022,8,7,0,SL,,,,
-32.608304,152.232416,SLF1501,39,0.7,11,2022,8,7,1,SL,,,,
-32.589942,152.27069,SLF1501,10,0.9,9,2022,8,7,2,SL,,,,
-32.606466,152.226771,SLF1501,12,0.8,10,2022,8,7,3,SL,,,,
-32.608507,152.232289,SLF1501,18,0.8,10,2022,8,7,4,SL,,,,
-32.604604,152.252761,SLF1501,10,0.8,10,2022,8,7,5,SL,,,,
-32.607318,152.235722,SLF1501,15,0.8,9,2022,8,7,6,SL,,,,
-32.608545,152.233179,SLF1501,16,0.8,9,2022,8,7,7,SL,,,,
-32.601539,152.261433,SLF1501,2,0.8,9,2022,8,7,8,SL,,,,
-32.601387,152.260899,SLF1501,0,0.9,9,2022,8,7,9,SL,,,,
-32.601399,152.260925,SLF1501,8,1.2,7,2022,8,7,10,SL,,,,
-32.604858,152.253448,SLF1501,0,0.9,9,2022,8,7,11,SL,,,,
-32.608221,152.232238,SLF1501,21,0.8,10,2022,8,7,12,SL,,,,
-32.608545,152.232518,SLF1501,18,0.9,9,2022,8,7,13,SL,,,,
-32.60852,152.232518,SLF1501,15,1,9,2022,8,7,14,SL,,,,
-32.608584,152.232467,SLF1501,10,1.1,7,2022,8,7,15,SL,,,,
-32.608577,152.232543,SLF1501,11,0.8,10,2022,8,7,16,SL,,,,
-32.607274,152.232671,SLF1501,0,0.9,9,2022,8,7,17,SL,,,,
-32.607407,152.232696,SLF1501,0,0.8,10,2022,8,7,18,SL,,,,
-32.607426,152.232518,SLF1501,26,0.9,9,2022,8,7,19,SL,,,,
-32.607477,152.232518,SLF1501,2,1.1,8,2022,8,7,20,SL,,,,
-32.607516,152.232518,SLF1501,11,0.8,11,2022,8,7,21,SL,,,,
-32.608024,152.232289,SLF1501,4,0.8,9,2022,8,7,22,SL,,,,
-32.607948,152.232416,SLF1501,10,0.8,9,2022,8,7,23,SL,,,,
-32.607935,152.232416,SLF1501,0,0.8,9,2022,8,8,0,SL,,,,
-32.607668,152.232365,SLF1501,5,0.7,11,2022,8,8,1,SL,,,,
-32.601196,152.26863,SLF1501,5,0.9,9,2022,8,8,2,SL,,,,
-32.607268,152.233256,SLF1501,16,0.8,10,2022,8,8,3,SL,,,,
-32.607929,152.232569,SLF1501,20,0.9,8,2022,8,8,4,SL,,,,
-32.608126,152.232315,SLF1501,30,0.8,10,2022,8,8,5,SL,,,,
-32.607859,152.232594,SLF1501,15,0.8,9,2022,8,8,6,SL,,,,
-32.607738,152.232543,SLF1501,0,0.8,9,2022,8,8,7,SL,,,,
-32.60838,152.212453,SLF1501,61,1.3,6,2022,8,8,8,SL,,,,
-32.609493,152.217005,SLF1501,4,0.9,8,2022,8,8,9,SL,,,,
-32.608514,152.233052,SLF1501,16,0.8,9,2022,8,8,10,SL,,,,
-32.608501,152.233103,SLF1501,26,0.9,9,2022,8,8,11,SL,,,,
-32.608437,152.233078,SLF1501,33,0.9,8,2022,8,8,12,SL,,,,
-32.608329,152.23295,SLF1501,27,0.9,9,2022,8,8,13,SL,,,,
-32.608507,152.232772,SLF1501,7,1,9,2022,8,8,14,SL,,,,
-32.608622,152.232747,SLF1501,14,1.1,8,2022,8,8,15,SL,,,,
-32.607509,152.232798,SLF1501,0,0.8,9,2022,8,8,16,SL,,,,
-32.607833,152.232467,SLF1501,0,1.2,6,2022,8,8,17,SL,,,,
-32.607783,152.232518,SLF1501,19,1.3,7,2022,8,8,18,SL,,,,
-32.607655,152.232671,SLF1501,13,0.9,9,2022,8,8,19,SL,,,,
-32.607859,152.232289,SLF1501,52,1,9,2022,8,8,20,SL,,,,
-32.607948,152.232569,SLF1501,0,1.1,7,2022,8,8,21,SL,,,,
-32.607713,152.233357,SLF1501,627,1.5,6,2022,8,8,23,SL,,,,
-32.609169,152.23384,SLF1501,0,1.2,6,2022,8,9,0,SL,,,,
-32.608069,152.232569,SLF1501,0,1.1,7,2022,8,9,1,SL,,,,
-32.608285,152.232518,SLF1501,2,1.1,7,2022,8,9,2,SL,,,,
-32.591265,152.265172,SLF1501,0,0.8,9,2022,8,9,3,SL,,,,
-32.586586,152.28038,SLF1501,0,1.4,6,2022,8,9,4,SL,,,,
-32.604877,152.233612,SLF1501,7,0.9,9,2022,8,9,5,SL,,,,
-32.607738,152.232416,SLF1501,65,0.9,8,2022,8,9,6,SL,,,,
-32.60777,152.232442,SLF1501,88,0.9,7,2022,8,9,7,SL,,,,
-32.608348,152.233408,SLF1501,7,0.9,9,2022,8,9,8,SL,,,,
-32.607852,152.232416,SLF1501,0,0.8,9,2022,8,9,9,SL,,,,
-32.607954,152.232416,SLF1501,11,1.2,8,2022,8,9,10,SL,,,,
-32.608545,152.232543,SLF1501,12,0.9,8,2022,8,9,11,SL,,,,
-32.608558,152.232569,SLF1501,23,1.3,6,2022,8,9,12,SL,,,,
-32.608552,152.232518,SLF1501,0,1.3,6,2022,8,9,13,SL,,,,
-32.608647,152.232518,SLF1501,0,1.1,8,2022,8,9,14,SL,,,,
-32.60859,152.232569,SLF1501,11,1,8,2022,8,9,15,SL,,,,
-32.608482,152.232696,SLF1501,1,0.8,10,2022,8,9,16,SL,,,,
-32.607674,152.232594,SLF1501,0,1.1,8,2022,8,9,17,SL,,,,
-32.607407,152.233052,SLF1501,10,0.9,9,2022,8,9,18,SL,,,,
-32.607757,152.232543,SLF1501,26,1,9,2022,8,9,19,SL,,,,
-32.607694,152.232416,SLF1501,0,1,9,2022,8,9,20,SL,,,,
-32.607814,152.23234,SLF1501,34,0.9,9,2022,8,9,21,SL,,,,
-32.607967,152.232137,SLF1501,0,0.8,10,2022,8,9,22,SL,,,,
-32.608107,152.232238,SLF1501,0,0.9,8,2022,8,10,0,SL,,,,
-32.619087,152.215504,SLF1501,22,1,8,2022,8,10,1,SL,,,,
-32.61421,152.221303,SLF1501,9,0.7,10,2022,8,10,2,SL,,,,
-32.607852,152.232365,SLF1501,15,1.1,7,2022,8,10,3,SL,,,,
-32.607973,152.232416,SLF1501,79,1,8,2022,8,10,4,SL,,,,
-32.598691,152.24592,SLF1501,10,0.9,9,2022,8,10,5,SL,,,,
-32.595925,152.243174,SLF1501,0,1.1,7,2022,8,10,6,SL,,,,
-32.586764,152.23796,SLF1501,0,1.2,6,2022,8,10,7,SL,,,,
-32.586522,152.238367,SLF1501,0,1.3,6,2022,8,10,8,SL,,,,
-32.586681,152.238037,SLF1501,0,1.2,6,2022,8,10,9,SL,,,,
-32.588696,152.244064,SLF1501,0,0.8,9,2022,8,10,11,SL,,,,
-32.603199,152.258204,SLF1501,6,0.7,11,2022,8,10,12,SL,,,,
-32.598945,152.269927,SLF1501,0,1,9,2022,8,10,13,SL,,,,
-32.608367,152.234705,SLF1501,17,0.8,10,2022,8,10,14,SL,,,,
-32.608469,152.23262,SLF1501,13,1,7,2022,8,10,15,SL,,,,
-32.608367,152.232721,SLF1501,1,0.8,9,2022,8,10,16,SL,,,,
-32.608456,152.232696,SLF1501,0,1,8,2022,8,10,17,SL,,,,
-32.608139,152.232238,SLF1501,31,1.3,7,2022,8,10,18,SL,,,,
-32.607852,152.232416,SLF1501,24,0.9,9,2022,8,10,19,SL,,,,
-32.608043,152.232238,SLF1501,114,1.1,8,2022,8,10,20,SL,,,,
-32.607344,152.233637,SLF1501,307,1.2,6,2022,8,10,22,SL,,,,
-32.607922,152.232772,SLF1501,0,1.2,9,2022,8,10,23,SL,,,,
-32.607789,152.232518,SLF1501,33,1.1,7,2022,8,11,1,SL,,,,
-32.60756,152.232416,SLF1501,9,1,7,2022,8,11,2,SL,,,,
-32.607674,152.23262,SLF1501,8,1,8,2022,8,11,3,SL,,,,
-32.602137,152.237909,SLF1501,22,1.4,6,2022,8,11,5,SL,,,,
-32.60866,152.233205,SLF1501,0,1,8,2022,8,11,11,SL,,,,
-32.608704,152.23206,SLF1501,10,0.9,9,2022,8,11,14,SL,,,,
-32.607617,152.232569,SLF1501,14,1.2,6,2022,8,11,15,SL,,,,
-32.607566,152.225677,SLF1501,47,0.9,8,2022,8,12,5,SL,,,,
-32.603783,152.251668,SLF1501,25,1,8,2022,8,12,6,SL,,,,
-32.602359,152.268885,SLF1501,22,1.1,8,2022,8,12,9,SL,,,,
-32.603555,152.268936,SLF1501,0,1.6,7,2022,8,12,10,SL,,,,
-32.603377,152.269521,SLF1501,37,1.1,7,2022,8,12,11,SL,,,,
-32.602734,152.268783,SLF1501,0,0.9,8,2022,8,12,12,SL,,,,
-32.602671,152.260136,SLF1501,9,0.9,9,2022,8,12,13,SL,,,,
-32.608514,152.233179,SLF1501,57,1.1,8,2022,8,12,14,SL,,,,
-32.609728,152.233484,SLF1501,3,1,8,2022,8,12,17,SL,,,,
-32.602874,152.268478,SLF1501,9,1.4,7,2022,8,12,18,SL,,,,
-32.609143,152.232849,SLF1501,27,1.4,7,2022,8,12,19,SL,,,,
-32.608558,152.23234,SLF1501,35,1.1,8,2022,8,13,0,SL,,,,
-32.607662,152.232315,SLF1501,63,1,7,2022,8,13,1,SL,,,,
-32.607713,152.232391,SLF1501,0,1.6,6,2022,8,13,2,SL,,,,
-32.607922,152.232772,SLF1501,59,1,7,2022,8,13,4,SL,,,,
-32.607808,152.232442,SLF1501,0,1.2,6,2022,8,13,5,SL,,,,
-32.608024,152.232442,SLF1501,0,1.1,7,2022,8,13,6,SL,,,,
-32.607681,152.232543,SLF1501,14,1.1,6,2022,8,13,7,SL,,,,
-32.608685,152.233001,SLF1501,28,1.3,6,2022,8,13,10,SL,,,,
-32.608634,152.233052,SLF1501,13,0.9,8,2022,8,13,11,SL,,,,
-32.615342,152.231068,SLF1501,24,0.8,9,2022,8,13,12,SL,,,,
-32.607795,152.23262,SLF1501,6,1.4,7,2022,8,13,13,SL,,,,
-32.607318,152.230356,SLF1501,0,0.8,10,2022,8,13,14,SL,,,,
-32.607789,152.23262,SLF1501,1,1,7,2022,8,13,16,SL,,,,
-32.608062,152.233484,SLF1501,8,1.3,7,2022,8,13,17,SL,,,,
-32.610981,152.229873,SLF1501,18,1,8,2022,8,13,19,SL,,,,
-32.607484,152.225626,SLF1501,4,0.9,8,2022,8,13,20,SL,,,,
-32.608781,152.232772,SLF1501,0,1.1,7,2022,8,13,21,SL,,,,
-32.608692,152.232747,SLF1501,18,0.8,10,2022,8,13,22,SL,,,,
-32.604591,152.252889,SLF1501,29,1.1,7,2022,8,14,11,SL,,,,
-32.6066,152.249354,SLF1501,0,1,8,2022,8,14,13,SL,,,,
-32.607859,152.232569,SLF1501,0,1.6,6,2022,8,14,14,SL,,,,
-32.606842,152.233103,SLF1501,4,1.2,6,2022,8,14,15,SL,,,,
-32.608431,152.232772,SLF1501,4,0.8,9,2022,8,14,16,SL,,,,
-32.596962,152.277659,SLF1501,38,1.6,7,2022,8,14,21,SL,,,,
-32.60632,152.248514,SLF1501,12,1,8,2022,8,14,22,SL,,,,
-32.604031,152.238342,SLF1501,0,1.2,7,2022,8,14,23,SL,,,,
-32.606892,152.245285,SLF1501,360,1.9,6,2022,8,15,0,SL,,,,
-32.602912,152.23618,SLF1501,25,1.1,7,2022,8,15,1,SL,,,,
-32.607166,152.22588,SLF1501,49,1.2,6,2022,8,15,10,SL,,,,
-32.608158,152.232594,SLF1501,144,1,8,2022,8,15,12,SL,,,,
-32.608526,152.23262,SLF1501,0,1,8,2022,8,15,13,SL,,,,
-32.60852,152.232518,SLF1501,10,1.1,8,2022,8,15,14,SL,,,,
-32.608571,152.232518,SLF1501,21,0.8,9,2022,8,15,15,SL,,,,
-32.60859,152.232543,SLF1501,0,1.1,7,2022,8,15,16,SL,,,,
-32.606848,152.233383,SLF1501,0,1.1,7,2022,8,15,17,SL,,,,
-32.607547,152.232696,SLF1501,14,1.2,8,2022,8,15,18,SL,,,,
-32.607611,152.232187,SLF1501,0,0.9,9,2022,8,15,19,SL,,,,
-32.607471,152.232747,SLF1501,5,0.8,9,2022,8,15,20,SL,,,,
-32.607484,152.232645,SLF1501,0,1,8,2022,8,15,21,SL,,,,
-32.607484,152.232645,SLF1501,10,0.9,10,2022,8,15,22,SL,,,,
-32.608018,152.232569,SLF1501,0,1.1,8,2022,8,15,23,SL,,,,
-32.607725,152.232416,SLF1501,65,1.3,6,2022,8,16,1,SL,,,,
-32.60756,152.231526,SLF1501,73,0.9,7,2022,8,16,2,SL,,,,
-32.607376,152.23206,SLF1501,20,0.8,9,2022,8,16,3,SL,,,,
-32.607407,152.231984,SLF1501,0,1.1,7,2022,8,16,4,SL,,,,
-32.607407,152.231984,SLF1501,0,1.1,7,2022,8,16,5,SL,,,,
-32.607401,152.232009,SLF1501,0,1.1,7,2022,8,16,6,SL,,,,
-32.608361,152.232747,SLF1501,20,1.1,6,2022,8,16,7,SL,,,,
-32.608495,152.233281,SLF1501,29,0.9,8,2022,8,16,8,SL,,,,
-32.608558,152.233128,SLF1501,12,0.8,8,2022,8,16,9,SL,,,,
-32.609671,152.219446,SLF1501,19,1.4,7,2022,8,16,10,SL,,,,
-32.59047,152.270055,SLF1501,29,1.8,5,2022,8,16,11,SL,,,,
-32.599778,152.269037,SLF1501,4,1.6,7,2022,8,16,12,SL,,,,
-32.60845,152.232772,SLF1501,3,1.6,6,2022,8,16,13,SL,,,,
-32.608463,152.232645,SLF1501,0,1,8,2022,8,16,15,SL,,,,
-32.608406,152.23262,SLF1501,0,1.6,6,2022,8,16,16,SL,,,,
-32.603714,152.235341,SLF1501,10,0.8,9,2022,8,16,23,SL,,,,
-32.607744,152.232645,SLF1501,0,1,7,2022,8,17,3,SL,,,,
-32.607535,152.232874,SLF1501,15,1.2,6,2022,8,17,4,SL,,,,
-32.60784,152.232289,SLF1501,0,1.1,6,2022,8,17,5,SL,,,,
-32.607935,152.23234,SLF1501,0,1.2,6,2022,8,17,6,SL,,,,
-32.607357,152.233052,SLF1501,25,1.8,5,2022,8,17,7,SL,,,,
-32.606403,152.23763,SLF1501,111,1.1,6,2022,8,17,8,SL,,,,
-32.592149,152.257466,SLF1501,83,1.1,7,2022,8,17,10,SL,,,,
-32.609308,152.233688,SLF1501,88,1.7,7,2022,8,17,12,SL,,,,
-32.608704,152.23262,SLF1501,0,0.9,8,2022,8,17,14,SL,,,,
-32.608577,152.232009,SLF1501,45,1.1,7,2022,8,17,15,SL,,,,
-32.608552,152.232543,SLF1501,5,1.3,6,2022,8,17,16,SL,,,,
-32.607852,152.232467,SLF1501,0,1.4,6,2022,8,17,17,SL,,,,
-32.602843,152.236511,SLF1501,0,1.5,6,2022,8,17,19,SL,,,,
-32.602417,152.239156,SLF1501,0,1,7,2022,8,17,20,SL,,,,
-32.605074,152.247599,SLF1501,0,1,8,2022,8,18,15,SL,,,,
-32.608641,152.232238,SLF1501,0,0.9,8,2022,8,18,16,SL,,,,
-32.608622,152.23262,SLF1501,3,1.2,8,2022,8,18,17,SL,,,,
-32.608476,152.232467,SLF1501,38,0.8,10,2022,8,18,18,SL,,,,
-32.608615,152.232569,SLF1501,18,1.1,8,2022,8,18,19,SL,,,,
-32.608056,152.232365,SLF1501,15,0.8,10,2022,8,18,20,SL,,,,
-32.608113,152.232543,SLF1501,35,0.9,10,2022,8,18,21,SL,,,,
-32.60756,152.225652,SLF1501,9,0.8,10,2022,8,18,22,SL,,,,
-32.603001,152.236155,SLF1501,0,1.1,7,2022,8,18,23,SL,,,,
-32.602963,152.23618,SLF1501,31,0.9,8,2022,8,19,0,SL,,,,
-32.602976,152.236104,SLF1501,9,0.9,8,2022,8,19,1,SL,,,,
-32.59501,152.257263,SLF1501,3,0.8,10,2022,8,19,2,SL,,,,
-32.600643,152.246734,SLF1501,20,0.9,9,2022,8,19,3,SL,,,,
-32.600668,152.246785,SLF1501,26,0.8,10,2022,8,19,4,SL,,,,
-32.600668,152.24681,SLF1501,16,0.8,10,2022,8,19,5,SL,,,,
-32.60234,152.261891,SLF1501,0,0.8,9,2022,8,19,6,SL,,,,
-32.599314,152.269292,SLF1501,6,0.8,9,2022,8,19,7,SL,,,,
-32.595022,152.277964,SLF1501,0,1.2,6,2022,8,19,8,SL,,,,
-32.590655,152.274937,SLF1501,7,0.8,10,2022,8,19,9,SL,,,,
-32.592568,152.276692,SLF1501,14,0.9,8,2022,8,19,10,SL,,,,
-32.59623,152.277353,SLF1501,2,0.6,12,2022,8,19,11,SL,,,,
-32.596148,152.277099,SLF1501,0,1.2,8,2022,8,19,12,SL,,,,
-32.596097,152.277201,SLF1501,0,1,9,2022,8,19,13,SL,,,,
-32.596179,152.277252,SLF1501,9,0.8,9,2022,8,19,14,SL,,,,
-32.596199,152.277303,SLF1501,12,0.9,8,2022,8,19,15,SL,,,,
-32.60117,152.26891,SLF1501,9,0.8,9,2022,8,19,16,SL,,,,
-32.602728,152.268681,SLF1501,8,1,9,2022,8,19,17,SL,,,,
-32.596001,152.277226,SLF1501,14,0.9,9,2022,8,19,18,SL,,,,
-32.596008,152.277328,SLF1501,13,0.9,10,2022,8,19,19,SL,,,,
-32.595944,152.277303,SLF1501,14,0.9,9,2022,8,19,20,SL,,,,
-32.608641,152.232798,SLF1501,14,0.7,11,2022,8,19,21,SL,,,,
-32.608291,152.23262,SLF1501,32,1,9,2022,8,19,22,SL,,,,
-32.608304,152.232543,SLF1501,12,1,8,2022,8,19,23,SL,,,,
-32.608247,152.232645,SLF1501,4,0.9,9,2022,8,20,0,SL,,,,
-32.608228,152.232645,SLF1501,26,0.9,8,2022,8,20,1,SL,,,,
-32.608774,152.233256,SLF1501,14,0.7,11,2022,8,20,2,SL,,,,
-32.602671,152.268681,SLF1501,14,0.9,9,2022,8,20,3,SL,,,,
-32.59803,152.267944,SLF1501,1,0.8,10,2022,8,20,4,SL,,,,
-32.608526,152.232772,SLF1501,2,1,7,2022,8,20,5,SL,,,,
-32.608456,152.232823,SLF1501,21,1.3,6,2022,8,20,6,SL,,,,
-32.608577,152.233179,SLF1501,25,0.8,10,2022,8,20,8,SL,,,,
-32.608603,152.23323,SLF1501,21,0.8,9,2022,8,20,9,SL,,,,
-32.608539,152.23323,SLF1501,23,0.9,8,2022,8,20,10,SL,,,,
-32.608539,152.233256,SLF1501,23,0.9,8,2022,8,20,11,SL,,,,
-32.608577,152.233205,SLF1501,8,0.8,10,2022,8,20,12,SL,,,,
-32.608603,152.233154,SLF1501,3,1,9,2022,8,20,13,SL,,,,
-32.608406,152.232823,SLF1501,15,0.9,8,2022,8,20,14,SL,,,,
-32.608456,152.232874,SLF1501,12,0.8,9,2022,8,20,15,SL,,,,
-32.608596,152.233408,SLF1501,12,0.8,9,2022,8,20,16,SL,,,,
-32.606371,152.24976,SLF1501,0,0.8,10,2022,8,20,17,SL,,,,
-32.599479,152.269393,SLF1501,1,0.8,10,2022,8,20,18,SL,,,,
-32.600674,152.266647,SLF1501,0,1.1,9,2022,8,20,19,SL,,,,
-32.598767,152.269546,SLF1501,0,0.8,9,2022,8,20,20,SL,,,,
-32.600471,152.268834,SLF1501,0,0.7,11,2022,8,20,21,SL,,,,
-32.603777,152.257059,SLF1501,0,0.9,10,2022,8,20,22,SL,,,,
-32.598513,152.269546,SLF1501,2,0.8,10,2022,8,20,23,SL,,,,
-32.60674,152.248692,SLF1501,0,0.7,11,2022,8,21,0,SL,,,,
-32.608647,152.232747,SLF1501,0,1.3,6,2022,8,21,1,SL,,,,
-32.607128,152.24798,SLF1501,1,0.7,11,2022,8,21,2,SL,,,,
-32.598761,152.269368,SLF1501,0,0.8,10,2022,8,21,3,SL,,,,
-32.598608,152.269368,SLF1501,22,0.9,9,2022,8,21,4,SL,,,,
-32.598882,152.268452,SLF1501,0,1.2,6,2022,8,21,5,SL,,,,
-32.608437,152.232899,SLF1501,0,1.5,6,2022,8,21,6,SL,,,,
-32.60887,152.232442,SLF1501,37,1.3,6,2022,8,21,7,SL,,,,
-32.608704,152.233866,SLF1501,68,1.3,6,2022,8,21,10,SL,,,,
-32.608628,152.232899,SLF1501,15,0.9,8,2022,8,21,14,SL,,,,
-32.608412,152.233052,SLF1501,110,0.9,8,2022,8,21,15,SL,,,,
-32.60695,152.231679,SLF1501,0,1.1,8,2022,8,21,19,SL,,,,
-32.607121,152.231552,SLF1501,1,1.2,7,2022,8,21,20,SL,,,,
-32.607401,152.231246,SLF1501,0,1.6,4,2022,8,22,0,SL,,,,
-32.606632,152.231755,SLF1501,0,0.9,9,2022,8,22,1,SL,,,,
-32.590235,152.27509,SLF1501,0,0.9,9,2022,8,22,2,SL,,,,
-32.588747,152.275472,SLF1501,0,0.9,9,2022,8,22,4,SL,,,,
-32.608501,152.233001,SLF1501,19,1,8,2022,8,22,5,SL,,,,
-32.608387,152.232899,SLF1501,26,1.4,6,2022,8,22,10,SL,,,,
-32.608387,152.232823,SLF1501,23,0.9,8,2022,8,22,11,SL,,,,
-32.608431,152.232925,SLF1501,4,0.9,9,2022,8,22,12,SL,,,,
-32.608431,152.232849,SLF1501,5,1,9,2022,8,22,13,SL,,,,
-32.608584,152.232849,SLF1501,17,0.9,8,2022,8,22,14,SL,,,,
-32.608641,152.233383,SLF1501,36,0.8,10,2022,8,22,15,SL,,,,
-32.608882,152.233357,SLF1501,0,0.9,8,2022,8,22,16,SL,,,,
-32.610644,152.216725,SLF1501,16,0.9,9,2022,8,22,17,SL,,,,
-32.597686,152.245005,SLF1501,0,1.5,6,2022,8,22,18,SL,,,,
-32.59136,152.268351,SLF1501,88,1.3,7,2022,8,22,19,SL,,,,
-32.602397,152.260849,SLF1501,24,1.1,9,2022,8,22,20,SL,,,,
-32.607738,152.232594,SLF1501,34,1,9,2022,8,22,21,SL,,,,
-32.607681,152.232467,SLF1501,0,1.2,6,2022,8,23,1,SL,,,,
-32.607617,152.232569,SLF1501,28,1.4,6,2022,8,23,6,SL,,,,
-32.597006,152.23295,SLF1501,79,1.3,7,2022,8,23,9,SL,,,,
-32.60852,152.233078,SLF1501,34,1.3,6,2022,8,23,11,SL,,,,
-32.608539,152.233052,SLF1501,11,0.8,10,2022,8,23,12,SL,,,,
-32.599651,152.235468,SLF1501,0,1.1,8,2022,8,23,13,SL,,,,
-32.596319,152.232874,SLF1501,0,1.3,6,2022,8,23,14,SL,,,,
-32.608208,152.23295,SLF1501,0,1.2,7,2022,8,23,16,SL,,,,
-32.608342,152.232874,SLF1501,31,0.9,9,2022,8,23,20,SL,,,,
-32.608596,152.232721,SLF1501,0,1.6,6,2022,8,23,21,SL,,,,
-32.608374,152.232671,SLF1501,42,1,7,2022,8,23,23,SL,,,,
-32.608749,152.233128,SLF1501,8,1,7,2022,8,24,8,SL,,,,
-32.598011,152.253931,SLF1501,18,1.4,7,2022,8,24,9,SL,,,,
-32.582974,152.276819,SLF1501,1,1.3,7,2022,8,24,10,SL,,,,
-32.590572,152.272369,SLF1501,6,0.8,10,2022,8,24,11,SL,,,,
-32.592136,152.270818,SLF1501,0,0.8,10,2022,8,24,12,SL,,,,
-32.599994,152.266443,SLF1501,0,1,9,2022,8,24,13,SL,,,,
-32.599975,152.266621,SLF1501,11,1,7,2022,8,24,14,SL,,,,
-32.600013,152.266596,SLF1501,0,0.8,10,2022,8,24,15,SL,,,,
-32.600001,152.266596,SLF1501,3,0.9,9,2022,8,24,16,SL,,,,
-32.607706,152.232772,SLF1501,19,1.2,7,2022,8,24,18,SL,,,,
-32.61182,152.220387,SLF1501,32,0.8,11,2022,8,24,20,SL,,,,
-32.603605,152.235112,SLF1501,0,1.1,8,2022,8,24,21,SL,,,,
-32.597648,152.24648,SLF1501,0,1.2,6,2022,8,25,8,SL,,,,
-32.59705,152.256144,SLF1501,0,1.2,6,2022,8,25,9,SL,,,,
-32.597248,152.256245,SLF1501,0,1.1,7,2022,8,25,11,SL,,,,
-32.608673,152.232925,SLF1501,35,0.9,9,2022,8,25,12,SL,,,,
-32.608762,152.233001,SLF1501,40,1.2,8,2022,8,25,13,SL,,,,
-32.608654,152.233052,SLF1501,9,0.9,8,2022,8,25,14,SL,,,,
-32.608622,152.233383,SLF1501,32,0.9,8,2022,8,25,15,SL,,,,
-32.601698,152.253041,SLF1501,0,1,9,2022,8,25,16,SL,,,,
-32.596377,152.255889,SLF1501,15,1.3,6,2022,8,25,18,SL,,,,
-32.606911,152.239435,SLF1501,16,1.1,8,2022,8,25,19,SL,,,,
-32.608806,152.232899,SLF1501,15,0.8,11,2022,8,25,20,SL,,,,
-32.608889,152.232696,SLF1501,9,1.3,7,2022,8,25,21,SL,,,,
-32.608813,152.232569,SLF1501,10,1.2,7,2022,8,25,22,SL,,,,
-32.608857,152.232849,SLF1501,25,1.2,6,2022,8,25,23,SL,,,,
-32.608431,152.232772,SLF1501,133,1.8,4,2022,8,26,7,SL,,,,
-32.608711,152.232416,SLF1501,0,1.1,8,2022,8,26,8,SL,,,,
-32.609086,152.231653,SLF1501,12,1,7,2022,8,26,9,SL,,,,
-32.609003,152.231755,SLF1501,22,0.9,8,2022,8,26,10,SL,,,,
-32.609016,152.23173,SLF1501,20,1.1,8,2022,8,26,11,SL,,,,
-32.609067,152.231679,SLF1501,14,0.8,10,2022,8,26,13,SL,,,,
-32.596834,152.269546,SLF1501,0,1.5,7,2022,8,26,15,SL,,,,
-32.593128,152.285822,SLF1501,0,1.1,8,2022,8,26,16,SL,,,,
-32.592988,152.285949,SLF1501,24,0.8,10,2022,8,26,17,SL,,,,
-32.593236,152.285593,SLF1501,0,0.9,9,2022,8,26,18,SL,,,,
-32.593477,152.284551,SLF1501,0,0.8,9,2022,8,26,19,SL,,,,
-32.614725,152.221354,SLF1501,0,1,8,2022,8,27,8,SL,,,,
-32.615399,152.231806,SLF1501,30,1.2,7,2022,8,27,9,SL,,,,
-32.609207,152.233662,SLF1501,0,1.7,6,2022,8,27,12,SL,,,,
-32.608596,152.233128,SLF1501,9,0.9,9,2022,8,27,13,SL,,,,
-32.60831,152.233942,SLF1501,61,1.1,7,2022,8,27,14,SL,,,,
-32.602995,152.268656,SLF1501,0,0.8,9,2022,8,27,15,SL,,,,
-32.600732,152.268605,SLF1501,34,1,8,2022,8,27,16,SL,,,,
-32.600865,152.267384,SLF1501,9,1.1,8,2022,8,27,17,SL,,,,
-32.60091,152.267537,SLF1501,12,1.6,7,2022,8,27,18,SL,,,,
-32.594399,152.284347,SLF1501,5,0.9,9,2022,8,27,19,SL,,,,
-32.600655,152.267588,SLF1501,62,0.7,12,2022,8,27,20,SL,,,,
-32.578931,152.287958,SLF1501,10,1.1,8,2022,8,27,21,SL,,,,
-32.597273,152.273971,SLF1501,1,1.2,8,2022,8,27,22,SL,,,,
-32.598424,152.27008,SLF1501,96,0.9,7,2022,8,27,23,SL,,,,
-32.600814,152.267562,SLF1501,41,1.4,7,2022,8,28,0,SL,,,,
-32.598786,152.26685,SLF1501,0,0.8,8,2022,8,28,1,SL,,,,
-32.6007,152.266901,SLF1501,8,0.9,7,2022,8,28,2,SL,,,,
-32.608743,152.23295,SLF1501,27,1.2,6,2022,8,28,3,SL,,,,
-32.603892,152.257695,SLF1501,404,1.2,6,2022,8,28,4,SL,,,,
-32.600535,152.268656,SLF1501,0,0.9,8,2022,8,28,6,SL,,,,
-32.538838,152.317611,UOF1801,0,0.8,9,2022,4,6,0,MB,,,,
-32.523942,152.322621,UOF1801,0,1.1,7,2022,4,6,1,MB,,,,
-32.523904,152.322469,UOF1801,0,1.4,6,2022,4,6,2,MB,,,,
-32.524234,152.32224,UOF1801,10,0.9,8,2022,4,6,3,MB,,,,
-32.523916,152.322596,UOF1801,33,1.2,8,2022,4,6,4,MB,,,,
-32.523948,152.322596,UOF1801,0,1.2,7,2022,4,6,5,MB,,,,
-32.523897,152.322596,UOF1801,19,0.9,10,2022,4,6,6,MB,,,,
-32.523948,152.322545,UOF1801,1,0.8,10,2022,4,6,7,MB,,,,
-32.523929,152.322545,UOF1801,16,1.1,8,2022,4,6,8,MB,,,,
-32.523967,152.322647,UOF1801,2,1,8,2022,4,6,9,MB,,,,
-32.523916,152.322672,UOF1801,28,1.1,7,2022,4,6,10,MB,,,,
-32.523929,152.322672,UOF1801,25,0.8,10,2022,4,6,11,MB,,,,
-32.523897,152.322596,UOF1801,28,1,8,2022,4,6,12,MB,,,,
-32.523885,152.322647,UOF1801,36,0.9,10,2022,4,6,13,MB,,,,
-32.539207,152.315297,UOF1801,4,1,8,2022,4,6,14,MB,,,,
-32.539283,152.315424,UOF1801,4,0.9,8,2022,4,6,15,MB,,,,
-32.539188,152.315348,UOF1801,21,0.9,8,2022,4,6,16,MB,,,,
-32.545431,152.307032,UOF1801,24,0.8,10,2022,4,6,17,MB,,,,
-32.561682,152.301081,UOF1801,5,0.9,8,2022,4,6,18,MB,,,,
-32.589288,152.275878,UOF1801,9,1.2,6,2022,4,6,19,MB,,,,
-32.597019,152.24798,UOF1801,25,0.7,11,2022,4,6,20,MB,,,,
-32.600121,152.242233,UOF1801,1,0.8,10,2022,4,6,21,MB,,,,
-32.593452,152.252685,UOF1801,1,0.9,9,2022,4,6,22,MB,,,,
-32.58492,152.281575,UOF1801,6,0.9,9,2022,4,6,23,MB,,,,
-32.552355,152.303243,UOF1801,0,0.8,10,2022,4,7,0,MB,,,,
-32.509249,152.319849,UOF1801,8,0.9,8,2022,4,7,2,MB,,,,
-32.506687,152.315653,UOF1801,16,0.8,9,2022,4,7,3,MB,,,,
-32.49989,152.308354,UOF1801,1,1.3,8,2022,4,7,4,MB,,,,
-32.497951,152.310287,UOF1801,30,0.7,11,2022,4,7,5,MB,,,,
-32.496044,152.314585,UOF1801,18,0.7,10,2022,4,7,6,MB,,,,
-32.50642,152.324376,UOF1801,34,0.8,9,2022,4,7,7,MB,,,,
-32.505898,152.330225,UOF1801,20,1,9,2022,4,7,8,MB,,,,
-32.506095,152.330251,UOF1801,49,0.8,10,2022,4,7,9,MB,,,,
-32.505809,152.330174,UOF1801,17,0.9,8,2022,4,7,10,MB,,,,
-32.50586,152.330123,UOF1801,19,1.1,7,2022,4,7,11,MB,,,,
-32.505892,152.330149,UOF1801,23,0.9,9,2022,4,7,12,MB,,,,
-32.509274,152.319239,UOF1801,31,0.8,10,2022,4,7,13,MB,,,,
-32.503826,152.319849,UOF1801,34,0.8,10,2022,4,7,14,MB,,,,
-32.5038,152.314712,UOF1801,6,0.8,9,2022,4,7,15,MB,,,,
-32.503762,152.315297,UOF1801,18,0.8,9,2022,4,7,16,MB,,,,
-32.507895,152.317535,UOF1801,23,0.8,10,2022,4,7,17,MB,,,,
-32.504849,152.325749,UOF1801,20,1.1,8,2022,4,7,18,MB,,,,
-32.473575,152.388692,UOF1801,17,0.8,10,2022,4,7,20,MB,,,,
-32.47355,152.388565,UOF1801,6,0.7,10,2022,4,7,21,MB,,,,
-32.473607,152.38859,UOF1801,20,0.9,9,2022,4,7,22,MB,,,,
-32.473639,152.388565,UOF1801,20,0.9,9,2022,4,7,23,MB,,,,
-32.471782,152.38503,UOF1801,19,0.8,10,2022,4,8,0,MB,,,,
-32.477129,152.361124,UOF1801,9,1,7,2022,4,8,1,MB,,,,
-32.509516,152.318908,UOF1801,23,0.9,8,2022,4,8,3,MB,,,,
-32.509427,152.31901,UOF1801,0,1.1,8,2022,4,8,4,MB,,,,
-32.512695,152.321375,UOF1801,0,0.8,10,2022,4,8,5,MB,,,,
-32.514723,152.32224,UOF1801,5,0.7,10,2022,4,8,6,MB,,,,
-32.514755,152.322875,UOF1801,0,0.8,9,2022,4,8,7,MB,,,,
-32.514761,152.322901,UOF1801,0,1,8,2022,4,8,8,MB,,,,
-32.514895,152.322952,UOF1801,13,0.8,10,2022,4,8,9,MB,,,,
-32.514736,152.322875,UOF1801,0,0.9,8,2022,4,8,10,MB,,,,
-32.514958,152.322697,UOF1801,0,1.2,7,2022,4,8,11,MB,,,,
-32.51471,152.322774,UOF1801,26,0.9,9,2022,4,8,12,MB,,,,
-32.521799,152.323054,UOF1801,17,0.8,10,2022,4,8,13,MB,,,,
-32.539073,152.3155,UOF1801,0,0.9,8,2022,4,8,14,MB,,,,
-32.539162,152.3155,UOF1801,0,1,7,2022,4,8,15,MB,,,,
-32.539201,152.315577,UOF1801,27,1.4,7,2022,4,8,16,MB,,,,
-32.539042,152.315551,UOF1801,0,1.1,8,2022,4,8,17,MB,,,,
-32.53908,152.31545,UOF1801,0,0.9,8,2022,4,8,18,MB,,,,
-32.543562,152.308024,UOF1801,0,0.8,10,2022,4,8,19,MB,,,,
-32.551579,152.300394,UOF1801,0,0.7,11,2022,4,8,20,MB,,,,
-32.552864,152.300979,UOF1801,1,0.7,10,2022,4,8,21,MB,,,,
-32.552851,152.300979,UOF1801,0,1.1,8,2022,4,8,22,MB,,,,
-32.552876,152.30103,UOF1801,5,0.9,9,2022,4,8,23,MB,,,,
-32.552304,152.30192,UOF1801,0,0.8,10,2022,4,9,0,MB,,,,
-32.552266,152.301971,UOF1801,0,0.9,8,2022,4,9,1,MB,,,,
-32.542354,152.309651,UOF1801,29,0.7,10,2022,4,9,2,MB,,,,
-32.510482,152.319341,UOF1801,4,0.8,9,2022,4,9,3,MB,,,,
-32.509064,152.318628,UOF1801,38,1.3,6,2022,4,9,4,MB,,,,
-32.50902,152.31873,UOF1801,20,0.8,9,2022,4,9,5,MB,,,,
-32.485229,152.304743,UOF1801,0,0.8,9,2022,4,9,6,MB,,,,
-32.479768,152.299021,UOF1801,4,0.8,10,2022,4,9,7,MB,,,,
-32.481452,152.298868,UOF1801,0,1,8,2022,4,9,8,MB,,,,
-32.481389,152.299072,UOF1801,18,0.7,10,2022,4,9,9,MB,,,,
-32.480982,152.299199,UOF1801,15,1.7,7,2022,4,9,11,MB,,,,
-32.48123,152.299123,UOF1801,9,1.3,6,2022,4,9,12,MB,,,,
-32.48268,152.300496,UOF1801,10,0.8,10,2022,4,9,13,MB,,,,
-32.482635,152.300699,UOF1801,13,0.9,9,2022,4,9,14,MB,,,,
-32.482692,152.300623,UOF1801,0,0.9,8,2022,4,9,15,MB,,,,
-32.482616,152.300623,UOF1801,0,1.4,7,2022,4,9,16,MB,,,,
-32.482699,152.300699,UOF1801,9,0.8,9,2022,4,9,17,MB,,,,
-32.502249,152.304234,UOF1801,8,0.9,8,2022,4,9,18,MB,,,,
-32.538412,152.31756,UOF1801,0,1.1,8,2022,4,9,19,MB,,,,
-32.543861,152.305658,UOF1801,14,0.8,10,2022,4,9,20,MB,,,,
-32.544528,152.306065,UOF1801,13,0.9,8,2022,4,9,21,MB,,,,
-32.562102,152.298512,UOF1801,0,1.1,9,2022,4,9,22,MB,,,,
-32.592689,152.25945,UOF1801,15,0.8,10,2022,4,9,23,MB,,,,
-32.598627,152.269724,UOF1801,10,0.8,9,2022,4,10,0,MB,,,,
-32.55341,152.304107,UOF1801,3,0.9,8,2022,4,10,1,MB,,,,
-32.542666,152.310185,UOF1801,10,0.9,8,2022,4,10,2,MB,,,,
-32.543429,152.311304,UOF1801,20,0.9,8,2022,4,10,3,MB,,,,
-32.543429,152.311279,UOF1801,0,1.1,8,2022,4,10,4,MB,,,,
-32.543492,152.311228,UOF1801,8,0.7,11,2022,4,10,5,MB,,,,
-32.542405,152.31077,UOF1801,14,0.7,10,2022,4,10,6,MB,,,,
-32.542227,152.312779,UOF1801,11,0.8,10,2022,4,10,7,MB,,,,
-32.542074,152.312983,UOF1801,19,0.9,9,2022,4,10,8,MB,,,,
-32.542157,152.312983,UOF1801,5,1,7,2022,4,10,9,MB,,,,
-32.542049,152.312906,UOF1801,10,1,7,2022,4,10,10,MB,,,,
-32.543028,152.309219,UOF1801,7,0.9,9,2022,4,10,11,MB,,,,
-32.544465,152.311406,UOF1801,32,1.2,7,2022,4,10,12,MB,,,,
-32.544484,152.311431,UOF1801,36,1.2,7,2022,4,10,13,MB,,,,
-32.54449,152.311431,UOF1801,12,0.9,9,2022,4,10,14,MB,,,,
-32.544535,152.311457,UOF1801,12,0.9,8,2022,4,10,15,MB,,,,
-32.544528,152.311635,UOF1801,86,1.5,6,2022,4,10,16,MB,,,,
-32.54449,152.311559,UOF1801,19,0.9,8,2022,4,10,17,MB,,,,
-32.542329,152.309804,UOF1801,9,0.7,10,2022,4,10,18,MB,,,,
-32.538908,152.317916,UOF1801,7,0.9,9,2022,4,10,19,MB,,,,
-32.538215,152.318552,UOF1801,14,0.6,12,2022,4,10,20,MB,,,,
-32.543448,152.311279,UOF1801,0,0.8,10,2022,4,10,21,MB,,,,
-32.543454,152.311228,UOF1801,18,0.8,10,2022,4,10,22,MB,,,,
-32.543028,152.311304,UOF1801,8,1.1,8,2022,4,10,23,MB,,,,
-32.508098,152.322163,UOF1801,11,0.8,9,2022,4,11,0,MB,,,,
-32.496635,152.335032,UOF1801,9,0.9,8,2022,4,11,1,MB,,,,
-32.493971,152.335311,UOF1801,19,0.7,10,2022,4,11,2,MB,,,,
-32.471458,152.385564,UOF1801,15,0.8,9,2022,4,11,3,MB,,,,
-32.486221,152.410792,UOF1801,0,1.3,8,2022,4,11,4,MB,,,,
-32.497131,152.38536,UOF1801,2,0.7,11,2022,4,11,5,MB,,,,
-32.497118,152.385309,UOF1801,0,0.8,9,2022,4,11,6,MB,,,,
-32.497188,152.385437,UOF1801,14,0.8,10,2022,4,11,7,MB,,,,
-32.497137,152.385386,UOF1801,1,0.9,8,2022,4,11,8,MB,,,,
-32.497137,152.385437,UOF1801,0,0.9,9,2022,4,11,9,MB,,,,
-32.497144,152.38536,UOF1801,0,1,8,2022,4,11,10,MB,,,,
-32.497182,152.385309,UOF1801,0,0.9,8,2022,4,11,11,MB,,,,
-32.49715,152.385309,UOF1801,7,1,8,2022,4,11,12,MB,,,,
-32.497118,152.38536,UOF1801,12,1.1,8,2022,4,11,13,MB,,,,
-32.497156,152.385411,UOF1801,7,0.8,9,2022,4,11,14,MB,,,,
-32.497283,152.385411,UOF1801,0,1,7,2022,4,11,15,MB,,,,
-32.497169,152.385437,UOF1801,2,1.1,8,2022,4,11,16,MB,,,,
-32.503406,152.359141,UOF1801,16,0.8,9,2022,4,11,17,MB,,,,
-32.546875,152.308507,UOF1801,2,1.1,8,2022,4,11,19,MB,,,,
-32.543969,152.310312,UOF1801,19,0.8,10,2022,4,11,20,MB,,,,
-32.550587,152.303319,UOF1801,32,1,8,2022,4,11,21,MB,,,,
-32.552215,152.301183,UOF1801,10,1.1,8,2022,4,11,22,MB,,,,
-32.554103,152.302683,UOF1801,28,0.8,10,2022,4,11,23,MB,,,,
-32.542081,152.310745,UOF1801,15,0.8,9,2022,4,12,0,MB,,,,
-32.557098,152.301742,UOF1801,0,1,8,2022,4,12,1,MB,,,,
-32.556767,152.301818,UOF1801,35,1,7,2022,4,12,2,MB,,,,
-32.555394,152.301869,UOF1801,8,1.2,7,2022,4,12,3,MB,,,,
-32.555394,152.301895,UOF1801,0,1.2,8,2022,4,12,4,MB,,,,
-32.555439,152.301895,UOF1801,8,0.7,11,2022,4,12,5,MB,,,,
-32.555483,152.301869,UOF1801,0,0.8,9,2022,4,12,6,MB,,,,
-32.555458,152.301946,UOF1801,5,1,7,2022,4,12,7,MB,,,,
-32.555445,152.301946,UOF1801,0,0.8,10,2022,4,12,8,MB,,,,
-32.555375,152.301895,UOF1801,12,0.8,9,2022,4,12,9,MB,,,,
-32.549875,152.30754,UOF1801,0,1,8,2022,4,12,10,MB,,,,
-32.537935,152.320688,UOF1801,9,0.8,9,2022,4,12,11,MB,,,,
-32.537789,152.319035,UOF1801,13,1.2,7,2022,4,12,12,MB,,,,
-32.537827,152.319137,UOF1801,38,0.9,9,2022,4,12,13,MB,,,,
-32.537815,152.319112,UOF1801,6,0.9,9,2022,4,12,14,MB,,,,
-32.53784,152.319086,UOF1801,1,0.9,8,2022,4,12,15,MB,,,,
-32.538145,152.319137,UOF1801,5,0.8,9,2022,4,12,16,MB,,,,
-32.538177,152.318603,UOF1801,9,0.8,10,2022,4,12,17,MB,,,,
-32.538247,152.318628,UOF1801,16,0.7,10,2022,4,12,18,MB,,,,
-32.543982,152.306803,UOF1801,5,0.9,8,2022,4,12,19,MB,,,,
-32.544452,152.307108,UOF1801,19,0.7,10,2022,4,12,20,MB,,,,
-32.544579,152.30721,UOF1801,14,0.9,9,2022,4,12,21,MB,,,,
-32.544064,152.306549,UOF1801,18,0.8,10,2022,4,12,22,MB,,,,
-32.545927,152.308761,UOF1801,5,1.2,7,2022,4,12,23,MB,,,,
-32.542761,152.31016,UOF1801,5,0.8,9,2022,4,13,0,MB,,,,
-32.54278,152.310084,UOF1801,8,1,7,2022,4,13,1,MB,,,,
-32.544382,152.306294,UOF1801,18,0.8,9,2022,4,13,2,MB,,,,
-32.549945,152.307362,UOF1801,12,0.8,9,2022,4,13,3,MB,,,,
-32.551172,152.303421,UOF1801,0,1.2,7,2022,4,13,4,MB,,,,
-32.55095,152.304311,UOF1801,7,0.7,11,2022,4,13,5,MB,,,,
-32.549278,152.307108,UOF1801,6,0.7,11,2022,4,13,6,MB,,,,
-32.542049,152.310262,UOF1801,44,1,9,2022,4,13,7,MB,,,,
-32.5447,152.307006,UOF1801,0,0.9,9,2022,4,13,8,MB,,,,
-32.544687,152.307032,UOF1801,0,0.8,9,2022,4,13,9,MB,,,,
-32.544579,152.307006,UOF1801,0,0.8,9,2022,4,13,10,MB,,,,
-32.544522,152.307057,UOF1801,11,0.8,9,2022,4,13,11,MB,,,,
-32.544319,152.306498,UOF1801,42,0.8,11,2022,4,13,12,MB,,,,
-32.542488,152.309906,UOF1801,29,0.9,9,2022,4,13,13,MB,,,,
-32.516211,152.350621,UOF1801,0,0.9,9,2022,4,13,14,MB,,,,
-32.490792,152.39978,UOF1801,0,0.9,8,2022,4,13,15,MB,,,,
-32.490729,152.399703,UOF1801,2,1.2,7,2022,4,13,16,MB,,,,
-32.47278,152.388641,UOF1801,6,0.8,9,2022,4,13,17,MB,,,,
-32.483519,152.351511,UOF1801,5,0.7,10,2022,4,13,18,MB,,,,
-32.529944,152.322875,UOF1801,13,0.9,8,2022,4,13,19,MB,,,,
-32.564734,152.298767,UOF1801,0,0.9,8,2022,4,13,20,MB,,,,
-32.578378,152.288314,UOF1801,4,0.7,11,2022,4,13,21,MB,,,,
-32.544484,152.307083,UOF1801,5,0.8,10,2022,4,13,22,MB,,,,
-32.544528,152.307108,UOF1801,8,0.9,8,2022,4,13,23,MB,,,,
-32.544465,152.307184,UOF1801,5,1.3,4,2022,4,14,0,MB,,,,
-32.544427,152.307134,UOF1801,12,1.4,5,2022,4,14,1,MB,,,,
-32.54449,152.307134,UOF1801,17,3.4,4,2022,4,14,2,MB,,,,
-32.54449,152.307235,UOF1801,8,1.2,6,2022,4,14,3,MB,,,,
-32.544465,152.307235,UOF1801,0,1.7,6,2022,4,14,4,MB,,,,
-32.543301,152.30754,UOF1801,12,1,7,2022,4,14,5,MB,,,,
-32.506413,152.314941,UOF1801,3,1.3,5,2022,4,14,6,MB,,,,
-32.494804,152.321019,UOF1801,45,1.7,5,2022,4,14,7,MB,,,,
-32.505224,152.321146,UOF1801,0,1.5,5,2022,4,14,10,MB,,,,
-32.50525,152.321095,UOF1801,26,1,8,2022,4,14,11,MB,,,,
-32.505167,152.321222,UOF1801,24,1.2,7,2022,4,14,12,MB,,,,
-32.50511,152.321222,UOF1801,38,1.3,6,2022,4,14,13,MB,,,,
-32.505205,152.321273,UOF1801,43,1.2,7,2022,4,14,14,MB,,,,
-32.505173,152.321299,UOF1801,39,0.9,7,2022,4,14,15,MB,,,,
-32.50525,152.321172,UOF1801,30,1,7,2022,4,14,16,MB,,,,
-32.50511,152.321222,UOF1801,52,1.1,7,2022,4,14,17,MB,,,,
-32.505167,152.321172,UOF1801,23,0.8,9,2022,4,14,18,MB,,,,
-32.509243,152.320053,UOF1801,28,0.9,8,2022,4,14,19,MB,,,,
-32.50504,152.313034,UOF1801,32,0.8,9,2022,4,14,20,MB,,,,
-32.536473,152.319468,UOF1801,37,1,8,2022,4,14,21,MB,,,,
-32.544077,152.306854,UOF1801,30,1,8,2022,4,14,22,MB,,,,
-32.542628,152.310185,UOF1801,11,0.8,9,2022,4,14,23,MB,,,,
-32.542755,152.310872,UOF1801,0,0.9,8,2022,4,15,0,MB,,,,
-32.542717,152.310897,UOF1801,4,1.6,6,2022,4,15,1,MB,,,,
-32.54538,152.310948,UOF1801,18,0.8,9,2022,4,15,2,MB,,,,
-32.544452,152.307184,UOF1801,13,0.9,9,2022,4,15,3,MB,,,,
-32.544471,152.307083,UOF1801,0,1.1,8,2022,4,15,4,MB,,,,
-32.54444,152.307134,UOF1801,11,0.7,10,2022,4,15,5,MB,,,,
-32.546461,152.308507,UOF1801,7,0.8,9,2022,4,15,6,MB,,,,
-32.545743,152.308888,UOF1801,31,1.1,9,2022,4,15,7,MB,,,,
-32.544637,152.307057,UOF1801,0,1,9,2022,4,15,8,MB,,,,
-32.544605,152.307083,UOF1801,11,0.9,8,2022,4,15,9,MB,,,,
-32.544643,152.307006,UOF1801,0,0.8,9,2022,4,15,10,MB,,,,
-32.543282,152.307235,UOF1801,23,0.8,9,2022,4,15,11,MB,,,,
-32.542914,152.310185,UOF1801,55,1.4,7,2022,4,15,12,MB,,,,
-32.542831,152.310211,UOF1801,0,1.4,6,2022,4,15,13,MB,,,,
-32.542717,152.310185,UOF1801,0,0.8,9,2022,4,15,14,MB,,,,
-32.544738,152.306345,UOF1801,0,1,7,2022,4,15,15,MB,,,,
-32.544707,152.306447,UOF1801,0,1.7,6,2022,4,15,16,MB,,,,
-32.544815,152.306345,UOF1801,0,1.2,5,2022,4,15,17,MB,,,,
-32.542462,152.309575,UOF1801,0,0.8,9,2022,4,15,18,MB,,,,
-32.543829,152.308176,UOF1801,19,0.8,9,2022,4,15,19,MB,,,,
-32.561084,152.30103,UOF1801,31,0.7,11,2022,4,15,20,MB,,,,
-32.544242,152.306091,UOF1801,0,1.4,7,2022,4,15,21,MB,,,,
-32.54306,152.309244,UOF1801,0,1.1,9,2022,4,15,22,MB,,,,
-32.543416,152.311253,UOF1801,19,1,7,2022,4,15,23,MB,,,,
-32.518322,152.322214,UOF1801,23,0.9,8,2022,4,16,0,MB,,,,
-32.497436,152.334676,UOF1801,13,0.8,9,2022,4,16,1,MB,,,,
-32.472717,152.391387,UOF1801,16,0.8,9,2022,4,16,2,MB,,,,
-32.475845,152.422617,UOF1801,6,0.9,8,2022,4,16,3,MB,,,,
-32.479653,152.416132,UOF1801,15,1.1,8,2022,4,16,4,MB,,,,
-32.47971,152.416107,UOF1801,28,0.7,10,2022,4,16,5,MB,,,,
-32.479653,152.416107,UOF1801,35,0.8,9,2022,4,16,6,MB,,,,
-32.479691,152.416107,UOF1801,26,1,9,2022,4,16,7,MB,,,,
-32.492719,152.395278,UOF1801,4,0.7,10,2022,4,16,8,MB,,,,
-32.506261,152.366236,UOF1801,15,0.9,8,2022,4,16,9,MB,,,,
-32.506267,152.36621,UOF1801,8,0.7,10,2022,4,16,10,MB,,,,
-32.506184,152.36621,UOF1801,19,0.8,9,2022,4,16,11,MB,,,,
-32.50621,152.36621,UOF1801,20,0.9,9,2022,4,16,12,MB,,,,
-32.50628,152.366236,UOF1801,23,0.9,9,2022,4,16,13,MB,,,,
-32.506242,152.366185,UOF1801,4,0.8,9,2022,4,16,14,MB,,,,
-32.506267,152.366236,UOF1801,8,0.8,9,2022,4,16,15,MB,,,,
-32.506267,152.36621,UOF1801,12,1.3,6,2022,4,16,16,MB,,,,
-32.524323,152.338643,UOF1801,3,0.8,9,2022,4,16,17,MB,,,,
-32.544071,152.307134,UOF1801,2,0.9,8,2022,4,16,18,MB,,,,
-32.560836,152.300649,UOF1801,4,1,8,2022,4,16,19,MB,,,,
-32.599937,152.265553,UOF1801,0,0.7,12,2022,4,16,20,MB,,,,
-32.608571,152.23234,UOF1801,12,1,9,2022,4,16,21,MB,,,,
-32.616798,152.224711,UOF1801,13,1,9,2022,4,16,22,MB,,,,
-32.627918,152.213317,UOF1801,6,0.7,10,2022,4,16,23,MB,,,,
-32.586134,152.273793,UOF1801,6,0.9,8,2022,4,17,0,MB,,,,
-32.542577,152.310516,UOF1801,10,1,8,2022,4,17,1,MB,,,,
-32.544281,152.306777,UOF1801,30,0.8,9,2022,4,17,2,MB,,,,
-32.509618,152.320129,UOF1801,0,0.9,9,2022,4,17,3,MB,,,,
-32.509281,152.318832,UOF1801,0,1.6,6,2022,4,17,4,MB,,,,
-32.509382,152.31901,UOF1801,0,0.8,10,2022,4,17,5,MB,,,,
-32.509503,152.319035,UOF1801,18,0.8,9,2022,4,17,6,MB,,,,
-32.509084,152.320434,UOF1801,24,1,9,2022,4,17,7,MB,,,,
-32.509853,152.319315,UOF1801,11,0.9,9,2022,4,17,8,MB,,,,
-32.509726,152.319315,UOF1801,3,1.1,7,2022,4,17,9,MB,,,,
-32.537255,152.318781,UOF1801,2,0.9,9,2022,4,17,10,MB,,,,
-32.544592,152.307057,UOF1801,13,0.8,9,2022,4,17,11,MB,,,,
-32.544503,152.307032,UOF1801,7,1.1,8,2022,4,17,12,MB,,,,
-32.544637,152.306955,UOF1801,20,0.8,10,2022,4,17,13,MB,,,,
-32.544637,152.307083,UOF1801,3,0.8,10,2022,4,17,14,MB,,,,
-32.544649,152.307083,UOF1801,0,1,7,2022,4,17,15,MB,,,,
-32.549914,152.3081,UOF1801,0,1.2,7,2022,4,17,16,MB,,,,
-32.538285,152.318603,UOF1801,15,0.9,8,2022,4,17,17,MB,,,,
-32.537967,152.319137,UOF1801,9,1,7,2022,4,17,18,MB,,,,
-32.538202,152.318603,UOF1801,13,0.8,9,2022,4,17,19,MB,,,,
-32.538158,152.318552,UOF1801,15,0.7,11,2022,4,17,20,MB,,,,
-32.504112,152.311152,UOF1801,6,1.1,8,2022,4,17,21,MB,,,,
-32.509389,152.318985,UOF1801,5,0.9,9,2022,4,17,22,MB,,,,
-32.528494,152.322367,UOF1801,4,0.7,11,2022,4,17,23,MB,,,,
-32.528386,152.322418,UOF1801,0,0.9,8,2022,4,18,0,MB,,,,
-32.541807,152.310516,UOF1801,0,0.9,8,2022,4,18,1,MB,,,,
-32.586242,152.28956,UOF1801,9,0.8,9,2022,4,18,2,MB,,,,
-32.604731,152.247294,UOF1801,8,0.8,10,2022,4,18,3,MB,,,,
-32.605309,152.233408,UOF1801,25,0.9,9,2022,4,18,4,MB,,,,
-32.574181,152.29368,UOF1801,5,0.7,11,2022,4,18,5,MB,,,,
-32.542189,152.31016,UOF1801,19,0.9,9,2022,4,18,6,MB,,,,
-32.536537,152.3199,UOF1801,0,1.4,6,2022,4,18,7,MB,,,,
-32.53646,152.320027,UOF1801,21,1,8,2022,4,18,8,MB,,,,
-32.536524,152.320027,UOF1801,13,1.1,7,2022,4,18,9,MB,,,,
-32.536492,152.320002,UOF1801,0,0.8,9,2022,4,18,10,MB,,,,
-32.536524,152.319976,UOF1801,0,0.8,9,2022,4,18,11,MB,,,,
-32.536505,152.319976,UOF1801,16,1.4,7,2022,4,18,12,MB,,,,
-32.536492,152.319976,UOF1801,20,1,8,2022,4,18,13,MB,,,,
-32.536562,152.319976,UOF1801,6,0.8,10,2022,4,18,14,MB,,,,
-32.536359,152.319849,UOF1801,0,1.4,7,2022,4,18,15,MB,,,,
-32.537471,152.320358,UOF1801,14,1,8,2022,4,18,16,MB,,,,
-32.537897,152.320129,UOF1801,14,0.8,9,2022,4,18,17,MB,,,,
-32.538171,152.318603,UOF1801,10,0.9,9,2022,4,18,18,MB,,,,
-32.53838,152.317433,UOF1801,0,0.8,9,2022,4,18,19,MB,,,,
-32.501867,152.329589,UOF1801,39,0.7,12,2022,4,18,20,MB,,,,
-32.496597,152.335108,UOF1801,4,1,8,2022,4,18,21,MB,,,,
-32.501639,152.330429,UOF1801,28,0.8,10,2022,4,18,22,MB,,,,
-32.5432,152.310007,UOF1801,10,0.7,10,2022,4,18,23,MB,,,,
-32.53742,152.32051,UOF1801,8,0.8,9,2022,4,19,0,MB,,,,
-32.536861,152.320917,UOF1801,34,0.9,8,2022,4,19,1,MB,,,,
-32.53723,152.320816,UOF1801,20,0.8,9,2022,4,19,2,MB,,,,
-32.553283,152.304183,UOF1801,13,0.8,10,2022,4,19,3,MB,,,,
-32.592797,152.271759,UOF1801,9,0.8,9,2022,4,19,4,MB,,,,
-32.580069,152.290832,UOF1801,9,0.7,11,2022,4,19,5,MB,,,,
-32.580094,152.290857,UOF1801,21,0.8,10,2022,4,19,6,MB,,,,
-32.580081,152.290908,UOF1801,18,1,9,2022,4,19,7,MB,,,,
-32.580101,152.290883,UOF1801,9,0.8,10,2022,4,19,8,MB,,,,
-32.580075,152.290934,UOF1801,7,1.1,7,2022,4,19,9,MB,,,,
-32.580056,152.290883,UOF1801,12,0.8,10,2022,4,19,10,MB,,,,
-32.580075,152.290883,UOF1801,13,1,8,2022,4,19,11,MB,,,,
-32.580075,152.290959,UOF1801,33,0.9,9,2022,4,19,12,MB,,,,
-32.580069,152.290908,UOF1801,27,0.8,10,2022,4,19,13,MB,,,,
-32.580081,152.290908,UOF1801,10,0.9,8,2022,4,19,14,MB,,,,
-32.580094,152.290883,UOF1801,17,1,7,2022,4,19,15,MB,,,,
-32.580056,152.290908,UOF1801,8,1,8,2022,4,19,16,MB,,,,
-32.553035,152.304285,UOF1801,0,1,8,2022,4,19,17,MB,,,,
-32.538311,152.318552,UOF1801,12,0.9,9,2022,4,19,18,MB,,,,
-32.537764,152.319035,UOF1801,18,0.9,8,2022,4,19,19,MB,,,,
-32.537687,152.319086,UOF1801,9,0.8,9,2022,4,19,20,MB,,,,
-32.537802,152.318985,UOF1801,6,0.9,9,2022,4,19,21,MB,,,,
-32.537789,152.31901,UOF1801,14,0.8,10,2022,4,19,22,MB,,,,
-32.537796,152.31901,UOF1801,11,0.7,10,2022,4,19,23,MB,,,,
-32.537376,152.320714,UOF1801,1,0.9,9,2022,4,20,0,MB,,,,
-32.540186,152.319315,UOF1801,2,0.9,8,2022,4,20,1,MB,,,,
-32.52639,152.322825,UOF1801,12,0.8,9,2022,4,20,2,MB,,,,
-32.503889,152.307388,UOF1801,33,1,9,2022,4,20,3,MB,,,,
-32.500481,152.304794,UOF1801,0,1.3,6,2022,4,20,4,MB,,,,
-32.500437,152.304794,UOF1801,0,0.8,9,2022,4,20,5,MB,,,,
-32.500297,152.304794,UOF1801,9,1.5,6,2022,4,20,6,MB,,,,
-32.500367,152.304819,UOF1801,2,1,8,2022,4,20,7,MB,,,,
-32.511932,152.32051,UOF1801,23,0.8,10,2022,4,20,8,MB,,,,
-32.543963,152.310262,UOF1801,0,1,8,2022,4,20,9,MB,,,,
-32.544656,152.308074,UOF1801,1,0.8,9,2022,4,20,10,MB,,,,
-32.544732,152.308024,UOF1801,0,0.9,9,2022,4,20,11,MB,,,,
-32.544681,152.307973,UOF1801,14,0.9,10,2022,4,20,12,MB,,,,
-32.54456,152.307998,UOF1801,11,1,8,2022,4,20,13,MB,,,,
-32.544484,152.3081,UOF1801,27,0.8,9,2022,4,20,14,MB,,,,
-32.542278,152.3096,UOF1801,12,1,8,2022,4,20,15,MB,,,,
-32.545107,152.307896,UOF1801,0,1,8,2022,4,20,16,MB,,,,
-32.545043,152.307871,UOF1801,12,0.9,8,2022,4,20,17,MB,,,,
-32.545113,152.307896,UOF1801,5,0.9,9,2022,4,20,18,MB,,,,
-32.544446,152.306828,UOF1801,25,0.8,9,2022,4,20,19,MB,,,,
-32.542011,152.31077,UOF1801,38,0.7,11,2022,4,20,20,MB,,,,
-32.510838,152.319697,UOF1801,9,1.1,8,2022,4,20,21,MB,,,,
-32.476608,152.360336,UOF1801,15,0.8,10,2022,4,20,22,MB,,,,
-32.456256,152.378214,UOF1801,0,0.9,8,2022,4,20,23,MB,,,,
-32.47285,152.396601,UOF1801,2,0.9,8,2022,4,21,0,MB,,,,
-32.479265,152.391159,UOF1801,3,0.9,8,2022,4,21,1,MB,,,,
-32.509382,152.320205,UOF1801,13,0.8,9,2022,4,21,2,MB,,,,
-32.544198,152.306472,UOF1801,0,0.8,10,2022,4,21,3,MB,,,,
-32.543874,152.307668,UOF1801,0,0.8,9,2022,4,21,4,MB,,,,
-32.548451,152.30515,UOF1801,0,0.7,11,2022,4,21,5,MB,,,,
-32.548629,152.30515,UOF1801,0,0.9,9,2022,4,21,6,MB,,,,
-32.548521,152.305201,UOF1801,17,0.9,9,2022,4,21,7,MB,,,,
-32.548299,152.305175,UOF1801,26,0.7,11,2022,4,21,8,MB,,,,
-32.548648,152.30632,UOF1801,4,0.9,8,2022,4,21,9,MB,,,,
-32.555636,152.301005,UOF1801,4,0.8,9,2022,4,21,10,MB,,,,
-32.555617,152.301055,UOF1801,19,0.9,9,2022,4,21,11,MB,,,,
-32.555572,152.30103,UOF1801,0,1.1,8,2022,4,21,12,MB,,,,
-32.555712,152.301005,UOF1801,0,0.9,8,2022,4,21,13,MB,,,,
-32.555788,152.30103,UOF1801,0,1,7,2022,4,21,14,MB,,,,
-32.555648,152.30103,UOF1801,0,0.9,8,2022,4,21,15,MB,,,,
-32.55568,152.30103,UOF1801,5,0.8,9,2022,4,21,16,MB,,,,
-32.555699,152.30103,UOF1801,8,0.9,8,2022,4,21,17,MB,,,,
-32.563805,152.29752,UOF1801,14,0.9,8,2022,4,21,18,MB,,,,
-32.544223,152.308024,UOF1801,36,0.8,10,2022,4,21,19,MB,,,,
-32.544217,152.307973,UOF1801,9,0.7,10,2022,4,21,20,MB,,,,
-32.544147,152.307922,UOF1801,7,0.9,9,2022,4,21,21,MB,,,,
-32.542685,152.311152,UOF1801,10,1,8,2022,4,21,22,MB,,,,
-32.529422,152.32285,UOF1801,7,0.8,9,2022,4,21,23,MB,,,,
-32.528939,152.322672,UOF1801,0,1,7,2022,4,22,0,MB,,,,
-32.528965,152.322647,UOF1801,26,0.9,8,2022,4,22,1,MB,,,,
-32.529492,152.323003,UOF1801,11,0.8,9,2022,4,22,2,MB,,,,
-32.529098,152.322926,UOF1801,0,1,9,2022,4,22,3,MB,,,,
-32.509732,152.319391,UOF1801,8,1.1,7,2022,4,22,4,MB,,,,
-32.499108,152.306879,UOF1801,13,0.8,10,2022,4,22,5,MB,,,,
-32.496438,152.314687,UOF1801,38,0.8,10,2022,4,22,6,MB,,,,
-32.46887,152.382817,UOF1801,0,0.8,9,2022,4,22,8,MB,,,,
-32.468813,152.382766,UOF1801,19,0.9,8,2022,4,22,9,MB,,,,
-32.468851,152.382715,UOF1801,2,0.9,8,2022,4,22,10,MB,,,,
-32.468819,152.38269,UOF1801,17,0.9,9,2022,4,22,11,MB,,,,
-32.468877,152.382741,UOF1801,21,1.4,6,2022,4,22,12,MB,,,,
-32.468794,152.382868,UOF1801,23,0.8,9,2022,4,22,13,MB,,,,
-32.468889,152.382741,UOF1801,0,0.9,8,2022,4,22,14,MB,,,,
-32.468877,152.382766,UOF1801,2,1.1,7,2022,4,22,15,MB,,,,
-32.468864,152.382715,UOF1801,9,0.9,9,2022,4,22,16,MB,,,,
-32.491631,152.401814,UOF1801,0,0.8,9,2022,4,22,17,MB,,,,
-32.524927,152.337651,UOF1801,15,0.9,9,2022,4,22,18,MB,,,,
-32.549348,152.308024,UOF1801,5,0.9,9,2022,4,22,19,MB,,,,
-32.589853,152.277252,UOF1801,3,0.8,10,2022,4,22,20,MB,,,,
-32.590235,152.270284,UOF1801,0,1.1,8,2022,4,22,21,MB,,,,
-32.580291,152.286407,UOF1801,9,0.8,10,2022,4,22,22,MB,,,,
-32.54203,152.310516,UOF1801,8,0.9,10,2022,4,22,23,MB,,,,
-32.541693,152.312016,UOF1801,50,1,7,2022,4,23,0,MB,,,,
-32.541846,152.311787,UOF1801,75,1.4,5,2022,4,23,1,MB,,,,
-32.541756,152.311915,UOF1801,19,0.9,8,2022,4,23,2,MB,,,,
-32.533943,152.320714,UOF1801,0,1.1,9,2022,4,23,3,MB,,,,
-32.52398,152.322672,UOF1801,0,0.7,12,2022,4,23,4,MB,,,,
-32.523948,152.322494,UOF1801,27,0.7,11,2022,4,23,5,MB,,,,
-32.524012,152.322647,UOF1801,5,0.8,10,2022,4,23,6,MB,,,,
-32.523929,152.322596,UOF1801,19,0.9,9,2022,4,23,7,MB,,,,
-32.523993,152.322596,UOF1801,0,0.7,10,2022,4,23,8,MB,,,,
-32.52398,152.322469,UOF1801,0,0.9,8,2022,4,23,9,MB,,,,
-32.523764,152.322774,UOF1801,12,1,7,2022,4,23,10,MB,,,,
-32.523916,152.322621,UOF1801,0,1.3,6,2022,4,23,11,MB,,,,
-32.539207,152.319849,UOF1801,5,1.3,7,2022,4,23,12,MB,,,,
-32.537363,152.319875,UOF1801,16,0.8,10,2022,4,23,13,MB,,,,
-32.537452,152.319849,UOF1801,0,1,7,2022,4,23,14,MB,,,,
-32.537014,152.319747,UOF1801,0,0.9,8,2022,4,23,15,MB,,,,
-32.537694,152.319798,UOF1801,18,0.9,9,2022,4,23,16,MB,,,,
-32.537681,152.319798,UOF1801,0,1.3,7,2022,4,23,17,MB,,,,
-32.537503,152.320002,UOF1801,7,0.8,10,2022,4,23,18,MB,,,,
-32.537433,152.319824,UOF1801,4,0.7,11,2022,4,23,19,MB,,,,
-32.53737,152.319747,UOF1801,2,0.8,10,2022,4,23,20,MB,,,,
-32.539048,152.317789,UOF1801,5,1,9,2022,4,23,21,MB,,,,
-32.543937,152.307235,UOF1801,6,0.8,10,2022,4,23,22,MB,,,,
-32.54339,152.30749,UOF1801,8,0.8,10,2022,4,23,23,MB,,,,
-32.53742,152.319824,UOF1801,0,1,7,2022,4,24,0,MB,,,,
-32.537363,152.3199,UOF1801,47,1.1,7,2022,4,24,1,MB,,,,
-32.53737,152.319849,UOF1801,22,0.8,9,2022,4,24,2,MB,,,,
-32.543047,152.310134,UOF1801,0,1.2,7,2022,4,24,3,MB,,,,
-32.515594,152.322901,UOF1801,13,0.8,10,2022,4,24,4,MB,,,,
-32.489807,152.306701,UOF1801,10,0.8,10,2022,4,24,5,MB,,,,
-32.479316,152.293401,UOF1801,6,0.9,9,2022,4,24,6,MB,,,,
-32.470968,152.291976,UOF1801,0,1.1,8,2022,4,24,7,MB,,,,
-32.466868,152.2904,UOF1801,10,0.8,9,2022,4,24,8,MB,,,,
-32.466823,152.290349,UOF1801,0,0.9,8,2022,4,24,9,MB,,,,
-32.466677,152.290451,UOF1801,15,1,8,2022,4,24,10,MB,,,,
-32.46674,152.290323,UOF1801,48,0.9,9,2022,4,24,11,MB,,,,
-32.46669,152.290501,UOF1801,0,1,9,2022,4,24,12,MB,,,,
-32.466861,152.290374,UOF1801,2,0.9,8,2022,4,24,13,MB,,,,
-32.466918,152.290374,UOF1801,0,0.8,9,2022,4,24,14,MB,,,,
-32.483792,152.303268,UOF1801,16,0.9,8,2022,4,24,15,MB,,,,
-32.509452,152.31901,UOF1801,0,1,8,2022,4,24,16,MB,,,,
-32.509567,152.31901,UOF1801,1,0.7,10,2022,4,24,17,MB,,,,
-32.514882,152.322494,UOF1801,0,0.9,8,2022,4,24,18,MB,,,,
-32.557174,152.301742,UOF1801,19,0.7,11,2022,4,24,19,MB,,,,
-32.590769,152.273183,UOF1801,0,0.7,11,2022,4,24,20,MB,,,,
-32.56755,152.281931,UOF1801,38,1,9,2022,4,24,21,MB,,,,
-32.509522,152.319163,UOF1801,0,0.9,9,2022,4,24,23,MB,,,,
-32.509414,152.319086,UOF1801,0,1.1,7,2022,4,25,0,MB,,,,
-32.509064,152.32046,UOF1801,21,0.7,10,2022,4,25,1,MB,,,,
-32.509535,152.318985,UOF1801,20,1.1,7,2022,4,25,2,MB,,,,
-32.509408,152.319086,UOF1801,0,1.1,8,2022,4,25,3,MB,,,,
-32.509408,152.319112,UOF1801,10,0.8,10,2022,4,25,4,MB,,,,
-32.509497,152.31901,UOF1801,5,0.8,10,2022,4,25,5,MB,,,,
-32.509421,152.319061,UOF1801,9,1.1,9,2022,4,25,6,MB,,,,
-32.509395,152.319061,UOF1801,18,0.9,8,2022,4,25,7,MB,,,,
-32.509427,152.31901,UOF1801,11,1.1,7,2022,4,25,8,MB,,,,
-32.509382,152.319035,UOF1801,0,1,7,2022,4,25,9,MB,,,,
-32.509452,152.31901,UOF1801,7,0.9,9,2022,4,25,10,MB,,,,
-32.508944,152.319747,UOF1801,6,0.9,9,2022,4,25,11,MB,,,,
-32.508906,152.31962,UOF1801,19,0.9,9,2022,4,25,12,MB,,,,
-32.509249,152.319442,UOF1801,17,0.9,8,2022,4,25,13,MB,,,,
-32.509605,152.319163,UOF1801,0,0.9,9,2022,4,25,14,MB,,,,
-32.509567,152.319163,UOF1801,2,0.9,8,2022,4,25,15,MB,,,,
-32.50956,152.319163,UOF1801,0,0.9,9,2022,4,25,16,MB,,,,
-32.509465,152.319112,UOF1801,0,0.7,10,2022,4,25,17,MB,,,,
-32.4754,152.364354,UOF1801,20,0.9,9,2022,4,25,18,MB,,,,
-32.45831,152.383682,UOF1801,34,0.9,9,2022,4,25,19,MB,,,,
-32.497252,152.386505,UOF1801,0,0.7,11,2022,4,25,20,MB,,,,
-32.539684,152.317738,UOF1801,2,0.8,10,2022,4,25,21,MB,,,,
-32.550092,152.308583,UOF1801,16,0.8,10,2022,4,25,22,MB,,,,
-32.551567,152.30337,UOF1801,0,0.9,8,2022,4,25,23,MB,,,,
-32.551509,152.303344,UOF1801,0,0.9,8,2022,4,26,0,MB,,,,
-32.551554,152.30337,UOF1801,20,0.7,10,2022,4,26,1,MB,,,,
-32.571899,152.293299,UOF1801,15,0.9,8,2022,4,26,2,MB,,,,
-32.543562,152.307973,UOF1801,0,1.2,8,2022,4,26,3,MB,,,,
-32.505371,152.331014,UOF1801,10,0.7,11,2022,4,26,4,MB,,,,
-32.503845,152.326029,UOF1801,15,1.5,6,2022,4,26,6,MB,,,,
-32.503845,152.325953,UOF1801,0,1.9,5,2022,4,26,7,MB,,,,
-32.503794,152.326105,UOF1801,8,1.2,5,2022,4,26,8,MB,,,,
-32.503781,152.326105,UOF1801,11,1.5,5,2022,4,26,9,MB,,,,
-32.503451,152.326334,UOF1801,53,1.6,5,2022,4,26,10,MB,,,,
-32.503641,152.326156,UOF1801,43,1.6,6,2022,4,26,11,MB,,,,
-32.503832,152.32608,UOF1801,24,1.3,6,2022,4,26,12,MB,,,,
-32.503705,152.326207,UOF1801,88,1.1,6,2022,4,26,13,MB,,,,
-32.503889,152.326105,UOF1801,11,1.1,7,2022,4,26,14,MB,,,,
-32.503788,152.32608,UOF1801,29,1.7,5,2022,4,26,15,MB,,,,
-32.503845,152.326054,UOF1801,11,1.2,6,2022,4,26,16,MB,,,,
-32.504576,152.326029,UOF1801,9,1.1,7,2022,4,26,17,MB,,,,
-32.517451,152.322011,UOF1801,1,0.9,8,2022,4,26,18,MB,,,,
-32.517234,152.322087,UOF1801,34,1.1,7,2022,4,26,19,MB,,,,
-32.517222,152.321985,UOF1801,8,0.8,10,2022,4,26,20,MB,,,,
-32.543657,152.310567,UOF1801,5,1,9,2022,4,26,21,MB,,,,
-32.537465,152.3214,UOF1801,20,0.9,9,2022,4,26,22,MB,,,,
-32.538876,152.318425,UOF1801,12,1.3,6,2022,4,26,23,MB,,,,
-32.527718,152.322901,UOF1801,0,1.1,6,2022,4,27,0,MB,,,,
-32.523484,152.322214,UOF1801,6,0.9,8,2022,4,27,1,MB,,,,
-32.52384,152.322418,UOF1801,12,1,8,2022,4,27,2,MB,,,,
-32.523948,152.322545,UOF1801,0,1.2,8,2022,4,27,3,MB,,,,
-32.523866,152.322723,UOF1801,25,0.8,10,2022,4,27,4,MB,,,,
-32.524031,152.32257,UOF1801,0,1.1,7,2022,4,27,5,MB,,,,
-32.52398,152.322596,UOF1801,31,0.8,10,2022,4,27,6,MB,,,,
-32.52391,152.322621,UOF1801,24,0.8,9,2022,4,27,7,MB,,,,
-32.523904,152.322621,UOF1801,38,1.1,7,2022,4,27,8,MB,,,,
-32.528748,152.322952,UOF1801,19,0.9,8,2022,4,27,9,MB,,,,
-32.536925,152.321528,UOF1801,66,0.9,7,2022,4,27,10,MB,,,,
-32.537173,152.321172,UOF1801,40,0.9,9,2022,4,27,11,MB,,,,
-32.537204,152.321146,UOF1801,43,1.5,5,2022,4,27,12,MB,,,,
-32.537192,152.321121,UOF1801,8,1,7,2022,4,27,13,MB,,,,
-32.537223,152.321146,UOF1801,16,0.7,10,2022,4,27,14,MB,,,,
-32.537897,152.322011,UOF1801,8,1.1,8,2022,4,27,15,MB,,,,
-32.533943,152.325241,UOF1801,6,0.8,9,2022,4,27,16,MB,,,,
-32.533962,152.32519,UOF1801,10,0.7,10,2022,4,27,17,MB,,,,
-32.529963,152.330886,UOF1801,12,0.9,9,2022,4,27,18,MB,,,,
-32.522295,152.335184,UOF1801,28,0.8,9,2022,4,27,19,MB,,,,
-32.52227,152.335159,UOF1801,22,0.7,11,2022,4,27,20,MB,,,,
-32.522321,152.335108,UOF1801,32,1,9,2022,4,27,21,MB,,,,
-32.539519,152.315628,UOF1801,8,0.9,8,2022,4,27,22,MB,,,,
-32.523999,152.322697,UOF1801,0,0.9,8,2022,4,27,23,MB,,,,
-32.523923,152.322621,UOF1801,6,1.2,6,2022,4,28,0,MB,,,,
-32.523929,152.322443,UOF1801,0,1,7,2022,4,28,1,MB,,,,
-32.523878,152.322494,UOF1801,9,1.1,7,2022,4,28,2,MB,,,,
-32.539372,152.315628,UOF1801,0,1.1,8,2022,4,28,3,MB,,,,
-32.536003,152.319646,UOF1801,16,0.8,10,2022,4,28,4,MB,,,,
-32.502408,152.307184,UOF1801,26,0.8,10,2022,4,28,5,MB,,,,
-32.499159,152.305786,UOF1801,15,1,9,2022,4,28,6,MB,,,,
-32.499178,152.305811,UOF1801,13,0.9,9,2022,4,28,7,MB,,,,
-32.49921,152.305811,UOF1801,9,0.8,9,2022,4,28,8,MB,,,,
-32.499153,152.305837,UOF1801,21,1.1,7,2022,4,28,9,MB,,,,
-32.499903,152.305353,UOF1801,25,0.8,9,2022,4,28,10,MB,,,,
-32.498568,152.30693,UOF1801,31,0.8,11,2022,4,28,11,MB,,,,
-32.502948,152.307871,UOF1801,20,0.9,9,2022,4,28,12,MB,,,,
-32.50305,152.307896,UOF1801,36,0.9,8,2022,4,28,13,MB,,,,
-32.503037,152.307922,UOF1801,3,1.1,7,2022,4,28,14,MB,,,,
-32.50305,152.30782,UOF1801,37,1.2,7,2022,4,28,15,MB,,,,
-32.502942,152.307668,UOF1801,18,0.8,9,2022,4,28,16,MB,,,,
-32.502917,152.308481,UOF1801,24,0.7,10,2022,4,28,17,MB,,,,
-32.50647,152.315017,UOF1801,31,0.9,9,2022,4,28,18,MB,,,,
-32.506445,152.315272,UOF1801,3,0.8,9,2022,4,28,19,MB,,,,
-32.506464,152.315144,UOF1801,13,0.8,10,2022,4,28,20,MB,,,,
-32.50661,152.315094,UOF1801,27,1,9,2022,4,28,21,MB,,,,
-32.506502,152.315043,UOF1801,17,0.8,9,2022,4,28,22,MB,,,,
-32.50649,152.315144,UOF1801,5,0.9,8,2022,4,28,23,MB,,,,
-32.506388,152.314966,UOF1801,0,1.5,5,2022,4,29,0,MB,,,,
-32.517228,152.322621,UOF1801,34,0.9,8,2022,4,29,1,MB,,,,
-32.525302,152.322494,UOF1801,0,0.9,8,2022,4,29,2,MB,,,,
-32.544427,152.30576,UOF1801,0,1.1,8,2022,4,29,3,MB,,,,
-32.543181,152.308659,UOF1801,31,0.7,11,2022,4,29,4,MB,,,,
-32.534216,152.320587,UOF1801,29,0.8,10,2022,4,29,5,MB,,,,
-32.525678,152.322443,UOF1801,18,1.1,8,2022,4,29,6,MB,,,,
-32.485738,152.349222,UOF1801,17,0.8,10,2022,4,29,7,MB,,,,
-32.475311,152.400975,UOF1801,12,0.8,9,2022,4,29,8,MB,,,,
-32.482107,152.415267,UOF1801,4,1.2,7,2022,4,29,9,MB,,,,
-32.484975,152.413742,UOF1801,12,0.8,9,2022,4,29,10,MB,,,,
-32.487054,152.409037,UOF1801,29,1.4,7,2022,4,29,11,MB,,,,
-32.48699,152.409062,UOF1801,24,1,8,2022,4,29,12,MB,,,,
-32.487092,152.409011,UOF1801,11,1.2,7,2022,4,29,13,MB,,,,
-32.482883,152.416488,UOF1801,0,1.3,8,2022,4,29,14,MB,,,,
-32.487105,152.409011,UOF1801,28,1.3,6,2022,4,29,15,MB,,,,
-32.491822,152.402094,UOF1801,15,0.8,9,2022,4,29,16,MB,,,,
-32.491358,152.402908,UOF1801,7,0.7,10,2022,4,29,17,MB,,,,
-32.491167,152.403493,UOF1801,10,0.8,9,2022,4,29,18,MB,,,,
-32.489781,152.402145,UOF1801,1,0.7,10,2022,4,29,19,MB,,,,
-32.489762,152.402094,UOF1801,1,0.8,10,2022,4,29,20,MB,,,,
-32.490525,152.403366,UOF1801,12,0.8,10,2022,4,29,21,MB,,,,
-32.493354,152.397211,UOF1801,11,0.8,9,2022,4,29,22,MB,,,,
-32.493526,152.397974,UOF1801,1,0.9,8,2022,4,29,23,MB,,,,
-32.493214,152.397491,UOF1801,3,0.9,8,2022,4,30,0,MB,,,,
-32.493596,152.397415,UOF1801,14,1.1,7,2022,4,30,1,MB,,,,
-32.523147,152.340779,UOF1801,23,1.2,7,2022,4,30,2,MB,,,,
-32.543746,152.307566,UOF1801,0,1.1,8,2022,4,30,3,MB,,,,
-32.520839,152.322952,UOF1801,24,0.7,11,2022,4,30,4,MB,,,,
-32.509109,152.318603,UOF1801,11,0.7,10,2022,4,30,5,MB,,,,
-32.504347,152.311762,UOF1801,22,0.9,10,2022,4,30,6,MB,,,,
-32.540161,152.31723,UOF1801,0,1.1,7,2022,4,30,8,MB,,,,
-32.540275,152.316848,UOF1801,14,0.9,8,2022,4,30,9,MB,,,,
-32.54416,152.31016,UOF1801,22,0.8,9,2022,4,30,10,MB,,,,
-32.543645,152.307896,UOF1801,18,1,9,2022,4,30,11,MB,,,,
-32.543861,152.307998,UOF1801,12,0.8,10,2022,4,30,12,MB,,,,
-32.543867,152.307947,UOF1801,12,0.8,9,2022,4,30,13,MB,,,,
-32.543855,152.307973,UOF1801,17,0.9,8,2022,4,30,14,MB,,,,
-32.543467,152.307973,UOF1801,4,1,8,2022,4,30,15,MB,,,,
-32.538806,152.319722,UOF1801,21,0.8,9,2022,4,30,16,MB,,,,
-32.538024,152.319544,UOF1801,18,1.1,7,2022,4,30,18,MB,,,,
-32.538323,152.318603,UOF1801,19,0.8,9,2022,4,30,19,MB,,,,
-32.538298,152.318603,UOF1801,20,0.9,9,2022,4,30,20,MB,,,,
-32.538272,152.318552,UOF1801,17,1,9,2022,4,30,21,MB,,,,
-32.543378,152.307362,UOF1801,18,1.1,7,2022,4,30,22,MB,,,,
-32.543505,152.31133,UOF1801,18,1.7,5,2022,4,30,23,MB,,,,
-32.543454,152.311253,UOF1801,28,1.1,6,2022,5,1,0,MB,,,,
-32.543429,152.311228,UOF1801,20,0.8,9,2022,5,1,1,MB,,,,
-32.543435,152.311279,UOF1801,13,1.2,7,2022,5,1,2,MB,,,,
-32.54608,152.308736,UOF1801,7,1.3,7,2022,5,1,4,MB,,,,
-32.57469,152.291824,UOF1801,4,1.7,4,2022,5,1,5,MB,,,,
-32.545355,152.289001,UOF1801,19,1.8,4,2022,5,1,6,MB,,,,
-32.550142,152.308837,UOF1801,17,1.5,5,2022,5,1,7,MB,,,,
-32.537064,152.320638,UOF1801,52,1.3,6,2022,5,1,8,MB,,,,
-32.53688,152.32046,UOF1801,18,1.1,6,2022,5,1,9,MB,,,,
-32.541311,152.312322,UOF1801,56,1.7,5,2022,5,1,11,MB,,,,
-32.549647,152.309092,UOF1801,28,1.1,8,2022,5,1,12,MB,,,,
-32.550632,152.309244,UOF1801,19,1.2,7,2022,5,1,13,MB,,,,
-32.54985,152.307184,UOF1801,10,1.3,6,2022,5,1,14,MB,,,,
-32.548407,152.310872,UOF1801,19,1.2,7,2022,5,1,15,MB,,,,
-32.542182,152.309728,UOF1801,7,0.9,8,2022,5,1,16,MB,,,,
-32.543702,152.309906,UOF1801,16,1.3,7,2022,5,1,17,MB,,,,
-32.534477,152.325724,UOF1801,26,1,8,2022,5,1,18,MB,,,,
-32.542628,152.309092,UOF1801,10,1,7,2022,5,1,19,MB,,,,
-32.54395,152.306523,UOF1801,0,1,7,2022,5,1,20,MB,,,,
-32.54807,152.307566,UOF1801,0,1,8,2022,5,1,21,MB,,,,
-32.538749,152.319697,UOF1801,24,0.7,10,2022,5,1,22,MB,,,,
-32.538768,152.319722,UOF1801,9,0.9,8,2022,5,1,23,MB,,,,
-32.538737,152.319798,UOF1801,16,1,8,2022,5,2,0,MB,,,,
-32.538762,152.319722,UOF1801,20,0.8,9,2022,5,2,1,MB,,,,
-32.538762,152.319747,UOF1801,9,0.9,9,2022,5,2,2,MB,,,,
-32.538756,152.319747,UOF1801,11,0.9,9,2022,5,2,3,MB,,,,
-32.538743,152.319747,UOF1801,15,0.8,10,2022,5,2,4,MB,,,,
-32.538737,152.319722,UOF1801,21,0.8,9,2022,5,2,5,MB,,,,
-32.539302,152.320358,UOF1801,11,1.1,8,2022,5,2,6,MB,,,,
-32.546143,152.308761,UOF1801,14,1,9,2022,5,2,7,MB,,,,
-32.566374,152.298233,UOF1801,8,0.8,9,2022,5,2,8,MB,,,,
-32.583235,152.290781,UOF1801,9,0.8,10,2022,5,2,9,MB,,,,
-32.594495,152.281092,UOF1801,14,0.8,9,2022,5,2,10,MB,,,,
-32.592746,152.28305,UOF1801,18,0.9,9,2022,5,2,11,MB,,,,
-32.59274,152.283075,UOF1801,1,0.9,8,2022,5,2,12,MB,,,,
-32.592829,152.28305,UOF1801,3,0.8,10,2022,5,2,13,MB,,,,
-32.592753,152.283075,UOF1801,8,0.9,8,2022,5,2,14,MB,,,,
-32.589923,152.276234,UOF1801,22,1.1,7,2022,5,2,15,MB,,,,
-32.559501,152.302505,UOF1801,12,0.8,9,2022,5,2,16,MB,,,,
-32.547637,152.30782,UOF1801,15,0.9,9,2022,5,2,17,MB,,,,
-32.543454,152.311279,UOF1801,13,1.1,7,2022,5,2,18,MB,,,,
-32.543257,152.311355,UOF1801,61,0.7,11,2022,5,2,19,MB,,,,
-32.507564,152.316772,UOF1801,0,1.1,7,2022,5,2,21,MB,,,,
-32.541426,152.313008,UOF1801,14,0.8,9,2022,5,2,22,MB,,,,
-32.524037,152.322596,UOF1801,25,1,7,2022,5,2,23,MB,,,,
-32.524005,152.322469,UOF1801,1,1.1,7,2022,5,3,0,MB,,,,
-32.523916,152.322494,UOF1801,0,0.9,8,2022,5,3,1,MB,,,,
-32.524094,152.322825,UOF1801,89,1.6,6,2022,5,3,2,MB,,,,
-32.52391,152.322647,UOF1801,6,1.2,7,2022,5,3,3,MB,,,,
-32.523955,152.322596,UOF1801,6,0.9,9,2022,5,3,4,MB,,,,
-32.523885,152.322596,UOF1801,27,0.9,8,2022,5,3,5,MB,,,,
-32.523897,152.322621,UOF1801,16,1.1,8,2022,5,3,6,MB,,,,
-32.524018,152.322494,UOF1801,10,0.9,9,2022,5,3,7,MB,,,,
-32.52391,152.32257,UOF1801,8,1.1,7,2022,5,3,8,MB,,,,
-32.523948,152.322697,UOF1801,9,0.8,10,2022,5,3,9,MB,,,,
-32.53901,152.321019,UOF1801,9,1.1,8,2022,5,3,10,MB,,,,
-32.542837,152.311253,UOF1801,20,1.3,7,2022,5,3,11,MB,,,,
-32.54339,152.309473,UOF1801,17,0.8,10,2022,5,3,12,MB,,,,
-32.543371,152.309473,UOF1801,0,0.8,9,2022,5,3,13,MB,,,,
-32.54341,152.309524,UOF1801,10,0.8,9,2022,5,3,14,MB,,,,
-32.543346,152.309524,UOF1801,14,1,8,2022,5,3,15,MB,,,,
-32.539029,152.320587,UOF1801,13,0.8,9,2022,5,3,16,MB,,,,
-32.539747,152.320078,UOF1801,9,0.9,9,2022,5,3,17,MB,,,,
-32.538005,152.3199,UOF1801,20,0.8,9,2022,5,3,18,MB,,,,
-32.537598,152.32051,UOF1801,20,0.7,11,2022,5,3,19,MB,,,,
-32.53756,152.320231,UOF1801,12,1,8,2022,5,3,20,MB,,,,
-32.537942,152.318603,UOF1801,17,0.8,10,2022,5,3,21,MB,,,,
-32.52548,152.322494,UOF1801,20,0.7,10,2022,5,3,22,MB,,,,
-32.52543,152.322341,UOF1801,4,0.9,8,2022,5,3,23,MB,,,,
-32.525455,152.322367,UOF1801,19,1,7,2022,5,4,0,MB,,,,
-32.525589,152.322418,UOF1801,1,0.8,9,2022,5,4,1,MB,,,,
-32.525538,152.322469,UOF1801,1,1,8,2022,5,4,2,MB,,,,
-32.525519,152.322316,UOF1801,0,0.8,9,2022,5,4,3,MB,,,,
-32.525525,152.32224,UOF1801,0,0.7,9,2022,5,4,4,MB,,,,
-32.509796,152.318883,UOF1801,13,0.9,9,2022,5,4,5,MB,,,,
-32.476449,152.362828,UOF1801,15,1.1,8,2022,5,4,6,MB,,,,
-32.47842,152.417429,UOF1801,0,0.8,9,2022,5,4,7,MB,,,,
-32.505612,152.369415,UOF1801,11,0.9,9,2022,5,4,8,MB,,,,
-32.539786,152.318094,UOF1801,24,0.8,10,2022,5,4,9,MB,,,,
-32.545622,152.308609,UOF1801,27,0.9,9,2022,5,4,10,MB,,,,
-32.537103,152.321299,UOF1801,28,1.2,6,2022,5,4,11,MB,,,,
-32.537007,152.321146,UOF1801,25,0.8,9,2022,5,4,12,MB,,,,
-32.537083,152.321146,UOF1801,4,0.8,9,2022,5,4,13,MB,,,,
-32.549322,152.307668,UOF1801,13,0.8,9,2022,5,4,14,MB,,,,
-32.549201,152.306421,UOF1801,33,0.8,10,2022,5,4,15,MB,,,,
-32.549195,152.306294,UOF1801,0,0.9,8,2022,5,4,16,MB,,,,
-32.549144,152.306269,UOF1801,0,0.9,9,2022,5,4,17,MB,,,,
-32.548934,152.306955,UOF1801,29,0.7,10,2022,5,4,18,MB,,,,
-32.531253,152.322163,UOF1801,20,0.8,9,2022,5,4,19,MB,,,,
-32.525372,152.322214,UOF1801,0,1.4,7,2022,5,4,20,MB,,,,
-32.525474,152.322341,UOF1801,4,1,8,2022,5,4,21,MB,,,,
-32.525372,152.322367,UOF1801,7,0.9,8,2022,5,4,22,MB,,,,
-32.525379,152.322392,UOF1801,0,0.9,8,2022,5,4,23,MB,,,,
-32.525455,152.322341,UOF1801,7,0.9,8,2022,5,5,0,MB,,,,
-32.525372,152.322189,UOF1801,26,0.8,9,2022,5,5,1,MB,,,,
-32.53955,152.315399,UOF1801,6,1.3,8,2022,5,5,2,MB,,,,
-32.547968,152.30754,UOF1801,0,0.8,9,2022,5,5,3,MB,,,,
-32.52398,152.322545,UOF1801,3,0.8,9,2022,5,5,4,MB,,,,
-32.522607,152.32313,UOF1801,6,0.8,9,2022,5,5,5,MB,,,,
-32.497411,152.310236,UOF1801,8,1.1,7,2022,5,5,6,MB,,,,
-32.497334,152.310236,UOF1801,15,0.8,10,2022,5,5,7,MB,,,,
-32.476284,152.363006,UOF1801,35,0.9,9,2022,5,5,8,MB,,,,
-32.47334,152.388514,UOF1801,20,1,8,2022,5,5,9,MB,,,,
-32.47334,152.388463,UOF1801,21,0.9,9,2022,5,5,10,MB,,,,
-32.473334,152.388488,UOF1801,24,0.8,10,2022,5,5,11,MB,,,,
-32.473372,152.388514,UOF1801,16,0.8,10,2022,5,5,12,MB,,,,
-32.473391,152.388514,UOF1801,6,0.8,9,2022,5,5,13,MB,,,,
-32.473302,152.388488,UOF1801,17,0.9,8,2022,5,5,14,MB,,,,
-32.473353,152.388514,UOF1801,14,0.9,8,2022,5,5,15,MB,,,,
-32.466906,152.384114,UOF1801,5,0.9,8,2022,5,5,16,MB,,,,
-32.466982,152.383707,UOF1801,13,1,8,2022,5,5,17,MB,,,,
-32.466931,152.383834,UOF1801,48,0.8,9,2022,5,5,18,MB,,,,
-32.466906,152.383682,UOF1801,24,0.8,10,2022,5,5,19,MB,,,,
-32.466893,152.383656,UOF1801,16,1,8,2022,5,5,20,MB,,,,
-32.473308,152.373484,UOF1801,13,0.9,9,2022,5,5,21,MB,,,,
-32.483347,152.3523,UOF1801,9,0.9,8,2022,5,5,22,MB,,,,
-32.483417,152.3523,UOF1801,18,1.2,6,2022,5,5,23,MB,,,,
-32.483322,152.35235,UOF1801,20,1,8,2022,5,6,0,MB,,,,
-32.483334,152.35235,UOF1801,18,0.8,9,2022,5,6,1,MB,,,,
-32.483353,152.352223,UOF1801,27,1,8,2022,5,6,2,MB,,,,
-32.483334,152.35235,UOF1801,10,0.8,9,2022,5,6,3,MB,,,,
-32.48343,152.352223,UOF1801,0,0.9,9,2022,5,6,4,MB,,,,
-32.483334,152.3523,UOF1801,12,0.9,8,2022,5,6,5,MB,,,,
-32.526129,152.322952,UOF1801,14,1.3,7,2022,5,6,6,MB,,,,
-32.537223,152.322418,UOF1801,15,0.7,11,2022,5,6,7,MB,,,,
-32.522594,152.341466,UOF1801,0,0.9,8,2022,5,6,8,MB,,,,
-32.52246,152.340728,UOF1801,9,0.8,10,2022,5,6,9,MB,,,,
-32.522823,152.34083,UOF1801,20,0.9,9,2022,5,6,10,MB,,,,
-32.522435,152.340703,UOF1801,28,0.8,10,2022,5,6,11,MB,,,,
-32.522893,152.340499,UOF1801,26,0.8,10,2022,5,6,12,MB,,,,
-32.522149,152.340398,UOF1801,17,1.1,6,2022,5,6,13,MB,,,,
-32.521945,152.340525,UOF1801,8,1.4,7,2022,5,6,14,MB,,,,
-32.526707,152.333938,UOF1801,29,0.9,8,2022,5,6,15,MB,,,,
-32.537064,152.319722,UOF1801,10,0.9,8,2022,5,6,16,MB,,,,
-32.486927,152.306116,UOF1801,38,1,8,2022,5,6,17,MB,,,,
-32.504887,152.31283,UOF1801,8,0.7,10,2022,5,6,18,MB,,,,
-32.528647,152.32257,UOF1801,7,0.7,11,2022,5,6,19,MB,,,,
-32.534057,152.325749,UOF1801,6,1,9,2022,5,6,20,MB,,,,
-32.522842,152.340398,UOF1801,15,0.9,9,2022,5,6,21,MB,,,,
-32.52206,152.340245,UOF1801,7,0.9,9,2022,5,6,22,MB,,,,
-32.520776,152.342127,UOF1801,6,1.1,7,2022,5,6,23,MB,,,,
-32.520114,152.342203,UOF1801,10,1.3,7,2022,5,7,0,MB,,,,
-32.51993,152.342356,UOF1801,19,0.9,8,2022,5,7,1,MB,,,,
-32.520095,152.342534,UOF1801,86,1.2,7,2022,5,7,2,MB,,,,
-32.522092,152.340423,UOF1801,4,0.8,9,2022,5,7,3,MB,,,,
-32.522047,152.340423,UOF1801,15,0.8,10,2022,5,7,4,MB,,,,
-32.522054,152.340449,UOF1801,19,0.8,10,2022,5,7,5,MB,,,,
-32.508613,152.351537,UOF1801,14,0.9,9,2022,5,7,6,MB,,,,
-32.503241,152.342814,UOF1801,27,0.7,12,2022,5,7,7,MB,,,,
-32.50134,152.30454,UOF1801,13,0.9,8,2022,5,7,8,MB,,,,
-32.487753,152.30693,UOF1801,121,1.4,7,2022,5,7,9,MB,,,,
-32.487238,152.306854,UOF1801,30,1.2,8,2022,5,7,10,MB,,,,
-32.487264,152.306803,UOF1801,32,0.9,9,2022,5,7,11,MB,,,,
-32.495777,152.308456,UOF1801,59,0.8,9,2022,5,7,12,MB,,,,
-32.537586,152.320307,UOF1801,16,0.8,9,2022,5,7,13,MB,,,,
-32.519828,152.345891,UOF1801,8,0.8,9,2022,5,7,14,MB,,,,
-32.51946,152.345865,UOF1801,14,0.8,10,2022,5,7,15,MB,,,,
-32.523541,152.340194,UOF1801,7,0.8,9,2022,5,7,16,MB,,,,
-32.521914,152.34055,UOF1801,10,1.1,8,2022,5,7,17,MB,,,,
-32.521856,152.340525,UOF1801,46,1,8,2022,5,7,18,MB,,,,
-32.521914,152.34055,UOF1801,12,0.8,10,2022,5,7,19,MB,,,,
-32.521971,152.342636,UOF1801,2,1,9,2022,5,7,20,MB,,,,
-32.518906,152.345637,UOF1801,15,0.8,10,2022,5,7,21,MB,,,,
-32.518938,152.345637,UOF1801,7,0.8,10,2022,5,7,22,MB,,,,
-32.534127,152.325037,UOF1801,10,0.9,8,2022,5,7,23,MB,,,,
-32.518906,152.345764,UOF1801,18,0.9,8,2022,5,8,0,MB,,,,
-32.518919,152.345713,UOF1801,17,0.8,9,2022,5,8,1,MB,,,,
-32.5189,152.345738,UOF1801,0,1.2,7,2022,5,8,2,MB,,,,
-32.518938,152.345687,UOF1801,0,1,8,2022,5,8,3,MB,,,,
-32.518945,152.345713,UOF1801,14,0.8,10,2022,5,8,4,MB,,,,
-32.518932,152.345687,UOF1801,10,1,9,2022,5,8,5,MB,,,,
-32.526409,152.336151,UOF1801,6,0.7,11,2022,5,8,6,MB,,,,
-32.533453,152.325037,UOF1801,26,1.1,7,2022,5,8,7,MB,,,,
-32.53421,152.325749,UOF1801,12,1,7,2022,5,8,8,MB,,,,
-32.542659,152.31049,UOF1801,10,0.8,10,2022,5,8,9,MB,,,,
-32.53929,152.320739,UOF1801,14,0.9,9,2022,5,8,10,MB,,,,
-32.539201,152.315297,UOF1801,28,0.9,9,2022,5,8,11,MB,,,,
-32.539131,152.315322,UOF1801,36,0.8,9,2022,5,8,12,MB,,,,
-32.53922,152.315272,UOF1801,0,1,7,2022,5,8,13,MB,,,,
-32.539264,152.315322,UOF1801,20,1.5,6,2022,5,8,14,MB,,,,
-32.539175,152.315272,UOF1801,23,0.8,10,2022,5,8,15,MB,,,,
-32.560207,152.299987,UOF1801,6,0.8,9,2022,5,8,16,MB,,,,
-32.537446,152.322062,UOF1801,42,0.7,11,2022,5,8,18,MB,,,,
-32.485814,152.30487,UOF1801,11,1,9,2022,5,8,20,MB,,,,
-32.484288,152.3037,UOF1801,7,0.8,9,2022,5,8,21,MB,,,,
-32.484409,152.30454,UOF1801,18,0.8,10,2022,5,8,22,MB,,,,
-32.484231,152.30454,UOF1801,21,1,8,2022,5,8,23,MB,,,,
-32.484403,152.304387,UOF1801,39,0.9,9,2022,5,9,0,MB,,,,
-32.484828,152.304896,UOF1801,34,0.8,9,2022,5,9,1,MB,,,,
-32.483977,152.303649,UOF1801,0,1.2,7,2022,5,9,2,MB,,,,
-32.484415,152.304311,UOF1801,23,0.8,10,2022,5,9,3,MB,,,,
-32.484701,152.30459,UOF1801,23,0.8,9,2022,5,9,4,MB,,,,
-32.484409,152.304514,UOF1801,20,0.8,9,2022,5,9,5,MB,,,,
-32.484339,152.304514,UOF1801,4,0.8,10,2022,5,9,6,MB,,,,
-32.484383,152.30454,UOF1801,15,0.7,10,2022,5,9,7,MB,,,,
-32.50155,152.304438,UOF1801,33,0.9,9,2022,5,9,8,MB,,,,
-32.50949,152.3199,UOF1801,6,1.2,7,2022,5,9,9,MB,,,,
-32.509688,152.319671,UOF1801,34,1,8,2022,5,9,10,MB,,,,
-32.509459,152.32018,UOF1801,106,1,7,2022,5,9,11,MB,,,,
-32.509255,152.319442,UOF1801,32,0.8,9,2022,5,9,12,MB,,,,
-32.528628,152.322545,UOF1801,0,0.8,9,2022,5,9,13,MB,,,,
-32.528564,152.322494,UOF1801,22,0.8,9,2022,5,9,14,MB,,,,
-32.52864,152.322341,UOF1801,9,0.8,10,2022,5,9,15,MB,,,,
-32.529232,152.322901,UOF1801,21,0.7,10,2022,5,9,16,MB,,,,
-32.542564,152.309575,UOF1801,7,0.9,8,2022,5,9,17,MB,,,,
-32.543518,152.306879,UOF1801,0,0.9,8,2022,5,9,18,MB,,,,
-32.549392,152.307312,UOF1801,7,0.8,10,2022,5,9,19,MB,,,,
-32.538082,152.318476,UOF1801,4,1,9,2022,5,9,20,MB,,,,
-32.538171,152.318476,UOF1801,15,1,8,2022,5,9,21,MB,,,,
-32.538132,152.318425,UOF1801,6,0.8,10,2022,5,9,22,MB,,,,
-32.538113,152.3184,UOF1801,0,1.1,7,2022,5,9,23,MB,,,,
-32.538094,152.318374,UOF1801,23,1,8,2022,5,10,0,MB,,,,
-32.538056,152.318374,UOF1801,16,0.9,8,2022,5,10,1,MB,,,,
-32.538082,152.3184,UOF1801,0,1.1,8,2022,5,10,2,MB,,,,
-32.538075,152.31845,UOF1801,0,1,7,2022,5,10,3,MB,,,,
-32.522003,152.323028,UOF1801,7,0.7,11,2022,5,10,4,MB,,,,
-32.508766,152.32107,UOF1801,5,1.1,8,2022,5,10,5,MB,,,,
-32.484441,152.327962,UOF1801,11,0.8,10,2022,5,10,6,MB,,,,
-32.490201,152.331878,UOF1801,15,0.9,8,2022,5,10,7,MB,,,,
-32.484485,152.32814,UOF1801,0,0.9,8,2022,5,10,8,MB,,,,
-32.485,152.328089,UOF1801,24,0.9,8,2022,5,10,9,MB,,,,
-32.484962,152.327885,UOF1801,48,1.3,6,2022,5,10,10,MB,,,,
-32.485159,152.328063,UOF1801,16,1.1,8,2022,5,10,11,MB,,,,
-32.508511,152.321782,UOF1801,32,0.9,8,2022,5,10,12,MB,,,,
-32.510527,152.31901,UOF1801,21,0.7,10,2022,5,10,13,MB,,,,
-32.51052,152.319137,UOF1801,15,0.9,8,2022,5,10,14,MB,,,,
-32.511728,152.319951,UOF1801,26,0.8,10,2022,5,10,15,MB,,,,
-32.511741,152.320053,UOF1801,15,0.8,10,2022,5,10,16,MB,,,,
-32.530128,152.322774,UOF1801,23,0.9,9,2022,5,10,17,MB,,,,
-32.549278,152.308074,UOF1801,27,0.9,9,2022,5,10,18,MB,,,,
-32.543581,152.313008,UOF1801,0,0.9,9,2022,5,10,19,MB,,,,
-32.528233,152.322189,UOF1801,1,0.8,10,2022,5,10,20,MB,,,,
-32.540154,152.314356,UOF1801,26,0.8,10,2022,5,10,21,MB,,,,
-32.5469,152.309575,UOF1801,16,0.8,10,2022,5,10,22,MB,,,,
-32.549151,152.306777,UOF1801,0,0.9,8,2022,5,10,23,MB,,,,
-32.524921,152.323003,UOF1801,11,0.9,9,2022,5,11,0,MB,,,,
-32.511767,152.320078,UOF1801,15,0.8,9,2022,5,11,1,MB,,,,
-32.511601,152.320078,UOF1801,0,1.1,8,2022,5,11,2,MB,,,,
-32.511773,152.320078,UOF1801,7,0.6,12,2022,5,11,3,MB,,,,
-32.511722,152.320002,UOF1801,11,0.9,8,2022,5,11,4,MB,,,,
-32.513197,152.321299,UOF1801,8,0.8,10,2022,5,11,5,MB,,,,
-32.538164,152.317891,UOF1801,13,0.7,11,2022,5,11,6,MB,,,,
-32.548992,152.3081,UOF1801,23,0.7,10,2022,5,11,7,MB,,,,
-32.550441,152.309168,UOF1801,6,0.9,9,2022,5,11,8,MB,,,,
-32.551662,152.307413,UOF1801,12,0.9,9,2022,5,11,9,MB,,,,
-32.551598,152.307388,UOF1801,39,0.9,9,2022,5,11,10,MB,,,,
-32.551668,152.307337,UOF1801,33,1,8,2022,5,11,11,MB,,,,
-32.551681,152.307413,UOF1801,29,0.8,9,2022,5,11,12,MB,,,,
-32.544662,152.311177,UOF1801,14,0.9,9,2022,5,11,13,MB,,,,
-32.54456,152.311177,UOF1801,18,1.1,8,2022,5,11,14,MB,,,,
-32.544668,152.31105,UOF1801,0,1,7,2022,5,11,15,MB,,,,
-32.54477,152.311101,UOF1801,16,1.3,8,2022,5,11,16,MB,,,,
-32.544745,152.31105,UOF1801,20,0.9,8,2022,5,11,17,MB,,,,
-32.544707,152.31105,UOF1801,16,0.8,10,2022,5,11,18,MB,,,,
-32.549456,152.308151,UOF1801,6,0.8,10,2022,5,11,19,MB,,,,
-32.528907,152.322799,UOF1801,39,0.8,10,2022,5,11,20,MB,,,,
-32.502948,152.325902,UOF1801,9,0.8,9,2022,5,11,21,MB,,,,
-32.503094,152.325978,UOF1801,1,0.8,9,2022,5,11,22,MB,,,,
-32.502891,152.325851,UOF1801,0,1.1,7,2022,5,11,23,MB,,,,
-32.502936,152.325953,UOF1801,8,1.4,6,2022,5,12,0,MB,,,,
-32.50305,152.325953,UOF1801,27,0.9,8,2022,5,12,1,MB,,,,
-32.502948,152.325902,UOF1801,0,1.1,8,2022,5,12,2,MB,,,,
-32.502986,152.325927,UOF1801,15,0.9,9,2022,5,12,3,MB,,,,
-32.502961,152.325953,UOF1801,16,0.8,10,2022,5,12,4,MB,,,,
-32.4957,152.308151,UOF1801,19,1,9,2022,5,12,5,MB,,,,
-32.485687,152.304718,UOF1801,0,0.9,9,2022,5,12,6,MB,,,,
-32.500977,152.306549,UOF1801,17,0.8,9,2022,5,12,7,MB,,,,
-32.509592,152.318654,UOF1801,5,0.9,9,2022,5,12,8,MB,,,,
-32.528615,152.322621,UOF1801,20,0.8,10,2022,5,12,9,MB,,,,
-32.525213,152.335744,UOF1801,12,1,8,2022,5,12,10,MB,,,,
-32.525442,152.335566,UOF1801,38,1,8,2022,5,12,11,MB,,,,
-32.525347,152.335566,UOF1801,26,0.9,9,2022,5,12,12,MB,,,,
-32.525417,152.335515,UOF1801,3,0.9,8,2022,5,12,13,MB,,,,
-32.532023,152.328038,UOF1801,25,1.3,7,2022,5,12,14,MB,,,,
-32.532004,152.328063,UOF1801,22,0.9,8,2022,5,12,15,MB,,,,
-32.548801,152.306981,UOF1801,3,0.7,10,2022,5,12,16,MB,,,,
-32.546442,152.30543,UOF1801,16,0.9,9,2022,5,12,17,MB,,,,
-32.546519,152.305404,UOF1801,3,0.7,10,2022,5,12,18,MB,,,,
-32.546442,152.30543,UOF1801,0,0.9,9,2022,5,12,19,MB,,,,
-32.546512,152.305557,UOF1801,4,0.8,10,2022,5,12,20,MB,,,,
-32.510889,152.326436,UOF1801,26,0.8,10,2022,5,12,21,MB,,,,
-32.510883,152.326334,UOF1801,24,0.8,9,2022,5,12,22,MB,,,,
-32.510323,152.325876,UOF1801,0,0.9,8,2022,5,12,23,MB,,,,
-32.510317,152.325902,UOF1801,33,0.8,9,2022,5,13,0,MB,,,,
-32.510832,152.326156,UOF1801,13,0.8,9,2022,5,13,1,MB,,,,
-32.510654,152.326258,UOF1801,0,1.2,7,2022,5,13,2,MB,,,,
-32.510813,152.326334,UOF1801,13,0.9,9,2022,5,13,3,MB,,,,
-32.510762,152.326436,UOF1801,23,0.8,10,2022,5,13,4,MB,,,,
-32.510762,152.32641,UOF1801,28,1,9,2022,5,13,5,MB,,,,
-32.510781,152.326766,UOF1801,10,0.8,10,2022,5,13,6,MB,,,,
-32.510857,152.326512,UOF1801,22,1.2,7,2022,5,13,7,MB,,,,
-32.510501,152.326207,UOF1801,12,0.9,9,2022,5,13,8,MB,,,,
-32.488103,152.344263,UOF1801,25,0.9,9,2022,5,13,9,MB,,,,
-32.476627,152.403645,UOF1801,29,0.9,10,2022,5,13,10,MB,,,,
-32.489947,152.405197,UOF1801,23,1,8,2022,5,13,11,MB,,,,
-32.487035,152.401687,UOF1801,48,0.8,9,2022,5,13,12,MB,,,,
-32.490309,152.400085,UOF1801,0,0.7,10,2022,5,13,13,MB,,,,
-32.490271,152.400085,UOF1801,11,1.2,7,2022,5,13,14,MB,,,,
-32.490233,152.406672,UOF1801,9,0.8,9,2022,5,13,15,MB,,,,
-32.490245,152.402552,UOF1801,14,0.9,9,2022,5,13,16,MB,,,,
-32.49015,152.402577,UOF1801,29,1,7,2022,5,13,17,MB,,,,
-32.497131,152.387751,UOF1801,32,0.7,11,2022,5,13,18,MB,,,,
-32.500564,152.344975,UOF1801,3,0.7,11,2022,5,13,19,MB,,,,
-32.515728,152.323206,UOF1801,8,0.9,9,2022,5,13,20,MB,,,,
-32.503177,152.3597,UOF1801,20,0.8,10,2022,5,13,21,MB,,,,
-32.535017,152.324732,UOF1801,5,0.9,8,2022,5,13,22,MB,,,,
-32.547835,152.307083,UOF1801,0,0.9,8,2022,5,13,23,MB,,,,
-32.546576,152.306142,UOF1801,23,0.8,9,2022,5,14,0,MB,,,,
-32.546347,152.305404,UOF1801,20,0.9,9,2022,5,14,1,MB,,,,
-32.546468,152.30543,UOF1801,3,1.2,7,2022,5,14,2,MB,,,,
-32.546487,152.305379,UOF1801,5,0.7,10,2022,5,14,3,MB,,,,
-32.54648,152.30543,UOF1801,7,0.7,10,2022,5,14,4,MB,,,,
-32.54648,152.30543,UOF1801,12,1.1,8,2022,5,14,5,MB,,,,
-32.546436,152.30543,UOF1801,1,0.8,10,2022,5,14,6,MB,,,,
-32.527744,152.322952,UOF1801,0,1,7,2022,5,14,7,MB,,,,
-32.503737,152.30782,UOF1801,6,0.9,8,2022,5,14,8,MB,,,,
-32.496222,152.312372,UOF1801,26,0.8,9,2022,5,14,9,MB,,,,
-32.496266,152.312347,UOF1801,16,1,8,2022,5,14,10,MB,,,,
-32.496203,152.312372,UOF1801,15,0.9,9,2022,5,14,11,MB,,,,
-32.496222,152.3125,UOF1801,50,0.8,9,2022,5,14,12,MB,,,,
-32.50394,152.30543,UOF1801,18,0.7,10,2022,5,14,13,MB,,,,
-32.504455,152.309499,UOF1801,0,1.2,7,2022,5,14,14,MB,,,,
-32.504493,152.309499,UOF1801,26,0.8,9,2022,5,14,15,MB,,,,
-32.51052,152.318934,UOF1801,27,1.4,8,2022,5,14,16,MB,,,,
-32.510387,152.318934,UOF1801,21,0.8,9,2022,5,14,17,MB,,,,
-32.510451,152.318908,UOF1801,19,0.9,8,2022,5,14,18,MB,,,,
-32.510368,152.318832,UOF1801,0,0.8,10,2022,5,14,19,MB,,,,
-32.509166,152.320383,UOF1801,10,0.8,10,2022,5,14,20,MB,,,,
-32.543003,152.311279,UOF1801,5,0.7,11,2022,5,14,21,MB,,,,
-32.528221,152.333073,UOF1801,6,0.9,9,2022,5,14,22,MB,,,,
-32.500958,152.379257,UOF1801,7,0.8,9,2022,5,14,23,MB,,,,
-32.489737,152.402145,UOF1801,11,0.8,9,2022,5,15,0,MB,,,,
-32.489126,152.402425,UOF1801,12,0.9,9,2022,5,15,1,MB,,,,
-32.490811,152.404612,UOF1801,0,1,8,2022,5,15,2,MB,,,,
-32.489927,152.402196,UOF1801,4,0.7,11,2022,5,15,3,MB,,,,
-32.489927,152.402221,UOF1801,10,0.7,10,2022,5,15,4,MB,,,,
-32.48994,152.402247,UOF1801,5,1.1,8,2022,5,15,5,MB,,,,
-32.489972,152.402272,UOF1801,9,0.8,9,2022,5,15,6,MB,,,,
-32.489743,152.402908,UOF1801,8,0.8,10,2022,5,15,7,MB,,,,
-32.489762,152.402933,UOF1801,10,0.7,10,2022,5,15,8,MB,,,,
-32.489756,152.402908,UOF1801,12,0.8,9,2022,5,15,9,MB,,,,
-32.489896,152.402959,UOF1801,18,1,8,2022,5,15,10,MB,,,,
-32.489985,152.405476,UOF1801,33,0.9,9,2022,5,15,11,MB,,,,
-32.490061,152.405426,UOF1801,0,1,8,2022,5,15,12,MB,,,,
-32.489991,152.405451,UOF1801,14,0.8,9,2022,5,15,13,MB,,,,
-32.490137,152.405451,UOF1801,42,1.3,6,2022,5,15,14,MB,,,,
-32.47746,152.415369,UOF1801,32,0.9,8,2022,5,15,15,MB,,,,
-32.489679,152.406697,UOF1801,8,1.3,7,2022,5,15,16,MB,,,,
-32.491733,152.401916,UOF1801,1,1,8,2022,5,15,17,MB,,,,
-32.504856,152.370686,UOF1801,15,0.7,11,2022,5,15,18,MB,,,,
-32.504849,152.360285,UOF1801,12,0.9,9,2022,5,15,19,MB,,,,
-32.504849,152.360336,UOF1801,20,0.8,10,2022,5,15,20,MB,,,,
-32.523637,152.340347,UOF1801,10,0.7,11,2022,5,15,21,MB,,,,
-32.538406,152.321757,UOF1801,1,0.9,8,2022,5,15,22,MB,,,,
-32.557537,152.300623,UOF1801,7,0.9,8,2022,5,15,23,MB,,,,
-32.587641,152.274912,UOF1801,16,0.8,9,2022,5,16,0,MB,,,,
-32.565185,152.284296,UOF1801,9,0.9,8,2022,5,16,1,MB,,,,
-32.543702,152.306294,UOF1801,0,1,8,2022,5,16,2,MB,,,,
-32.5517,152.307362,UOF1801,17,0.8,10,2022,5,16,3,MB,,,,
-32.551681,152.307388,UOF1801,29,0.8,10,2022,5,16,4,MB,,,,
-32.551687,152.307362,UOF1801,18,1.3,7,2022,5,16,5,MB,,,,
-32.551764,152.307362,UOF1801,25,0.9,8,2022,5,16,6,MB,,,,
-32.551694,152.307362,UOF1801,8,0.8,9,2022,5,16,7,MB,,,,
-32.551592,152.307413,UOF1801,11,0.8,10,2022,5,16,8,MB,,,,
-32.549074,152.307871,UOF1801,35,0.8,9,2022,5,16,9,MB,,,,
-32.53969,152.320256,UOF1801,22,1.1,8,2022,5,16,10,MB,,,,
-32.539194,152.318476,UOF1801,25,0.8,10,2022,5,16,11,MB,,,,
-32.524164,152.322647,UOF1801,3,0.8,10,2022,5,16,12,MB,,,,
-32.524133,152.322647,UOF1801,12,0.9,8,2022,5,16,13,MB,,,,
-32.524139,152.322621,UOF1801,22,1,8,2022,5,16,14,MB,,,,
-32.534941,152.325495,UOF1801,6,0.8,9,2022,5,16,15,MB,,,,
-32.543416,152.307566,UOF1801,9,0.9,9,2022,5,16,16,MB,,,,
-32.549437,152.3081,UOF1801,11,0.8,9,2022,5,16,17,MB,,,,
-32.538743,152.319697,UOF1801,24,0.7,12,2022,5,16,18,MB,,,,
-32.512879,152.32107,UOF1801,0,0.9,9,2022,5,16,19,MB,,,,
-32.498746,152.305735,UOF1801,12,0.9,9,2022,5,16,20,MB,,,,
-32.498644,152.305811,UOF1801,6,1,8,2022,5,16,21,MB,,,,
-32.502173,152.307998,UOF1801,8,1,7,2022,5,16,22,MB,,,,
-32.509338,152.317942,UOF1801,0,0.8,9,2022,5,16,23,MB,,,,
-32.502917,152.306015,UOF1801,29,0.8,9,2022,5,17,0,MB,,,,
-32.503597,152.304285,UOF1801,23,0.9,8,2022,5,17,1,MB,,,,
-32.503533,152.304336,UOF1801,10,1,8,2022,5,17,2,MB,,,,
-32.503559,152.304336,UOF1801,0,0.9,9,2022,5,17,3,MB,,,,
-32.503508,152.304311,UOF1801,16,0.9,9,2022,5,17,4,MB,,,,
-32.503495,152.304387,UOF1801,0,1.2,8,2022,5,17,5,MB,,,,
-32.503463,152.304361,UOF1801,3,0.8,9,2022,5,17,6,MB,,,,
-32.503889,152.306498,UOF1801,8,0.9,8,2022,5,17,7,MB,,,,
-32.504805,152.31489,UOF1801,3,1,8,2022,5,17,8,MB,,,,
-32.50401,152.318094,UOF1801,57,0.8,9,2022,5,17,9,MB,,,,
-32.509637,152.319697,UOF1801,58,1.5,6,2022,5,17,10,MB,,,,
-32.516897,152.321935,UOF1801,0,0.9,8,2022,5,17,11,MB,,,,
-32.51691,152.321858,UOF1801,3,0.8,10,2022,5,17,12,MB,,,,
-32.516986,152.321578,UOF1801,2,0.9,9,2022,5,17,13,MB,,,,
-32.516904,152.321629,UOF1801,0,1.3,6,2022,5,17,14,MB,,,,
-32.516942,152.321578,UOF1801,8,0.8,9,2022,5,17,15,MB,,,,
-32.51698,152.321655,UOF1801,17,0.9,8,2022,5,17,16,MB,,,,
-32.516974,152.321706,UOF1801,0,0.8,9,2022,5,17,17,MB,,,,
-32.517133,152.321706,UOF1801,6,0.7,12,2022,5,17,18,MB,,,,
-32.544014,152.306116,UOF1801,12,0.9,9,2022,5,17,19,MB,,,,
-32.549742,152.30749,UOF1801,11,0.9,9,2022,5,17,20,MB,,,,
-32.549895,152.308278,UOF1801,13,0.7,10,2022,5,17,21,MB,,,,
-32.576909,152.28984,UOF1801,6,1,8,2022,5,17,22,MB,,,,
-32.602423,152.237935,UOF1801,4,0.9,7,2022,5,17,23,MB,,,,
-32.593751,152.2698,UOF1801,0,0.8,8,2022,5,18,0,MB,,,,
-32.549475,152.308202,UOF1801,3,1.1,8,2022,5,18,1,MB,,,,
-32.517164,152.321706,UOF1801,6,1.1,8,2022,5,18,2,MB,,,,
-32.516904,152.321655,UOF1801,10,1.1,7,2022,5,18,3,MB,,,,
-32.516808,152.321757,UOF1801,7,0.8,10,2022,5,18,4,MB,,,,
-32.516751,152.321757,UOF1801,36,0.9,10,2022,5,18,5,MB,,,,
-32.516916,152.321706,UOF1801,10,1,8,2022,5,18,6,MB,,,,
-32.517533,152.322265,UOF1801,10,0.9,8,2022,5,18,7,MB,,,,
-32.517654,152.322062,UOF1801,12,0.8,10,2022,5,18,8,MB,,,,
-32.517686,152.322087,UOF1801,24,1,8,2022,5,18,9,MB,,,,
-32.517705,152.322036,UOF1801,25,1.1,9,2022,5,18,10,MB,,,,
-32.517094,152.321706,UOF1801,9,0.9,9,2022,5,18,11,MB,,,,
-32.51691,152.321833,UOF1801,39,0.8,10,2022,5,18,12,MB,,,,
-32.516859,152.321629,UOF1801,0,0.8,9,2022,5,18,13,MB,,,,
-32.516936,152.321782,UOF1801,17,1,8,2022,5,18,14,MB,,,,
-32.51698,152.321833,UOF1801,0,1,7,2022,5,18,15,MB,,,,
-32.516974,152.321807,UOF1801,0,0.9,9,2022,5,18,16,MB,,,,
-32.493087,152.335566,UOF1801,22,0.7,10,2022,5,18,17,MB,,,,
-32.471948,152.381393,UOF1801,13,0.7,11,2022,5,18,18,MB,,,,
-32.457096,152.378163,UOF1801,7,0.9,9,2022,5,18,19,MB,,,,
-32.456651,152.378595,UOF1801,17,1,8,2022,5,18,20,MB,,,,
-32.456784,152.378672,UOF1801,0,0.7,11,2022,5,18,21,MB,,,,
-32.465189,152.383962,UOF1801,0,0.9,8,2022,5,18,22,MB,,,,
-32.4898,152.341135,UOF1801,23,1.8,5,2022,5,18,23,MB,,,,
-32.51705,152.321884,UOF1801,32,1.6,6,2022,5,19,0,MB,,,,
-32.516974,152.321884,UOF1801,0,1.3,6,2022,5,19,1,MB,,,,
-32.516942,152.321807,UOF1801,11,1,8,2022,5,19,2,MB,,,,
-32.516974,152.321807,UOF1801,0,0.9,9,2022,5,19,3,MB,,,,
-32.517005,152.321833,UOF1801,23,0.8,10,2022,5,19,4,MB,,,,
-32.516916,152.321884,UOF1801,20,1,9,2022,5,19,5,MB,,,,
-32.516338,152.323155,UOF1801,5,0.7,11,2022,5,19,6,MB,,,,
-32.542462,152.310897,UOF1801,0,0.9,9,2022,5,19,7,MB,,,,
-32.543886,152.309829,UOF1801,14,1.1,8,2022,5,19,8,MB,,,,
-32.544071,152.309702,UOF1801,9,1,8,2022,5,19,9,MB,,,,
-32.544039,152.309728,UOF1801,20,1.3,7,2022,5,19,10,MB,,,,
-32.544128,152.309677,UOF1801,23,0.8,10,2022,5,19,11,MB,,,,
-32.54381,152.309753,UOF1801,0,0.9,8,2022,5,19,12,MB,,,,
-32.549189,152.30754,UOF1801,8,0.8,9,2022,5,19,13,MB,,,,
-32.549151,152.307439,UOF1801,23,0.8,9,2022,5,19,14,MB,,,,
-32.543187,152.309321,UOF1801,8,0.9,8,2022,5,19,15,MB,,,,
-32.539468,152.318323,UOF1801,22,0.9,9,2022,5,19,16,MB,,,,
-32.538819,152.316747,UOF1801,9,0.7,10,2022,5,19,17,MB,,,,
-32.549157,152.30749,UOF1801,0,1,7,2022,5,19,18,MB,,,,
-32.549157,152.307362,UOF1801,0,0.9,9,2022,5,19,19,MB,,,,
-32.549195,152.307388,UOF1801,18,1.1,8,2022,5,19,20,MB,,,,
-32.512587,152.32079,UOF1801,1,0.8,9,2022,5,19,21,MB,,,,
-32.497258,152.308609,UOF1801,16,1,7,2022,5,19,22,MB,,,,
-32.49757,152.308736,UOF1801,17,1.3,7,2022,5,19,23,MB,,,,
-32.49743,152.308634,UOF1801,23,0.8,9,2022,5,20,0,MB,,,,
-32.49743,152.308659,UOF1801,0,1,8,2022,5,20,1,MB,,,,
-32.4975,152.308736,UOF1801,16,1,8,2022,5,20,2,MB,,,,
-32.497519,152.308761,UOF1801,18,0.7,11,2022,5,20,3,MB,,,,
-32.497481,152.308761,UOF1801,15,0.8,10,2022,5,20,4,MB,,,,
-32.497544,152.308837,UOF1801,18,0.9,9,2022,5,20,5,MB,,,,
-32.509179,152.32051,UOF1801,10,0.8,10,2022,5,20,6,MB,,,,
-32.514475,152.323308,UOF1801,32,0.9,8,2022,5,20,7,MB,,,,
-32.513877,152.323232,UOF1801,8,0.8,9,2022,5,20,8,MB,,,,
-32.513757,152.323181,UOF1801,29,0.8,9,2022,5,20,9,MB,,,,
-32.513909,152.323232,UOF1801,31,0.8,10,2022,5,20,10,MB,,,,
-32.513954,152.323333,UOF1801,13,0.9,8,2022,5,20,11,MB,,,,
-32.514017,152.323333,UOF1801,7,1,7,2022,5,20,12,MB,,,,
-32.513985,152.323282,UOF1801,19,0.8,9,2022,5,20,13,MB,,,,
-32.514011,152.323282,UOF1801,19,1.1,8,2022,5,20,14,MB,,,,
-32.514138,152.323308,UOF1801,9,0.8,8,2022,5,20,15,MB,,,,
-32.534858,152.320485,UOF1801,22,1.2,8,2022,5,20,16,MB,,,,
-32.530516,152.330607,UOF1801,7,0.7,10,2022,5,20,17,MB,,,,
-32.530611,152.330581,UOF1801,10,0.8,10,2022,5,20,18,MB,,,,
-32.530675,152.330708,UOF1801,3,0.9,9,2022,5,20,19,MB,,,,
-32.512854,152.349095,UOF1801,13,1.1,8,2022,5,20,20,MB,,,,
-32.512816,152.349146,UOF1801,4,0.8,10,2022,5,20,21,MB,,,,
-32.512809,152.349019,UOF1801,8,1,7,2022,5,20,22,MB,,,,
-32.537033,152.322774,UOF1801,1,0.9,8,2022,5,20,23,MB,,,,
-32.513356,152.321375,UOF1801,17,0.8,9,2022,5,21,0,MB,,,,
-32.508887,152.333557,UOF1801,0,1.2,7,2022,5,21,1,MB,,,,
-32.492585,152.336329,UOF1801,14,0.7,11,2022,5,21,2,MB,,,,
-32.48343,152.352198,UOF1801,0,0.8,10,2022,5,21,3,MB,,,,
-32.483373,152.3523,UOF1801,7,0.8,10,2022,5,21,4,MB,,,,
-32.484301,152.350901,UOF1801,25,0.8,10,2022,5,21,5,MB,,,,
-32.514043,152.325851,UOF1801,24,0.8,9,2022,5,21,6,MB,,,,
-32.514685,152.323918,UOF1801,84,1.2,6,2022,5,21,7,MB,,,,
-32.51471,152.323588,UOF1801,10,0.8,10,2022,5,21,8,MB,,,,
-32.514761,152.323588,UOF1801,22,0.9,9,2022,5,21,9,MB,,,,
-32.514837,152.323588,UOF1801,60,0.9,9,2022,5,21,10,MB,,,,
-32.514698,152.323638,UOF1801,11,1.2,7,2022,5,21,11,MB,,,,
-32.514882,152.323562,UOF1801,7,0.8,9,2022,5,21,12,MB,,,,
-32.51471,152.323537,UOF1801,33,1.4,7,2022,5,21,13,MB,,,,
-32.514723,152.32346,UOF1801,45,1.1,8,2022,5,21,14,MB,,,,
-32.514945,152.323486,UOF1801,26,0.9,8,2022,5,21,15,MB,,,,
-32.507392,152.323359,UOF1801,28,0.9,9,2022,5,21,16,MB,,,,
-32.500888,152.307922,UOF1801,22,0.7,11,2022,5,21,17,MB,,,,
-32.500818,152.307846,UOF1801,16,0.8,9,2022,5,21,18,MB,,,,
-32.500837,152.307795,UOF1801,1,0.9,9,2022,5,21,19,MB,,,,
-32.500946,152.307846,UOF1801,18,0.9,9,2022,5,21,20,MB,,,,
-32.500939,152.307947,UOF1801,5,0.9,10,2022,5,21,21,MB,,,,
-32.500888,152.307846,UOF1801,24,0.9,8,2022,5,21,22,MB,,,,
-32.500895,152.30782,UOF1801,24,0.8,9,2022,5,21,23,MB,,,,
-32.500907,152.307846,UOF1801,13,0.8,9,2022,5,22,0,MB,,,,
-32.500946,152.307846,UOF1801,15,0.9,9,2022,5,22,1,MB,,,,
-32.500952,152.307871,UOF1801,6,1,9,2022,5,22,2,MB,,,,
-32.503463,152.303827,UOF1801,10,0.7,11,2022,5,22,3,MB,,,,
-32.485521,152.304768,UOF1801,7,1,8,2022,5,22,4,MB,,,,
-32.485528,152.304743,UOF1801,4,1,8,2022,5,22,5,MB,,,,
-32.500869,152.307846,UOF1801,16,0.7,11,2022,5,22,6,MB,,,,
-32.515956,152.32463,UOF1801,39,0.9,8,2022,5,22,7,MB,,,,
-32.510851,152.326131,UOF1801,22,0.8,10,2022,5,22,8,MB,,,,
-32.506312,152.329437,UOF1801,35,0.9,9,2022,5,22,9,MB,,,,
-32.504741,152.332616,UOF1801,52,0.9,9,2022,5,22,10,MB,,,,
-32.504398,152.333226,UOF1801,4,0.8,10,2022,5,22,11,MB,,,,
-32.510686,152.330098,UOF1801,24,0.8,9,2022,5,22,12,MB,,,,
-32.5108,152.326131,UOF1801,68,0.8,9,2022,5,22,13,MB,,,,
-32.510419,152.326512,UOF1801,27,0.9,8,2022,5,22,14,MB,,,,
-32.51087,152.326665,UOF1801,7,0.8,9,2022,5,22,15,MB,,,,
-32.510514,152.326385,UOF1801,31,1.2,7,2022,5,22,16,MB,,,,
-32.510495,152.326334,UOF1801,19,0.9,9,2022,5,22,17,MB,,,,
-32.510832,152.326538,UOF1801,10,0.8,10,2022,5,22,18,MB,,,,
-32.510781,152.326436,UOF1801,0,1.1,8,2022,5,22,19,MB,,,,
-32.510876,152.326614,UOF1801,27,0.9,8,2022,5,22,20,MB,,,,
-32.510966,152.32669,UOF1801,74,0.9,8,2022,5,22,21,MB,,,,
-32.510826,152.326538,UOF1801,0,1,7,2022,5,22,22,MB,,,,
-32.51073,152.326588,UOF1801,18,1.1,8,2022,5,22,23,MB,,,,
-32.51101,152.326563,UOF1801,61,1.2,6,2022,5,23,0,MB,,,,
-32.510819,152.326614,UOF1801,12,0.9,9,2022,5,23,3,MB,,,,
-32.51066,152.326766,UOF1801,5,0.8,9,2022,5,23,5,MB,,,,
-32.510234,152.319315,UOF1801,13,0.7,11,2022,5,23,6,MB,,,,
-32.549755,152.307235,UOF1801,7,1.1,7,2022,5,23,7,MB,,,,
-32.58223,152.287653,UOF1801,26,1,8,2022,5,23,8,MB,,,,
-32.593369,152.272038,UOF1801,19,0.9,9,2022,5,23,9,MB,,,,
-32.591882,152.272216,UOF1801,16,0.8,10,2022,5,23,10,MB,,,,
-32.575796,152.292434,UOF1801,18,0.8,9,2022,5,23,11,MB,,,,
-32.560277,152.300954,UOF1801,0,1,7,2022,5,23,12,MB,,,,
-32.560391,152.300877,UOF1801,20,1,7,2022,5,23,13,MB,,,,
-32.555661,152.302708,UOF1801,12,0.8,10,2022,5,23,14,MB,,,,
-32.539652,152.32018,UOF1801,0,0.7,10,2022,5,23,15,MB,,,,
-32.537904,152.319519,UOF1801,34,0.9,9,2022,5,23,16,MB,,,,
-32.537999,152.319544,UOF1801,4,0.6,12,2022,5,23,17,MB,,,,
-32.538546,152.317637,UOF1801,0,0.8,10,2022,5,23,18,MB,,,,
-32.50923,152.319519,UOF1801,18,1,9,2022,5,23,19,MB,,,,
-32.509923,152.320688,UOF1801,5,0.9,9,2022,5,23,20,MB,,,,
-32.509929,152.320663,UOF1801,11,0.8,10,2022,5,23,21,MB,,,,
-32.509859,152.320663,UOF1801,8,1,7,2022,5,23,22,MB,,,,
-32.509796,152.320765,UOF1801,22,1.1,7,2022,5,23,23,MB,,,,
-32.509961,152.320816,UOF1801,8,1,8,2022,5,24,0,MB,,,,
-32.509929,152.320739,UOF1801,0,1.3,7,2022,5,24,1,MB,,,,
-32.509834,152.320943,UOF1801,37,0.7,11,2022,5,24,2,MB,,,,
-32.50291,152.305862,UOF1801,0,0.9,8,2022,5,24,3,MB,,,,
-32.502948,152.305862,UOF1801,7,0.8,9,2022,5,24,4,MB,,,,
-32.502872,152.305887,UOF1801,21,0.9,8,2022,5,24,5,MB,,,,
-32.502287,152.306269,UOF1801,35,0.7,10,2022,5,24,6,MB,,,,
-32.476919,152.361226,UOF1801,42,1,8,2022,5,24,7,MB,,,,
-32.490353,152.405044,UOF1801,1,0.8,10,2022,5,24,8,MB,,,,
-32.493996,152.395329,UOF1801,12,0.9,9,2022,5,24,9,MB,,,,
-32.507195,152.366668,UOF1801,3,0.9,9,2022,5,24,10,MB,,,,
-32.540186,152.316747,UOF1801,7,1.2,8,2022,5,24,11,MB,,,,
-32.541985,152.310084,UOF1801,0,0.8,9,2022,5,24,12,MB,,,,
-32.548877,152.310541,UOF1801,0,0.8,9,2022,5,24,13,MB,,,,
-32.543467,152.3155,UOF1801,24,1,8,2022,5,24,14,MB,,,,
-32.538177,152.318883,UOF1801,7,0.7,10,2022,5,24,15,MB,,,,
-32.533472,152.321502,UOF1801,2,0.9,9,2022,5,24,16,MB,,,,
-32.538908,152.317942,UOF1801,1,0.6,12,2022,5,24,17,MB,,,,
-32.543365,152.307668,UOF1801,0,0.8,10,2022,5,24,18,MB,,,,
-32.538063,152.318425,UOF1801,1,1,9,2022,5,24,19,MB,,,,
-32.50977,152.31873,UOF1801,12,0.9,8,2022,5,24,20,MB,,,,
-32.503164,152.315297,UOF1801,16,0.9,8,2022,5,24,21,MB,,,,
-32.503031,152.315272,UOF1801,0,0.9,8,2022,5,24,22,MB,,,,
-32.526065,152.322952,UOF1801,10,0.7,10,2022,5,24,23,MB,,,,
-32.544586,152.307006,UOF1801,13,1,8,2022,5,25,0,MB,,,,
-32.544548,152.306879,UOF1801,0,1.4,6,2022,5,25,1,MB,,,,
-32.544592,152.306981,UOF1801,5,1.1,8,2022,5,25,2,MB,,,,
-32.544554,152.307032,UOF1801,11,0.9,8,2022,5,25,3,MB,,,,
-32.544719,152.306955,UOF1801,21,1.1,8,2022,5,25,4,MB,,,,
-32.544592,152.307006,UOF1801,1,1,7,2022,5,25,5,MB,,,,
-32.549844,152.308558,UOF1801,17,1.8,6,2022,5,25,6,MB,,,,
-32.523064,152.341262,UOF1801,2,0.8,10,2022,5,25,8,MB,,,,
-32.49008,152.40685,UOF1801,0,1,9,2022,5,25,9,MB,,,,
-32.490074,152.406901,UOF1801,0,0.8,10,2022,5,25,10,MB,,,,
-32.491224,152.403951,UOF1801,0,0.9,9,2022,5,25,11,MB,,,,
-32.49022,152.402577,UOF1801,0,0.8,9,2022,5,25,12,MB,,,,
-32.490131,152.402603,UOF1801,0,0.8,9,2022,5,25,13,MB,,,,
-32.49015,152.402526,UOF1801,2,0.9,9,2022,5,25,14,MB,,,,
-32.490144,152.406672,UOF1801,0,1.2,8,2022,5,25,15,MB,,,,
-32.489031,152.401306,UOF1801,2,0.9,9,2022,5,25,16,MB,,,,
-32.47032,152.385182,UOF1801,11,0.7,11,2022,5,25,17,MB,,,,
-32.474828,152.367863,UOF1801,1,0.7,11,2022,5,25,18,MB,,,,
-32.510018,152.319061,UOF1801,0,1,9,2022,5,25,19,MB,,,,
-32.543753,152.30749,UOF1801,4,0.9,9,2022,5,25,20,MB,,,,
-32.549481,152.308736,UOF1801,9,0.8,10,2022,5,25,21,MB,,,,
-32.549424,152.30871,UOF1801,12,0.9,8,2022,5,25,22,MB,,,,
-32.549424,152.308761,UOF1801,22,0.8,9,2022,5,25,23,MB,,,,
-32.549411,152.308736,UOF1801,22,1,8,2022,5,26,0,MB,,,,
-32.54938,152.308761,UOF1801,0,1.5,7,2022,5,26,1,MB,,,,
-32.549469,152.30871,UOF1801,6,1.2,8,2022,5,26,2,MB,,,,
-32.549462,152.308812,UOF1801,15,0.9,7,2022,5,26,3,MB,,,,
-32.549424,152.308761,UOF1801,12,0.8,9,2022,5,26,4,MB,,,,
-32.556271,152.299631,UOF1801,16,0.7,10,2022,5,26,5,MB,,,,
-32.55638,152.299555,UOF1801,0,0.7,10,2022,5,26,6,MB,,,,
-32.564645,152.299173,UOF1801,3,1,8,2022,5,26,7,MB,,,,
-32.565013,152.299046,UOF1801,0,0.8,10,2022,5,26,8,MB,,,,
-32.561377,152.301259,UOF1801,15,1,9,2022,5,26,9,MB,,,,
-32.561205,152.301183,UOF1801,3,0.8,10,2022,5,26,10,MB,,,,
-32.56226,152.300038,UOF1801,12,0.8,9,2022,5,26,11,MB,,,,
-32.562254,152.300064,UOF1801,9,0.8,9,2022,5,26,12,MB,,,,
-32.562152,152.300064,UOF1801,13,1.2,7,2022,5,26,13,MB,,,,
-32.558401,152.300903,UOF1801,0,0.8,10,2022,5,26,14,MB,,,,
-32.541744,152.310033,UOF1801,0,0.8,9,2022,5,26,15,MB,,,,
-32.54257,152.309829,UOF1801,1,0.9,9,2022,5,26,16,MB,,,,
-32.535074,152.320205,UOF1801,0,0.8,10,2022,5,26,17,MB,,,,
-32.513121,152.327504,UOF1801,0,0.8,10,2022,5,26,18,MB,,,,
-32.513242,152.326563,UOF1801,0,0.8,10,2022,5,26,19,MB,,,,
-32.513191,152.326639,UOF1801,10,0.9,8,2022,5,26,20,MB,,,,
-32.51129,152.319951,UOF1801,4,0.9,9,2022,5,26,21,MB,,,,
-32.498847,152.307439,UOF1801,5,0.9,8,2022,5,26,22,MB,,,,
-32.496037,152.317433,UOF1801,29,0.9,9,2022,5,26,23,MB,,,,
-32.495955,152.317611,UOF1801,25,0.8,10,2022,5,27,0,MB,,,,
-32.495904,152.31756,UOF1801,0,1.2,7,2022,5,27,1,MB,,,,
-32.49591,152.317713,UOF1801,27,0.7,11,2022,5,27,2,MB,,,,
-32.495878,152.31756,UOF1801,24,0.7,10,2022,5,27,3,MB,,,,
-32.49598,152.317637,UOF1801,15,0.8,9,2022,5,27,4,MB,,,,
-32.495948,152.317637,UOF1801,12,0.7,10,2022,5,27,5,MB,,,,
-32.495351,152.320917,UOF1801,38,0.9,7,2022,5,27,6,MB,,,,
-32.50586,152.318247,UOF1801,0,1.1,8,2022,5,27,7,MB,,,,
-32.51286,152.321172,UOF1801,4,0.8,10,2022,5,27,8,MB,,,,
-32.543855,152.306905,UOF1801,56,0.9,10,2022,5,27,9,MB,,,,
-32.546182,152.299148,UOF1801,0,0.8,10,2022,5,27,10,MB,,,,
-32.549163,152.288162,UOF1801,0,0.8,9,2022,5,27,11,MB,,,,
-32.593585,152.284144,UOF1801,0,0.8,9,2022,5,27,12,MB,,,,
-32.591335,152.272547,UOF1801,0,1.3,6,2022,5,27,13,MB,,,,
-32.589427,152.277557,UOF1801,0,1,7,2022,5,27,14,MB,,,,
-32.589269,152.277328,UOF1801,0,0.9,8,2022,5,27,15,MB,,,,
-32.56275,152.298182,UOF1801,0,0.9,9,2022,5,27,16,MB,,,,
-32.528399,152.322901,UOF1801,22,1.9,6,2022,5,27,17,MB,,,,
-32.513737,152.322062,UOF1801,0,1.4,6,2022,5,27,18,MB,,,,
-32.507386,152.315984,UOF1801,0,1.2,7,2022,5,27,19,MB,,,,
-32.506197,152.316416,UOF1801,12,0.8,9,2022,5,27,20,MB,,,,
-32.506108,152.316289,UOF1801,47,0.8,10,2022,5,27,21,MB,,,,
-32.506191,152.31634,UOF1801,0,1.2,7,2022,5,27,22,MB,,,,
-32.506153,152.316365,UOF1801,21,1.4,7,2022,5,27,23,MB,,,,
-32.506229,152.316416,UOF1801,24,1.1,8,2022,5,28,0,MB,,,,
-32.502109,152.306701,UOF1801,5,1.1,8,2022,5,28,1,MB,,,,
-32.502154,152.306625,UOF1801,9,0.7,12,2022,5,28,2,MB,,,,
-32.502192,152.306549,UOF1801,21,0.7,10,2022,5,28,3,MB,,,,
-32.50209,152.306625,UOF1801,19,1.1,8,2022,5,28,4,MB,,,,
-32.502001,152.306625,UOF1801,27,0.7,11,2022,5,28,5,MB,,,,
-32.502077,152.306574,UOF1801,0,1,8,2022,5,28,6,MB,,,,
-32.489686,152.306625,UOF1801,4,0.9,9,2022,5,28,7,MB,,,,
-32.474363,152.292104,UOF1801,21,0.8,9,2022,5,28,8,MB,,,,
-32.470975,152.291646,UOF1801,18,1.2,7,2022,5,28,9,MB,,,,
-32.470517,152.29307,UOF1801,23,0.8,10,2022,5,28,10,MB,,,,
-32.470441,152.293146,UOF1801,14,0.9,8,2022,5,28,11,MB,,,,
-32.470466,152.292968,UOF1801,0,1.4,6,2022,5,28,12,MB,,,,
-32.470555,152.293019,UOF1801,30,1.4,6,2022,5,28,13,MB,,,,
-32.470549,152.292968,UOF1801,0,0.8,9,2022,5,28,14,MB,,,,
-32.470498,152.293019,UOF1801,12,0.8,9,2022,5,28,15,MB,,,,
-32.470511,152.29307,UOF1801,3,0.9,8,2022,5,28,16,MB,,,,
-32.476601,152.292307,UOF1801,9,0.7,11,2022,5,28,17,MB,,,,
-32.483086,152.301717,UOF1801,0,0.8,10,2022,5,28,18,MB,,,,
-32.507265,152.315958,UOF1801,0,0.9,8,2022,5,28,19,MB,,,,
-32.505441,152.324885,UOF1801,14,0.7,11,2022,5,28,20,MB,,,,
-32.505835,152.32519,UOF1801,13,0.8,10,2022,5,28,21,MB,,,,
-32.505822,152.32519,UOF1801,15,0.9,9,2022,5,28,22,MB,,,,
-32.505797,152.325139,UOF1801,37,0.8,10,2022,5,28,23,MB,,,,
-32.505841,152.325215,UOF1801,26,1.4,7,2022,5,29,0,MB,,,,
-32.505822,152.32491,UOF1801,0,1.4,6,2022,5,29,1,MB,,,,
-32.505835,152.325215,UOF1801,9,0.9,9,2022,5,29,2,MB,,,,
-32.500526,152.331751,UOF1801,29,0.7,10,2022,5,29,3,MB,,,,
-32.473047,152.376714,UOF1801,24,1.1,9,2022,5,29,4,MB,,,,
-32.474205,152.421269,UOF1801,5,0.8,9,2022,5,29,5,MB,,,,
-32.495122,152.393447,UOF1801,0,0.8,10,2022,5,29,6,MB,,,,
-32.506127,152.366338,UOF1801,5,0.7,10,2022,5,29,7,MB,,,,
-32.519307,152.346171,UOF1801,2,1,8,2022,5,29,8,MB,,,,
-32.52515,152.337956,UOF1801,11,1,8,2022,5,29,9,MB,,,,
-32.530204,152.330912,UOF1801,14,0.9,10,2022,5,29,10,MB,,,,
-32.534795,152.325037,UOF1801,0,0.8,9,2022,5,29,11,MB,,,,
-32.543874,152.308431,UOF1801,2,0.8,9,2022,5,29,12,MB,,,,
-32.54374,152.308456,UOF1801,13,1.2,7,2022,5,29,13,MB,,,,
-32.549545,152.307744,UOF1801,0,0.8,9,2022,5,29,14,MB,,,,
-32.583667,152.28956,UOF1801,5,0.8,9,2022,5,29,15,MB,,,,
-32.599397,152.265172,UOF1801,7,1,8,2022,5,29,16,MB,,,,
-32.587685,152.279795,UOF1801,4,0.8,10,2022,5,29,17,MB,,,,
-32.563659,152.297063,UOF1801,0,0.9,9,2022,5,29,18,MB,,,,
-32.563735,152.297063,UOF1801,0,0.9,9,2022,5,29,19,MB,,,,
-32.563831,152.297088,UOF1801,1,0.8,9,2022,5,29,20,MB,,,,
-32.563818,152.297215,UOF1801,5,0.8,10,2022,5,29,21,MB,,,,
-32.563767,152.297164,UOF1801,7,1.3,7,2022,5,29,22,MB,,,,
-32.563735,152.297164,UOF1801,21,0.9,9,2022,5,29,23,MB,,,,
-32.563844,152.297215,UOF1801,13,0.9,9,2022,5,30,0,MB,,,,
-32.556418,152.302225,UOF1801,4,1.1,8,2022,5,30,1,MB,,,,
-32.542621,152.311177,UOF1801,3,0.8,11,2022,5,30,2,MB,,,,
-32.54264,152.311126,UOF1801,1,0.9,9,2022,5,30,3,MB,,,,
-32.542551,152.311177,UOF1801,1,1.5,6,2022,5,30,4,MB,,,,
-32.54257,152.311177,UOF1801,14,0.8,10,2022,5,30,5,MB,,,,
-32.538927,152.321172,UOF1801,1,0.8,9,2022,5,30,6,MB,,,,
-32.548934,152.307032,UOF1801,6,0.9,9,2022,5,30,7,MB,,,,
-32.578537,152.288263,UOF1801,20,0.8,9,2022,5,30,8,MB,,,,
-32.590655,152.273768,UOF1801,22,1,8,2022,5,30,9,MB,,,,
-32.600179,152.246734,UOF1801,8,0.8,10,2022,5,30,10,MB,,,,
-32.590248,152.276769,UOF1801,2,0.8,10,2022,5,30,11,MB,,,,
-32.549875,152.307973,UOF1801,3,0.8,9,2022,5,30,12,MB,,,,
-32.540351,152.314076,UOF1801,0,1,7,2022,5,30,13,MB,,,,
-32.540549,152.31784,UOF1801,14,0.8,9,2022,5,30,14,MB,,,,
-32.528462,152.329971,UOF1801,7,0.9,8,2022,5,30,15,MB,,,,
-32.530395,152.330937,UOF1801,3,0.8,9,2022,5,30,16,MB,,,,
-32.543276,152.307439,UOF1801,10,0.8,10,2022,5,30,17,MB,,,,
-32.500323,152.308202,UOF1801,24,0.9,10,2022,5,30,18,MB,,,,
-32.499636,152.309193,UOF1801,12,0.9,9,2022,5,30,19,MB,,,,
-32.499744,152.309219,UOF1801,7,0.7,12,2022,5,30,20,MB,,,,
-32.49968,152.309092,UOF1801,0,0.8,9,2022,5,30,21,MB,,,,
-32.499668,152.309143,UOF1801,5,0.8,10,2022,5,30,22,MB,,,,
-32.499668,152.30927,UOF1801,31,0.9,9,2022,5,30,23,MB,,,,
-32.49968,152.309219,UOF1801,20,0.9,9,2022,5,31,0,MB,,,,
-32.499629,152.30927,UOF1801,1,0.8,10,2022,5,31,1,MB,,,,
-32.499687,152.309219,UOF1801,15,0.8,11,2022,5,31,2,MB,,,,
-32.49968,152.309219,UOF1801,14,0.8,10,2022,5,31,3,MB,,,,
-32.499642,152.309193,UOF1801,7,1,9,2022,5,31,4,MB,,,,
-32.499668,152.309168,UOF1801,14,0.8,9,2022,5,31,5,MB,,,,
-32.503184,152.304718,UOF1801,21,0.8,9,2022,5,31,6,MB,,,,
-32.509942,152.320205,UOF1801,36,0.7,10,2022,5,31,7,MB,,,,
-32.509796,152.320307,UOF1801,48,0.8,9,2022,5,31,8,MB,,,,
-32.524113,152.330886,UOF1801,1,0.8,10,2022,5,31,10,MB,,,,
-32.524203,152.330708,UOF1801,13,0.8,10,2022,5,31,11,MB,,,,
-32.538845,152.315704,UOF1801,0,1,8,2022,5,31,14,MB,,,,
-32.544325,152.307032,UOF1801,4,1,8,2022,5,31,15,MB,,,,
-32.54435,152.306981,UOF1801,15,0.8,9,2022,5,31,16,MB,,,,
-32.54442,152.307006,UOF1801,15,0.7,12,2022,5,31,17,MB,,,,
-32.54978,152.307134,UOF1801,0,0.9,9,2022,5,31,18,MB,,,,
-32.550092,152.307108,UOF1801,2,0.9,9,2022,5,31,19,MB,,,,
-32.549494,152.308024,UOF1801,7,0.9,9,2022,5,31,20,MB,,,,
-32.576864,152.285212,UOF1801,4,0.9,9,2022,5,31,21,MB,,,,
-32.55561,152.288009,UOF1801,32,0.9,9,2022,5,31,22,MB,,,,
-32.545222,152.293935,UOF1801,17,0.8,10,2022,5,31,23,MB,,,,
-32.543015,152.311152,UOF1801,0,0.9,9,2022,6,1,0,MB,,,,
-32.544872,152.309499,UOF1801,13,0.8,10,2022,6,1,1,MB,,,,
-32.545139,152.309702,UOF1801,0,0.8,11,2022,6,1,2,MB,,,,
-32.545139,152.309753,UOF1801,27,0.8,10,2022,6,1,3,MB,,,,
-32.54505,152.309829,UOF1801,0,0.9,10,2022,6,1,4,MB,,,,
-32.544935,152.309829,UOF1801,27,0.8,10,2022,6,1,5,MB,,,,
-32.545043,152.309753,UOF1801,10,0.8,9,2022,6,1,6,MB,,,,
-32.545043,152.309753,UOF1801,16,0.7,10,2022,6,1,7,MB,,,,
-32.539538,152.31845,UOF1801,7,0.8,9,2022,6,1,8,MB,,,,
-32.511398,152.349706,UOF1801,16,1,8,2022,6,1,9,MB,,,,
-32.512015,152.348078,UOF1801,12,0.7,11,2022,6,1,10,MB,,,,
-32.512186,152.347976,UOF1801,0,0.9,9,2022,6,1,11,MB,,,,
-32.512091,152.347951,UOF1801,0,0.9,8,2022,6,1,12,MB,,,,
-32.512104,152.348103,UOF1801,24,1.3,6,2022,6,1,13,MB,,,,
-32.534877,152.325139,UOF1801,0,0.7,10,2022,6,1,14,MB,,,,
-32.549716,152.307184,UOF1801,0,0.9,9,2022,6,1,15,MB,,,,
-32.54992,152.307998,UOF1801,7,0.7,10,2022,6,1,16,MB,,,,
-32.539334,152.315577,UOF1801,11,0.7,12,2022,6,1,17,MB,,,,
-32.529232,152.32285,UOF1801,22,0.8,10,2022,6,1,19,MB,,,,
-32.524012,152.322748,UOF1801,1,0.7,11,2022,6,1,20,MB,,,,
-32.523885,152.322723,UOF1801,0,0.8,9,2022,6,1,21,MB,,,,
-32.523897,152.322647,UOF1801,0,0.9,9,2022,6,1,22,MB,,,,
-32.523948,152.322723,UOF1801,6,0.8,10,2022,6,1,23,MB,,,,
-32.540994,152.318476,UOF1801,8,0.9,10,2022,6,2,0,MB,,,,
-32.545202,152.309778,UOF1801,11,0.8,10,2022,6,2,1,MB,,,,
-32.545145,152.309728,UOF1801,20,0.7,11,2022,6,2,2,MB,,,,
-32.545037,152.309728,UOF1801,36,0.8,10,2022,6,2,3,MB,,,,
-32.54505,152.309829,UOF1801,11,0.9,10,2022,6,2,4,MB,,,,
-32.545101,152.309778,UOF1801,8,0.8,10,2022,6,2,5,MB,,,,
-32.545132,152.309804,UOF1801,0,0.8,9,2022,6,2,6,MB,,,,
-32.54505,152.309829,UOF1801,5,0.9,9,2022,6,2,7,MB,,,,
-32.543257,152.307413,UOF1801,8,0.8,9,2022,6,2,8,MB,,,,
-32.577004,152.289662,UOF1801,43,1,8,2022,6,2,9,MB,,,,
-32.60393,152.252863,UOF1801,13,0.8,10,2022,6,2,10,MB,,,,
-32.590578,152.27331,UOF1801,0,0.8,10,2022,6,2,11,MB,,,,
-32.552654,152.307973,UOF1801,0,0.8,10,2022,6,2,12,MB,,,,
-32.551954,152.308125,UOF1801,2,1,8,2022,6,2,13,MB,,,,
-32.550104,152.309448,UOF1801,1,0.7,10,2022,6,2,14,MB,,,,
-32.549227,152.307998,UOF1801,4,1.2,7,2022,6,2,15,MB,,,,
-32.514074,152.326182,UOF1801,0,0.7,10,2022,6,2,16,MB,,,,
-32.505231,152.328496,UOF1801,15,0.7,11,2022,6,2,17,MB,,,,
-32.49954,152.306116,UOF1801,0,0.9,9,2022,6,2,18,MB,,,,
-32.484129,152.303446,UOF1801,24,1.3,9,2022,6,2,19,MB,,,,
-32.484739,152.304311,UOF1801,1,0.7,11,2022,6,2,20,MB,,,,
-32.500125,152.30838,UOF1801,12,1.1,7,2022,6,2,21,MB,,,,
-32.538177,152.321375,UOF1801,9,0.9,9,2022,6,2,22,MB,,,,
-32.539258,152.316874,UOF1801,16,1.1,8,2022,6,2,23,MB,,,,
-32.53379,152.320968,UOF1801,17,0.8,11,2022,6,3,0,MB,,,,
-32.524482,152.322697,UOF1801,4,1.1,8,2022,6,3,1,MB,,,,
-32.511894,152.320027,UOF1801,7,0.7,11,2022,6,3,2,MB,,,,
-32.511843,152.320053,UOF1801,18,0.8,10,2022,6,3,3,MB,,,,
-32.511754,152.320027,UOF1801,12,1.1,8,2022,6,3,4,MB,,,,
-32.511938,152.320078,UOF1801,0,0.8,10,2022,6,3,5,MB,,,,
-32.511817,152.320053,UOF1801,0,1.1,7,2022,6,3,6,MB,,,,
-32.511805,152.320027,UOF1801,4,0.8,10,2022,6,3,7,MB,,,,
-32.507043,152.328089,UOF1801,9,0.8,9,2022,6,3,8,MB,,,,
-32.506884,152.327707,UOF1801,34,0.9,10,2022,6,3,9,MB,,,,
-32.506935,152.327631,UOF1801,19,0.8,10,2022,6,3,10,MB,,,,
-32.506973,152.327631,UOF1801,14,0.8,9,2022,6,3,11,MB,,,,
-32.491034,152.339304,UOF1801,12,1,8,2022,6,3,12,MB,,,,
-32.465431,152.384292,UOF1801,0,1,8,2022,6,3,13,MB,,,,
-32.462519,152.379587,UOF1801,8,0.8,9,2022,6,3,14,MB,,,,
-32.471064,152.365804,UOF1801,18,1.3,7,2022,6,3,15,MB,,,,
-32.470517,152.363032,UOF1801,0,0.7,10,2022,6,3,16,MB,,,,
-32.493272,152.335413,UOF1801,15,0.7,11,2022,6,3,17,MB,,,,
-32.539118,152.317738,UOF1801,3,0.9,9,2022,6,3,18,MB,,,,
-32.540517,152.317662,UOF1801,23,0.8,10,2022,6,3,19,MB,,,,
-32.540453,152.317662,UOF1801,2,0.8,11,2022,6,3,20,MB,,,,
-32.540447,152.317611,UOF1801,1,0.8,9,2022,6,3,21,MB,,,,
-32.540555,152.317713,UOF1801,25,0.9,9,2022,6,3,22,MB,,,,
-32.54051,152.317662,UOF1801,28,0.8,10,2022,6,3,23,MB,,,,
-32.540828,152.317815,UOF1801,20,0.9,10,2022,6,4,0,MB,,,,
-32.540695,152.317967,UOF1801,39,1.1,7,2022,6,4,1,MB,,,,
-32.54079,152.317789,UOF1801,11,0.7,11,2022,6,4,2,MB,,,,
-32.54079,152.317789,UOF1801,21,0.9,9,2022,6,4,3,MB,,,,
-32.540758,152.31784,UOF1801,27,0.9,9,2022,6,4,4,MB,,,,
-32.540796,152.317815,UOF1801,5,0.8,9,2022,6,4,5,MB,,,,
-32.540765,152.317815,UOF1801,0,0.9,8,2022,6,4,6,MB,,,,
-32.547885,152.307617,UOF1801,10,0.8,10,2022,6,4,7,MB,,,,
-32.549017,152.308074,UOF1801,9,1,8,2022,6,4,8,MB,,,,
-32.549068,152.3081,UOF1801,24,0.9,9,2022,6,4,9,MB,,,,
-32.549233,152.307846,UOF1801,0,0.8,9,2022,6,4,10,MB,,,,
-32.549119,152.308049,UOF1801,0,1,7,2022,6,4,11,MB,,,,
-32.549081,152.308024,UOF1801,2,0.9,8,2022,6,4,12,MB,,,,
-32.549011,152.308074,UOF1801,7,0.8,9,2022,6,4,13,MB,,,,
-32.549608,152.307795,UOF1801,4,0.8,9,2022,6,4,14,MB,,,,
-32.549049,152.308049,UOF1801,0,1,8,2022,6,4,15,MB,,,,
-32.549767,152.307337,UOF1801,10,0.8,9,2022,6,4,16,MB,,,,
-32.580984,152.285568,UOF1801,10,0.7,11,2022,6,4,17,MB,,,,
-32.590159,152.277303,UOF1801,0,0.9,9,2022,6,4,18,MB,,,,
-32.550518,152.305887,UOF1801,2,1.2,8,2022,6,4,19,MB,,,,
-32.5491,152.308049,UOF1801,5,0.7,10,2022,6,4,20,MB,,,,
-32.549182,152.3081,UOF1801,0,1.1,7,2022,6,4,21,MB,,,,
-32.549144,152.308074,UOF1801,11,0.9,9,2022,6,4,22,MB,,,,
-32.549596,152.307642,UOF1801,15,0.8,10,2022,6,4,23,MB,,,,
-32.543753,152.309651,UOF1801,0,1,9,2022,6,5,0,MB,,,,
-32.544605,152.307006,UOF1801,0,0.7,11,2022,6,5,1,MB,,,,
-32.544649,152.306981,UOF1801,8,0.7,10,2022,6,5,2,MB,,,,
-32.544624,152.30693,UOF1801,0,1.1,8,2022,6,5,3,MB,,,,
-32.544637,152.307006,UOF1801,2,0.9,9,2022,6,5,4,MB,,,,
-32.544846,152.307006,UOF1801,17,0.8,9,2022,6,5,5,MB,,,,
-32.544579,152.307032,UOF1801,4,0.9,9,2022,6,5,6,MB,,,,
-32.538794,152.316721,UOF1801,0,0.8,10,2022,6,5,7,MB,,,,
-32.507481,152.337371,UOF1801,13,1,8,2022,6,5,8,MB,,,,
-32.501887,152.363896,UOF1801,64,0.9,9,2022,6,5,9,MB,,,,
-32.496845,152.388437,UOF1801,0,1.5,5,2022,6,5,10,MB,,,,
-32.48959,152.406748,UOF1801,1,1.1,6,2022,6,5,11,MB,,,,
-32.489768,152.406951,UOF1801,14,1.4,7,2022,6,5,12,MB,,,,
-32.489775,152.40217,UOF1801,0,0.8,9,2022,6,5,13,MB,,,,
-32.489788,152.402145,UOF1801,3,0.8,9,2022,6,5,14,MB,,,,
-32.489838,152.40217,UOF1801,1,0.9,9,2022,6,5,15,MB,,,,
-32.478623,152.396906,UOF1801,14,0.6,12,2022,6,5,16,MB,,,,
-32.4747,152.366719,UOF1801,0,0.7,11,2022,6,5,17,MB,,,,
-32.508778,152.321299,UOF1801,4,1,9,2022,6,5,18,MB,,,,
-32.549634,152.30749,UOF1801,2,0.9,9,2022,6,5,19,MB,,,,
-32.548934,152.307896,UOF1801,24,0.8,10,2022,6,5,20,MB,,,,
-32.549411,152.307896,UOF1801,7,1.1,7,2022,6,5,21,MB,,,,
-32.544827,152.309829,UOF1801,31,1.2,9,2022,6,5,22,MB,,,,
-32.544713,152.309906,UOF1801,19,0.9,9,2022,6,5,23,MB,,,,
-32.544738,152.309982,UOF1801,3,0.9,10,2022,6,6,0,MB,,,,
-32.544796,152.309982,UOF1801,12,0.7,11,2022,6,6,1,MB,,,,
-32.544846,152.309906,UOF1801,0,0.8,9,2022,6,6,2,MB,,,,
-32.54477,152.309931,UOF1801,15,0.8,9,2022,6,6,3,MB,,,,
-32.544796,152.309956,UOF1801,0,0.9,9,2022,6,6,4,MB,,,,
-32.544719,152.309982,UOF1801,0,0.8,10,2022,6,6,5,MB,,,,
-32.544815,152.309956,UOF1801,0,1.1,7,2022,6,6,6,MB,,,,
-32.545069,152.289382,UOF1801,33,0.9,8,2022,6,6,7,MB,,,,
-32.549373,152.307668,UOF1801,0,1.1,7,2022,6,6,8,MB,,,,
-32.548871,152.307896,UOF1801,22,0.9,9,2022,6,6,9,MB,,,,
-32.54931,152.307134,UOF1801,9,0.8,10,2022,6,6,10,MB,,,,
-32.554072,152.303446,UOF1801,0,0.9,8,2022,6,6,11,MB,,,,
-32.554059,152.303446,UOF1801,0,0.8,9,2022,6,6,12,MB,,,,
-32.554091,152.303421,UOF1801,0,0.9,8,2022,6,6,13,MB,,,,
-32.554078,152.303395,UOF1801,0,0.8,9,2022,6,6,14,MB,,,,
-32.580628,152.286026,UOF1801,0,1,8,2022,6,6,15,MB,,,,
-32.593649,152.255966,UOF1801,5,0.7,10,2022,6,6,16,MB,,,,
-32.592587,152.281728,UOF1801,5,0.8,10,2022,6,6,17,MB,,,,
-32.552031,152.287628,UOF1801,47,1,9,2022,6,6,18,MB,,,,
-32.543282,152.307464,UOF1801,18,0.9,9,2022,6,6,19,MB,,,,
-32.549132,152.307439,UOF1801,2,0.7,11,2022,6,6,20,MB,,,,
-32.543276,152.310109,UOF1801,0,0.9,8,2022,6,6,21,MB,,,,
-32.503012,152.308481,UOF1801,19,0.7,11,2022,6,6,22,MB,,,,
-32.483875,152.30309,UOF1801,10,0.9,9,2022,6,6,23,MB,,,,
-32.483868,152.303166,UOF1801,1,1,9,2022,6,7,0,MB,,,,
-32.483824,152.303141,UOF1801,7,0.9,9,2022,6,7,1,MB,,,,
-32.483907,152.30309,UOF1801,2,0.8,9,2022,6,7,2,MB,,,,
-32.4839,152.303141,UOF1801,14,0.8,10,2022,6,7,3,MB,,,,
-32.483773,152.30309,UOF1801,9,0.8,10,2022,6,7,4,MB,,,,
-32.483957,152.303166,UOF1801,0,0.8,10,2022,6,7,5,MB,,,,
-32.483888,152.303115,UOF1801,0,0.9,8,2022,6,7,6,MB,,,,
-32.470905,152.291875,UOF1801,9,0.9,9,2022,6,7,7,MB,,,,
-32.485954,152.305302,UOF1801,8,1.3,7,2022,6,7,8,MB,,,,
-32.511264,152.320027,UOF1801,23,1.2,8,2022,6,7,9,MB,,,,
-32.538749,152.315984,UOF1801,19,1,8,2022,6,7,10,MB,,,,
-32.539951,152.313949,UOF1801,0,0.9,8,2022,6,7,11,MB,,,,
-32.539563,152.318806,UOF1801,0,0.8,9,2022,6,7,12,MB,,,,
-32.539709,152.317382,UOF1801,4,0.8,9,2022,6,7,13,MB,,,,
-32.548375,152.310821,UOF1801,1,0.7,10,2022,6,7,14,MB,,,,
-32.549888,152.307744,UOF1801,8,0.9,9,2022,6,7,15,MB,,,,
-32.543645,152.310262,UOF1801,25,0.9,9,2022,6,7,16,MB,,,,
-32.515257,152.352147,UOF1801,2,0.7,11,2022,6,7,17,MB,,,,
-32.484841,152.39744,UOF1801,38,1,9,2022,6,7,18,MB,,,,
-32.474325,152.370737,UOF1801,19,0.8,10,2022,6,7,19,MB,,,,
-32.511404,152.320053,UOF1801,0,0.9,10,2022,6,7,20,MB,,,,
-32.546913,152.308074,UOF1801,0,1,8,2022,6,7,21,MB,,,,
-32.549093,152.308227,UOF1801,23,0.8,10,2022,6,7,22,MB,,,,
-32.549062,152.308074,UOF1801,9,0.8,10,2022,6,7,23,MB,,,,
-32.549043,152.3081,UOF1801,0,1.1,8,2022,6,8,0,MB,,,,
-32.549119,152.3081,UOF1801,8,0.7,11,2022,6,8,1,MB,,,,
-32.564174,152.297393,UOF1801,3,0.8,10,2022,6,8,2,MB,,,,
-32.564206,152.297444,UOF1801,3,0.8,9,2022,6,8,3,MB,,,,
-32.564187,152.297444,UOF1801,10,0.8,9,2022,6,8,4,MB,,,,
-32.564117,152.297419,UOF1801,4,0.9,8,2022,6,8,5,MB,,,,
-32.564219,152.297419,UOF1801,0,0.9,9,2022,6,8,6,MB,,,,
-32.591551,152.263875,UOF1801,5,0.9,9,2022,6,8,7,MB,,,,
-32.59206,152.251057,UOF1801,10,1,8,2022,6,8,8,MB,,,,
-32.591818,152.251286,UOF1801,28,1.1,7,2022,6,8,9,MB,,,,
-32.593051,152.272216,UOF1801,7,0.8,9,2022,6,8,10,MB,,,,
-32.593083,152.272242,UOF1801,6,0.9,8,2022,6,8,11,MB,,,,
-32.593001,152.272242,UOF1801,10,1,8,2022,6,8,12,MB,,,,
-32.592994,152.272191,UOF1801,16,0.8,9,2022,6,8,13,MB,,,,
-32.590063,152.285212,UOF1801,0,0.7,10,2022,6,8,14,MB,,,,
-32.550549,152.30927,UOF1801,0,0.9,9,2022,6,8,15,MB,,,,
-32.542316,152.309829,UOF1801,10,0.8,9,2022,6,8,16,MB,,,,
-32.540485,152.317637,UOF1801,4,1.2,7,2022,6,8,17,MB,,,,
-32.540752,152.317713,UOF1801,0,1.3,8,2022,6,8,18,MB,,,,
-32.540752,152.317764,UOF1801,25,0.9,9,2022,6,8,19,MB,,,,
-32.540733,152.317815,UOF1801,5,0.8,10,2022,6,8,20,MB,,,,
-32.540758,152.317764,UOF1801,0,0.9,9,2022,6,8,21,MB,,,,
-32.540784,152.317789,UOF1801,19,0.9,9,2022,6,8,22,MB,,,,
-32.54072,152.317738,UOF1801,29,0.8,10,2022,6,8,23,MB,,,,
-32.542545,152.310541,UOF1801,20,1,9,2022,6,9,0,MB,,,,
-32.549812,152.30838,UOF1801,13,0.8,10,2022,6,9,1,MB,,,,
-32.549882,152.308278,UOF1801,0,0.9,9,2022,6,9,2,MB,,,,
-32.549812,152.308354,UOF1801,9,0.8,9,2022,6,9,3,MB,,,,
-32.549831,152.30838,UOF1801,14,0.7,10,2022,6,9,4,MB,,,,
-32.549901,152.308354,UOF1801,0,0.7,10,2022,6,9,5,MB,,,,
-32.549812,152.308354,UOF1801,6,0.9,9,2022,6,9,6,MB,,,,
-32.556392,152.299682,UOF1801,9,0.7,11,2022,6,9,7,MB,,,,
-32.558363,152.298894,UOF1801,16,1.2,7,2022,6,9,8,MB,,,,
-32.564206,152.297927,UOF1801,2,0.8,10,2022,6,9,9,MB,,,,
-32.564365,152.297876,UOF1801,7,0.8,9,2022,6,9,10,MB,,,,
-32.564416,152.297851,UOF1801,0,0.8,9,2022,6,9,11,MB,,,,
-32.564384,152.2978,UOF1801,5,1.2,7,2022,6,9,12,MB,,,,
-32.564422,152.297749,UOF1801,0,0.8,10,2022,6,9,13,MB,,,,
-32.564518,152.297851,UOF1801,4,0.7,10,2022,6,9,14,MB,,,,
-32.591913,152.272242,UOF1801,0,1.1,8,2022,6,9,15,MB,,,,
-32.594164,152.275675,UOF1801,0,0.9,8,2022,6,9,16,MB,,,,
-32.584843,152.281651,UOF1801,30,1,8,2022,6,9,17,MB,,,,
-32.542882,152.311025,UOF1801,14,1,9,2022,6,9,18,MB,,,,
-32.527903,152.322825,UOF1801,10,0.9,8,2022,6,9,19,MB,,,,
-32.50909,152.318044,UOF1801,0,0.8,9,2022,6,9,20,MB,,,,
-32.541324,152.31339,UOF1801,27,1.1,7,2022,6,9,21,MB,,,,
-32.538552,152.316162,UOF1801,9,0.8,10,2022,6,9,22,MB,,,,
-32.538845,152.317713,UOF1801,0,0.8,10,2022,6,9,23,MB,,,,
-32.5388,152.317764,UOF1801,0,1,9,2022,6,10,0,MB,,,,
-32.538845,152.317764,UOF1801,0,0.7,10,2022,6,10,1,MB,,,,
-32.537605,152.318501,UOF1801,19,0.7,10,2022,6,10,2,MB,,,,
-32.509014,152.319061,UOF1801,11,0.8,9,2022,6,10,3,MB,,,,
-32.509014,152.319035,UOF1801,15,0.8,9,2022,6,10,4,MB,,,,
-32.509147,152.319035,UOF1801,0,0.9,9,2022,6,10,5,MB,,,,
-32.504417,152.311406,UOF1801,0,0.9,9,2022,6,10,6,MB,,,,
-32.497449,152.316696,UOF1801,0,1.5,6,2022,6,10,7,MB,,,,
-32.496889,152.316975,UOF1801,23,1,9,2022,6,10,8,MB,,,,
-32.496819,152.317001,UOF1801,18,0.8,10,2022,6,10,9,MB,,,,
-32.496915,152.317001,UOF1801,17,0.8,10,2022,6,10,10,MB,,,,
-32.496896,152.31695,UOF1801,1,0.8,9,2022,6,10,11,MB,,,,
-32.496832,152.316975,UOF1801,8,1,8,2022,6,10,12,MB,,,,
-32.49619,152.325469,UOF1801,0,0.8,9,2022,6,10,13,MB,,,,
-32.496234,152.325495,UOF1801,8,0.7,10,2022,6,10,14,MB,,,,
-32.495859,152.328165,UOF1801,20,0.9,9,2022,6,10,15,MB,,,,
-32.475476,152.36382,UOF1801,38,0.8,10,2022,6,10,16,MB,,,,
-32.455582,152.380223,UOF1801,17,0.9,9,2022,6,10,17,MB,,,,
-32.475495,152.401407,UOF1801,4,1,9,2022,6,10,18,MB,,,,
-32.487842,152.407969,UOF1801,48,0.9,8,2022,6,10,19,MB,,,,
-32.522855,152.341084,UOF1801,1,0.8,10,2022,6,10,20,MB,,,,
-32.538787,152.316162,UOF1801,38,0.9,9,2022,6,10,21,MB,,,,
-32.540059,152.314381,UOF1801,31,0.8,10,2022,6,10,22,MB,,,,
-32.542907,152.311126,UOF1801,11,0.9,9,2022,6,10,23,MB,,,,
-32.542634,152.311152,UOF1801,2,1.1,8,2022,6,11,0,MB,,,,
-32.542564,152.311152,UOF1801,0,0.7,11,2022,6,11,1,MB,,,,
-32.542538,152.311152,UOF1801,6,0.9,8,2022,6,11,2,MB,,,,
-32.542596,152.311126,UOF1801,35,1.1,8,2022,6,11,3,MB,,,,
-32.542602,152.311126,UOF1801,2,0.7,10,2022,6,11,4,MB,,,,
-32.542628,152.311177,UOF1801,0,0.8,9,2022,6,11,5,MB,,,,
-32.542628,152.311075,UOF1801,10,0.9,9,2022,6,11,6,MB,,,,
-32.557168,152.301742,UOF1801,11,0.8,10,2022,6,11,7,MB,,,,
-32.577119,152.289637,UOF1801,41,0.9,9,2022,6,11,8,MB,,,,
-32.590699,152.278752,UOF1801,17,0.8,10,2022,6,11,9,MB,,,,
-32.594043,152.274429,UOF1801,9,0.8,10,2022,6,11,10,MB,,,,
-32.593751,152.273488,UOF1801,6,0.7,10,2022,6,11,11,MB,,,,
-32.586268,152.281066,UOF1801,0,1.3,6,2022,6,11,12,MB,,,,
-32.586293,152.281143,UOF1801,4,1.1,7,2022,6,11,13,MB,,,,
-32.586382,152.281168,UOF1801,15,0.8,9,2022,6,11,14,MB,,,,
-32.586395,152.281092,UOF1801,0,0.9,8,2022,6,11,15,MB,,,,
-32.586312,152.281168,UOF1801,17,1.3,6,2022,6,11,16,MB,,,,
-32.580908,152.285313,UOF1801,0,1.2,8,2022,6,11,17,MB,,,,
-32.54875,152.30749,UOF1801,0,1.1,8,2022,6,11,18,MB,,,,
-32.542596,152.311152,UOF1801,21,0.9,8,2022,6,11,19,MB,,,,
-32.542621,152.311203,UOF1801,0,0.8,9,2022,6,11,20,MB,,,,
-32.543734,152.306777,UOF1801,0,1,9,2022,6,11,21,MB,,,,
-32.542608,152.311203,UOF1801,22,0.9,9,2022,6,11,22,MB,,,,
-32.542602,152.311228,UOF1801,23,1.1,8,2022,6,11,23,MB,,,,
-32.542666,152.310567,UOF1801,30,1,9,2022,6,12,0,MB,,,,
-32.54271,152.311177,UOF1801,20,0.7,11,2022,6,12,1,MB,,,,
-32.542551,152.311177,UOF1801,27,0.8,9,2022,6,12,2,MB,,,,
-32.549666,152.307261,UOF1801,8,1.1,8,2022,6,12,3,MB,,,,
-32.548782,152.307566,UOF1801,13,1,8,2022,6,12,4,MB,,,,
-32.548852,152.30754,UOF1801,0,1,7,2022,6,12,5,MB,,,,
-32.548807,152.307566,UOF1801,0,0.9,8,2022,6,12,6,MB,,,,
-32.549437,152.307591,UOF1801,4,0.8,9,2022,6,12,7,MB,,,,
-32.538806,152.317713,UOF1801,11,1,8,2022,6,12,8,MB,,,,
-32.523872,152.322774,UOF1801,4,1,8,2022,6,12,9,MB,,,,
-32.524069,152.322697,UOF1801,0,0.8,10,2022,6,12,10,MB,,,,
-32.525372,152.323232,UOF1801,0,0.7,10,2022,6,12,11,MB,,,,
-32.525423,152.323486,UOF1801,28,1.2,7,2022,6,12,12,MB,,,,
-32.52536,152.323537,UOF1801,13,0.8,9,2022,6,12,13,MB,,,,
-32.526542,152.322138,UOF1801,4,0.8,9,2022,6,12,14,MB,,,,
-32.54463,152.306854,UOF1801,0,0.9,8,2022,6,12,15,MB,,,,
-32.544637,152.306981,UOF1801,0,1.1,7,2022,6,12,16,MB,,,,
-32.542589,152.309422,UOF1801,8,1.1,7,2022,6,12,17,MB,,,,
-32.570615,152.296351,UOF1801,12,1,9,2022,6,12,18,MB,,,,
-32.542074,152.310363,UOF1801,2,0.8,9,2022,6,12,19,MB,,,,
-32.542615,152.311203,UOF1801,0,0.8,9,2022,6,12,20,MB,,,,
-32.548528,152.307184,UOF1801,0,1.1,9,2022,6,12,21,MB,,,,
-32.533186,152.321172,UOF1801,20,0.8,10,2022,6,12,22,MB,,,,
-32.503253,152.304489,UOF1801,11,0.8,11,2022,6,12,23,MB,,,,
-32.526288,152.322341,UOF1801,18,1.4,7,2022,6,13,0,MB,,,,
-32.526142,152.322443,UOF1801,0,0.7,11,2022,6,13,1,MB,,,,
-32.5491,152.308074,UOF1801,10,1.1,7,2022,6,13,3,MB,,,,
-32.549062,152.308074,UOF1801,16,0.7,10,2022,6,13,4,MB,,,,
-32.549138,152.308125,UOF1801,0,0.9,8,2022,6,13,5,MB,,,,
-32.526892,152.32285,UOF1801,14,0.7,10,2022,6,13,6,MB,,,,
-32.511074,152.325953,UOF1801,18,1.3,7,2022,6,13,7,MB,,,,
-32.519351,152.322367,UOF1801,39,1,8,2022,6,13,8,MB,,,,
-32.539487,152.320027,UOF1801,13,0.8,10,2022,6,13,9,MB,,,,
-32.538622,152.319391,UOF1801,9,0.8,10,2022,6,13,10,MB,,,,
-32.542717,152.311101,UOF1801,0,1,7,2022,6,13,11,MB,,,,
-32.542678,152.311126,UOF1801,15,1,8,2022,6,13,12,MB,,,,
-32.542494,152.310948,UOF1801,0,0.8,9,2022,6,13,13,MB,,,,
-32.542672,152.311101,UOF1801,0,1.6,7,2022,6,13,14,MB,,,,
-32.542672,152.311152,UOF1801,17,0.8,9,2022,6,13,15,MB,,,,
-32.538565,152.316823,UOF1801,8,0.8,9,2022,6,13,16,MB,,,,
-32.522079,152.322926,UOF1801,0,1.4,8,2022,6,13,17,MB,,,,
-32.510915,152.319849,UOF1801,49,1.1,9,2022,6,13,18,MB,,,,
-32.507952,152.32257,UOF1801,50,1.9,5,2022,6,13,19,MB,,,,
-32.52611,152.32257,UOF1801,0,1.6,5,2022,6,13,20,MB,,,,
-32.526072,152.32257,UOF1801,0,1.5,6,2022,6,13,21,MB,,,,
-32.526161,152.322621,UOF1801,15,0.8,10,2022,6,13,22,MB,,,,
-32.526123,152.32257,UOF1801,8,0.9,10,2022,6,13,23,MB,,,,
-32.526078,152.322443,UOF1801,34,1.1,8,2022,6,14,0,MB,,,,
-32.526167,152.322443,UOF1801,10,0.8,10,2022,6,14,1,MB,,,,
-32.526091,152.32257,UOF1801,8,0.9,8,2022,6,14,2,MB,,,,
-32.526148,152.322825,UOF1801,0,1,8,2022,6,14,3,MB,,,,
-32.526129,152.322469,UOF1801,28,0.9,9,2022,6,14,4,MB,,,,
-32.526288,152.322596,UOF1801,0,0.8,9,2022,6,14,5,MB,,,,
-32.551192,152.30047,UOF1801,5,0.8,9,2022,6,14,6,MB,,,,
-32.54463,152.306981,UOF1801,0,1,8,2022,6,14,7,MB,,,,
-32.544598,152.306955,UOF1801,4,1.3,8,2022,6,14,8,MB,,,,
-32.543403,152.307718,UOF1801,16,0.9,9,2022,6,14,9,MB,,,,
-32.563952,152.298614,UOF1801,0,0.8,9,2022,6,14,10,MB,,,,
-32.565414,152.29747,UOF1801,22,0.9,9,2022,6,14,11,MB,,,,
-32.565433,152.297546,UOF1801,0,1.3,6,2022,6,14,12,MB,,,,
-32.570818,152.293706,UOF1801,0,1.1,8,2022,6,14,13,MB,,,,
-32.593388,152.267918,UOF1801,4,0.9,9,2022,6,14,14,MB,,,,
-32.574614,152.294799,UOF1801,0,0.8,9,2022,6,14,15,MB,,,,
-32.549424,152.308151,UOF1801,3,0.8,10,2022,6,14,16,MB,,,,
-32.52569,152.322291,UOF1801,0,1.1,8,2022,6,14,17,MB,,,,
-32.509897,152.333124,UOF1801,26,1,9,2022,6,14,18,MB,,,,
-32.500748,152.344772,UOF1801,6,0.8,9,2022,6,14,19,MB,,,,
-32.510495,152.318959,UOF1801,0,0.8,9,2022,6,14,20,MB,,,,
-32.510463,152.318959,UOF1801,23,0.8,10,2022,6,14,21,MB,,,,
-32.510584,152.31901,UOF1801,14,0.9,9,2022,6,14,22,MB,,,,
-32.510565,152.319035,UOF1801,15,1.3,7,2022,6,14,23,MB,,,,
-32.510533,152.31901,UOF1801,5,1,9,2022,6,15,0,MB,,,,
-32.510635,152.318985,UOF1801,5,0.8,10,2022,6,15,1,MB,,,,
-32.510438,152.31901,UOF1801,4,0.8,9,2022,6,15,2,MB,,,,
-32.510495,152.319035,UOF1801,12,1.5,6,2022,6,15,3,MB,,,,
-32.510495,152.31901,UOF1801,0,0.9,9,2022,6,15,4,MB,,,,
-32.48336,152.302047,UOF1801,0,0.8,9,2022,6,15,5,MB,,,,
-32.478509,152.297215,UOF1801,18,0.7,10,2022,6,15,6,MB,,,,
-32.47971,152.293401,UOF1801,29,1,7,2022,6,15,7,MB,,,,
-32.502109,152.308303,UOF1801,36,0.9,9,2022,6,15,8,MB,,,,
-32.542093,152.315704,UOF1801,0,1.3,8,2022,6,15,9,MB,,,,
-32.551179,152.308634,UOF1801,0,0.8,10,2022,6,15,10,MB,,,,
-32.551115,152.308659,UOF1801,6,0.8,9,2022,6,15,11,MB,,,,
-32.549558,152.307973,UOF1801,5,1.2,7,2022,6,15,12,MB,,,,
-32.549252,152.307413,UOF1801,0,0.8,9,2022,6,15,13,MB,,,,
-32.54924,152.307439,UOF1801,8,1,8,2022,6,15,14,MB,,,,
-32.549182,152.307362,UOF1801,23,1,8,2022,6,15,15,MB,,,,
-32.551827,152.308202,UOF1801,8,0.8,11,2022,6,15,16,MB,,,,
-32.551452,152.308227,UOF1801,0,1,9,2022,6,15,17,MB,,,,
-32.575834,152.290705,UOF1801,6,1.1,8,2022,6,15,18,MB,,,,
-32.592892,152.273081,UOF1801,0,0.7,11,2022,6,15,19,MB,,,,
-32.59288,152.273183,UOF1801,0,0.8,9,2022,6,15,20,MB,,,,
-32.592892,152.273081,UOF1801,10,0.9,9,2022,6,15,21,MB,,,,
-32.592835,152.273056,UOF1801,23,1,9,2022,6,15,22,MB,,,,
-32.592918,152.273157,UOF1801,13,0.9,10,2022,6,15,23,MB,,,,
-32.592943,152.273157,UOF1801,22,1,9,2022,6,16,0,MB,,,,
-32.592848,152.273183,UOF1801,13,0.7,10,2022,6,16,1,MB,,,,
-32.592899,152.273183,UOF1801,13,0.8,9,2022,6,16,2,MB,,,,
-32.592918,152.273132,UOF1801,15,1.2,7,2022,6,16,3,MB,,,,
-32.592854,152.273157,UOF1801,7,0.9,9,2022,6,16,4,MB,,,,
-32.549723,152.307184,UOF1801,0,0.9,8,2022,6,16,5,MB,,,,
-32.542621,152.310516,UOF1801,8,0.8,9,2022,6,16,6,MB,,,,
-32.5388,152.317637,UOF1801,23,0.8,9,2022,6,16,7,MB,,,,
-32.527826,152.333582,UOF1801,14,0.8,11,2022,6,16,8,MB,,,,
-32.506731,152.36738,UOF1801,9,0.7,11,2022,6,16,9,MB,,,,
-32.490074,152.402297,UOF1801,0,1.2,7,2022,6,16,10,MB,,,,
-32.490067,152.402374,UOF1801,3,0.8,9,2022,6,16,11,MB,,,,
-32.490118,152.402399,UOF1801,0,1,8,2022,6,16,12,MB,,,,
-32.490036,152.402374,UOF1801,0,0.9,8,2022,6,16,13,MB,,,,
-32.490016,152.402323,UOF1801,0,1,8,2022,6,16,14,MB,,,,
-32.476697,152.403747,UOF1801,15,0.7,10,2022,6,16,15,MB,,,,
-32.473194,152.376281,UOF1801,6,0.7,11,2022,6,16,16,MB,,,,
-32.500043,152.332285,UOF1801,0,1.2,8,2022,6,16,17,MB,,,,
-32.535399,152.320078,UOF1801,7,1.2,8,2022,6,16,18,MB,,,,
-32.550066,152.308685,UOF1801,17,0.8,9,2022,6,16,19,MB,,,,
-32.549494,152.30721,UOF1801,0,1,8,2022,6,16,20,MB,,,,
-32.548973,152.307668,UOF1801,11,1.2,7,2022,6,16,21,MB,,,,
-32.548725,152.307922,UOF1801,11,0.8,9,2022,6,16,22,MB,,,,
-32.548776,152.308024,UOF1801,20,0.9,10,2022,6,16,23,MB,,,,
-32.540758,152.317764,UOF1801,8,1,9,2022,6,17,0,MB,,,,
-32.540784,152.317688,UOF1801,3,1,8,2022,6,17,1,MB,,,,
-32.540835,152.317764,UOF1801,12,1.1,7,2022,6,17,2,MB,,,,
-32.540796,152.317764,UOF1801,20,1.2,7,2022,6,17,3,MB,,,,
-32.540879,152.317789,UOF1801,0,0.9,8,2022,6,17,4,MB,,,,
-32.540765,152.317713,UOF1801,2,1.1,7,2022,6,17,5,MB,,,,
-32.540822,152.317866,UOF1801,13,0.9,8,2022,6,17,6,MB,,,,
-32.545063,152.289967,UOF1801,19,1,8,2022,6,17,7,MB,,,,
-32.551408,152.308303,UOF1801,11,0.8,10,2022,6,17,8,MB,,,,
-32.5495,152.307846,UOF1801,8,0.8,9,2022,6,17,9,MB,,,,
-32.54971,152.30782,UOF1801,0,0.9,8,2022,6,17,10,MB,,,,
-32.54917,152.307362,UOF1801,0,1,8,2022,6,17,11,MB,,,,
-32.549895,152.307312,UOF1801,1,1,8,2022,6,17,12,MB,,,,
-32.550702,152.30838,UOF1801,7,1,8,2022,6,17,13,MB,,,,
-32.550715,152.308405,UOF1801,7,0.9,9,2022,6,17,14,MB,,,,
-32.550702,152.30838,UOF1801,1,1.2,6,2022,6,17,15,MB,,,,
-32.551656,152.30838,UOF1801,5,0.7,11,2022,6,17,16,MB,,,,
-32.54334,152.308659,UOF1801,5,1.1,8,2022,6,17,17,MB,,,,
-32.551694,152.307566,UOF1801,6,1,9,2022,6,17,18,MB,,,,
-32.549875,152.308227,UOF1801,12,1.1,8,2022,6,17,19,MB,,,,
-32.549799,152.308481,UOF1801,0,1,8,2022,6,17,20,MB,,,,
-32.549748,152.308405,UOF1801,9,1,8,2022,6,17,21,MB,,,,
-32.549786,152.30838,UOF1801,8,0.8,10,2022,6,17,22,MB,,,,
-32.549767,152.308431,UOF1801,20,1.2,8,2022,6,17,23,MB,,,,
-32.548992,152.307439,UOF1801,9,1,9,2022,6,18,0,MB,,,,
-32.549068,152.307439,UOF1801,12,0.8,9,2022,6,18,1,MB,,,,
-32.548915,152.307617,UOF1801,11,0.9,8,2022,6,18,2,MB,,,,
-32.549373,152.308431,UOF1801,14,1,8,2022,6,18,3,MB,,,,
-32.54978,152.308354,UOF1801,17,1,9,2022,6,18,4,MB,,,,
-32.549774,152.308354,UOF1801,3,0.9,8,2022,6,18,5,MB,,,,
-32.549716,152.308405,UOF1801,24,0.8,10,2022,6,18,6,MB,,,,
-32.551726,152.308176,UOF1801,10,0.8,9,2022,6,18,7,MB,,,,
-32.551935,152.308303,UOF1801,20,0.8,10,2022,6,18,8,MB,,,,
-32.525054,152.323028,UOF1801,19,0.7,11,2022,6,18,9,MB,,,,
-32.504887,152.312449,UOF1801,0,0.8,9,2022,6,18,10,MB,,,,
-32.511811,152.319697,UOF1801,0,1,8,2022,6,18,11,MB,,,,
-32.52672,152.321909,UOF1801,0,0.8,9,2022,6,18,12,MB,,,,
-32.540841,152.317637,UOF1801,0,0.9,8,2022,6,18,13,MB,,,,
-32.540739,152.317815,UOF1801,17,0.9,9,2022,6,18,14,MB,,,,
-32.534108,152.325317,UOF1801,4,0.8,9,2022,6,18,15,MB,,,,
-32.534292,152.325724,UOF1801,12,0.7,11,2022,6,18,16,MB,,,,
-32.543524,152.309855,UOF1801,0,1.1,8,2022,6,18,17,MB,,,,
-32.549844,152.308176,UOF1801,0,1.1,7,2022,6,18,18,MB,,,,
-32.549831,152.308329,UOF1801,10,0.9,8,2022,6,18,19,MB,,,,
-32.549875,152.3081,UOF1801,0,1,8,2022,6,18,20,MB,,,,
-32.549837,152.307286,UOF1801,0,1.1,8,2022,6,18,21,MB,,,,
-32.548922,152.307973,UOF1801,19,0.8,10,2022,6,18,22,MB,,,,
-32.549786,152.30838,UOF1801,7,1,9,2022,6,18,23,MB,,,,
-32.549818,152.30838,UOF1801,15,1.1,8,2022,6,19,0,MB,,,,
-32.549856,152.30838,UOF1801,13,0.8,9,2022,6,19,1,MB,,,,
-32.549615,152.307947,UOF1801,2,0.8,9,2022,6,19,2,MB,,,,
-32.5388,152.317789,UOF1801,19,1.2,8,2022,6,19,3,MB,,,,
-32.538705,152.317866,UOF1801,40,0.8,10,2022,6,19,4,MB,,,,
-32.538787,152.317713,UOF1801,8,0.9,8,2022,6,19,5,MB,,,,
-32.538845,152.317789,UOF1801,3,1.1,7,2022,6,19,6,MB,,,,
-32.538768,152.317713,UOF1801,13,1.1,7,2022,6,19,7,MB,,,,
-32.550829,152.308812,UOF1801,14,0.8,10,2022,6,19,8,MB,,,,
-32.568726,152.294698,UOF1801,6,0.8,10,2022,6,19,9,MB,,,,
-32.591189,152.265528,UOF1801,5,0.8,9,2022,6,19,10,MB,,,,
-32.576527,152.289967,UOF1801,18,0.9,9,2022,6,19,11,MB,,,,
-32.549411,152.307846,UOF1801,7,0.8,10,2022,6,19,12,MB,,,,
-32.549799,152.30838,UOF1801,0,1.1,7,2022,6,19,13,MB,,,,
-32.549774,152.308303,UOF1801,21,1,8,2022,6,19,14,MB,,,,
-32.549805,152.307184,UOF1801,7,0.7,10,2022,6,19,15,MB,,,,
-32.538889,152.317738,UOF1801,0,0.7,11,2022,6,19,16,MB,,,,
-32.535233,152.320078,UOF1801,6,1.2,8,2022,6,19,17,MB,,,,
-32.509452,152.318959,UOF1801,12,0.9,9,2022,6,19,18,MB,,,,
-32.509433,152.318985,UOF1801,0,0.7,10,2022,6,19,19,MB,,,,
-32.509535,152.319035,UOF1801,0,0.9,9,2022,6,19,20,MB,,,,
-32.509211,152.318985,UOF1801,0,1.2,7,2022,6,19,21,MB,,,,
-32.509382,152.31901,UOF1801,14,0.9,9,2022,6,19,22,MB,,,,
-32.509421,152.318959,UOF1801,5,1,9,2022,6,19,23,MB,,,,
-32.509459,152.318985,UOF1801,1,1.1,8,2022,6,20,0,MB,,,,
-32.506,152.313975,UOF1801,6,1.2,6,2022,6,20,1,MB,,,,
-32.506273,152.314712,UOF1801,13,0.8,9,2022,6,20,2,MB,,,,
-32.506331,152.314585,UOF1801,51,1,8,2022,6,20,3,MB,,,,
-32.506159,152.314687,UOF1801,12,0.9,9,2022,6,20,4,MB,,,,
-32.506153,152.314788,UOF1801,36,0.9,8,2022,6,20,5,MB,,,,
-32.506191,152.314712,UOF1801,1,0.8,9,2022,6,20,6,MB,,,,
-32.499248,152.306498,UOF1801,25,1,8,2022,6,20,7,MB,,,,
-32.479075,152.357691,UOF1801,28,1,9,2022,6,20,8,MB,,,,
-32.485744,152.411682,UOF1801,8,1,10,2022,6,20,9,MB,,,,
-32.485204,152.378036,UOF1801,0,0.9,8,2022,6,20,10,MB,,,,
-32.508035,152.336939,UOF1801,17,0.9,9,2022,6,20,11,MB,,,,
-32.538717,152.319824,UOF1801,12,0.8,9,2022,6,20,12,MB,,,,
-32.5399,152.318018,UOF1801,5,0.8,9,2022,6,20,13,MB,,,,
-32.539436,152.318425,UOF1801,10,0.9,9,2022,6,20,14,MB,,,,
-32.539423,152.318298,UOF1801,15,0.6,12,2022,6,20,15,MB,,,,
-32.542284,152.309702,UOF1801,7,0.8,10,2022,6,20,16,MB,,,,
-32.564606,152.298487,UOF1801,0,1.1,8,2022,6,20,17,MB,,,,
-32.564994,152.299148,UOF1801,2,0.9,9,2022,6,20,18,MB,,,,
-32.519466,152.322341,UOF1801,9,0.9,9,2022,6,20,19,MB,,,,
-32.505479,152.315068,UOF1801,11,0.9,8,2022,6,20,20,MB,,,,
-32.505542,152.314992,UOF1801,11,0.7,11,2022,6,20,21,MB,,,,
-32.505498,152.314941,UOF1801,19,0.8,10,2022,6,20,22,MB,,,,
-32.505479,152.314992,UOF1801,0,1,9,2022,6,20,23,MB,,,,
-32.505599,152.315043,UOF1801,23,0.9,9,2022,6,21,0,MB,,,,
-32.503889,152.305074,UOF1801,16,0.8,10,2022,6,21,1,MB,,,,
-32.499045,152.306447,UOF1801,10,1.1,8,2022,6,21,2,MB,,,,
-32.503679,152.308151,UOF1801,15,0.7,10,2022,6,21,3,MB,,,,
-32.50366,152.308151,UOF1801,0,1.2,7,2022,6,21,4,MB,,,,
-32.503552,152.308074,UOF1801,0,0.9,8,2022,6,21,5,MB,,,,
-32.503629,152.308151,UOF1801,0,1,8,2022,6,21,6,MB,,,,
-32.518468,152.322214,UOF1801,9,1.2,7,2022,6,21,7,MB,,,,
-32.53908,152.316899,UOF1801,98,1,8,2022,6,21,8,MB,,,,
-32.538546,152.316518,UOF1801,10,0.8,10,2022,6,21,9,MB,,,,
-32.537694,152.320358,UOF1801,14,0.9,8,2022,6,21,10,MB,,,,
-32.545495,152.309906,UOF1801,0,0.9,8,2022,6,21,11,MB,,,,
-32.551141,152.308456,UOF1801,4,0.9,9,2022,6,21,12,MB,,,,
-32.562273,152.299962,UOF1801,0,0.9,8,2022,6,21,13,MB,,,,
-32.541826,152.310236,UOF1801,0,0.9,8,2022,6,21,14,MB,,,,
-32.539112,152.319112,UOF1801,20,0.6,12,2022,6,21,15,MB,,,,
-32.539124,152.31901,UOF1801,8,0.7,11,2022,6,21,16,MB,,,,
-32.516503,152.350036,UOF1801,3,1.1,8,2022,6,21,17,MB,,,,
-32.507888,152.337193,UOF1801,23,0.9,9,2022,6,21,18,MB,,,,
-32.526224,152.322418,UOF1801,3,0.8,10,2022,6,21,19,MB,,,,
-32.526275,152.322316,UOF1801,16,0.9,8,2022,6,21,20,MB,,,,
-32.526218,152.322418,UOF1801,13,0.7,11,2022,6,21,21,MB,,,,
-32.526231,152.322418,UOF1801,7,0.8,10,2022,6,21,22,MB,,,,
-32.526192,152.322418,UOF1801,0,1.1,8,2022,6,21,23,MB,,,,
-32.526269,152.322341,UOF1801,5,0.7,12,2022,6,22,0,MB,,,,
-32.526231,152.322469,UOF1801,0,0.9,8,2022,6,22,1,MB,,,,
-32.540014,152.314534,UOF1801,5,0.8,9,2022,6,22,2,MB,,,,
-32.543791,152.310007,UOF1801,5,0.8,9,2022,6,22,3,MB,,,,
-32.543874,152.310058,UOF1801,19,0.7,10,2022,6,22,4,MB,,,,
-32.543931,152.310033,UOF1801,7,0.9,8,2022,6,22,5,MB,,,,
-32.543829,152.310007,UOF1801,0,0.8,9,2022,6,22,6,MB,,,,
-32.544662,152.309906,UOF1801,30,0.8,10,2022,6,22,7,MB,,,,
-32.563195,152.299936,UOF1801,14,0.9,10,2022,6,22,8,MB,,,,
-32.563259,152.299784,UOF1801,9,0.8,10,2022,6,22,9,MB,,,,
-32.590572,152.274836,UOF1801,4,1.1,7,2022,6,22,11,MB,,,,
-32.563284,152.299352,UOF1801,10,1.7,5,2022,6,22,12,MB,,,,
-32.564149,152.299428,UOF1801,2,0.9,8,2022,6,22,13,MB,,,,
-32.563182,152.299708,UOF1801,3,0.9,8,2022,6,22,14,MB,,,,
-32.563443,152.29958,UOF1801,0,1,9,2022,6,22,15,MB,,,,
-32.557689,152.303624,UOF1801,0,0.8,10,2022,6,22,16,MB,,,,
-32.538705,152.316187,UOF1801,0,1.1,8,2022,6,22,17,MB,,,,
-32.52583,152.322367,UOF1801,19,1.2,7,2022,6,22,18,MB,,,,
-32.525887,152.322367,UOF1801,0,1.2,7,2022,6,22,19,MB,,,,
-32.53749,152.318552,UOF1801,0,1.6,7,2022,6,22,20,MB,,,,
-32.54346,152.311304,UOF1801,16,1.1,8,2022,6,22,21,MB,,,,
-32.545578,152.308074,UOF1801,13,1.4,8,2022,6,22,22,MB,,,,
-32.525881,152.322367,UOF1801,6,1.3,7,2022,6,22,23,MB,,,,
-32.526199,152.322367,UOF1801,8,0.8,10,2022,6,23,0,MB,,,,
-32.526212,152.322418,UOF1801,9,0.9,8,2022,6,23,1,MB,,,,
-32.526269,152.322418,UOF1801,18,0.8,9,2022,6,23,2,MB,,,,
-32.526212,152.322469,UOF1801,5,1,8,2022,6,23,3,MB,,,,
-32.526301,152.322469,UOF1801,14,1.2,7,2022,6,23,4,MB,,,,
-32.526161,152.322367,UOF1801,0,1.7,5,2022,6,23,5,MB,,,,
-32.526218,152.322367,UOF1801,5,0.8,9,2022,6,23,6,MB,,,,
-32.525811,152.322926,UOF1801,5,1.4,7,2022,6,23,7,MB,,,,
-32.559431,152.30192,UOF1801,91,0.9,8,2022,6,23,8,MB,,,,
-32.560938,152.300598,UOF1801,0,0.9,8,2022,6,23,9,MB,,,,
-32.564066,152.29752,UOF1801,8,1.2,6,2022,6,23,10,MB,,,,
-32.564123,152.29752,UOF1801,19,0.9,8,2022,6,23,11,MB,,,,
-32.562725,152.300114,UOF1801,11,0.9,8,2022,6,23,12,MB,,,,
-32.56165,152.300877,UOF1801,0,0.8,9,2022,6,23,13,MB,,,,
-32.559387,152.30248,UOF1801,0,0.9,9,2022,6,23,14,MB,,,,
-32.561517,152.301005,UOF1801,11,0.7,10,2022,6,23,15,MB,,,,
-32.560131,152.301742,UOF1801,7,0.8,10,2022,6,23,16,MB,,,,
-32.560023,152.300089,UOF1801,3,0.8,10,2022,6,23,17,MB,,,,
-32.548845,152.307718,UOF1801,6,0.9,8,2022,6,23,18,MB,,,,
-32.542068,152.310007,UOF1801,1,0.9,10,2022,6,23,19,MB,,,,
-32.523866,152.322697,UOF1801,0,1.1,7,2022,6,23,20,MB,,,,
-32.523942,152.322621,UOF1801,11,0.8,10,2022,6,23,21,MB,,,,
-32.523942,152.32257,UOF1801,35,1.1,8,2022,6,23,22,MB,,,,
-32.523878,152.322545,UOF1801,0,1.5,7,2022,6,23,23,MB,,,,
-32.523999,152.322647,UOF1801,3,1.1,8,2022,6,24,0,MB,,,,
-32.523891,152.322596,UOF1801,0,0.8,9,2022,6,24,1,MB,,,,
-32.523986,152.32257,UOF1801,21,0.9,9,2022,6,24,2,MB,,,,
-32.506102,152.323867,UOF1801,25,0.8,10,2022,6,24,3,MB,,,,
-32.501321,152.308202,UOF1801,13,0.7,10,2022,6,24,4,MB,,,,
-32.485674,152.305048,UOF1801,33,0.9,9,2022,6,24,5,MB,,,,
-32.485941,152.304896,UOF1801,21,1,8,2022,6,24,6,MB,,,,
-32.485712,152.30515,UOF1801,20,1.3,7,2022,6,24,7,MB,,,,
-32.519142,152.322494,UOF1801,34,0.9,9,2022,6,24,8,MB,,,,
-32.539112,152.31784,UOF1801,19,0.8,10,2022,6,24,9,MB,,,,
-32.539563,152.319417,UOF1801,0,0.8,9,2022,6,24,10,MB,,,,
-32.539232,152.318654,UOF1801,6,0.8,9,2022,6,24,11,MB,,,,
-32.5388,152.317815,UOF1801,12,1.1,7,2022,6,24,12,MB,,,,
-32.538876,152.317815,UOF1801,4,1,8,2022,6,24,13,MB,,,,
-32.540987,152.313415,UOF1801,9,0.9,9,2022,6,24,14,MB,,,,
-32.561466,152.300776,UOF1801,24,0.8,10,2022,6,24,15,MB,,,,
-32.562121,152.299835,UOF1801,0,0.8,10,2022,6,24,16,MB,,,,
-32.578734,152.286661,UOF1801,4,1,9,2022,6,24,17,MB,,,,
-32.575396,152.284805,UOF1801,12,1.1,7,2022,6,24,18,MB,,,,
-32.575485,152.284881,UOF1801,11,0.7,11,2022,6,24,19,MB,,,,
-32.575377,152.28483,UOF1801,13,1,8,2022,6,24,20,MB,,,,
-32.575415,152.284805,UOF1801,7,0.8,10,2022,6,24,21,MB,,,,
-32.575434,152.284907,UOF1801,27,0.8,10,2022,6,24,22,MB,,,,
-32.575339,152.284881,UOF1801,0,1.1,8,2022,6,24,23,MB,,,,
-32.575408,152.284779,UOF1801,19,0.7,11,2022,6,25,0,MB,,,,
-32.575396,152.284856,UOF1801,0,0.9,8,2022,6,25,1,MB,,,,
-32.575345,152.284957,UOF1801,20,0.8,10,2022,6,25,2,MB,,,,
-32.575415,152.284983,UOF1801,28,0.8,10,2022,6,25,3,MB,,,,
-32.575358,152.284754,UOF1801,29,0.7,11,2022,6,25,4,MB,,,,
-32.57537,152.284703,UOF1801,6,1,8,2022,6,25,5,MB,,,,
-32.575129,152.285949,UOF1801,6,0.9,9,2022,6,25,6,MB,,,,
-32.575199,152.285898,UOF1801,21,0.8,10,2022,6,25,7,MB,,,,
-32.575256,152.285898,UOF1801,0,0.8,10,2022,6,25,8,MB,,,,
-32.575243,152.285848,UOF1801,0,0.8,9,2022,6,25,9,MB,,,,
-32.575307,152.286026,UOF1801,0,0.8,9,2022,6,25,10,MB,,,,
-32.575262,152.286026,UOF1801,0,1.2,7,2022,6,25,11,MB,,,,
-32.57523,152.286153,UOF1801,13,1,7,2022,6,25,12,MB,,,,
-32.575205,152.286026,UOF1801,10,0.8,9,2022,6,25,13,MB,,,,
-32.575421,152.286,UOF1801,11,1,8,2022,6,25,14,MB,,,,
-32.575129,152.286026,UOF1801,15,1,8,2022,6,25,15,MB,,,,
-32.575485,152.285135,UOF1801,0,0.9,9,2022,6,25,16,MB,,,,
-32.587679,152.272649,UOF1801,1,0.8,10,2022,6,25,17,MB,,,,
-32.565471,152.296351,UOF1801,8,0.8,9,2022,6,25,18,MB,,,,
-32.549856,152.307337,UOF1801,0,0.8,10,2022,6,25,19,MB,,,,
-32.542074,152.310363,UOF1801,0,1,8,2022,6,25,20,MB,,,,
-32.542386,152.310312,UOF1801,7,0.8,10,2022,6,25,21,MB,,,,
-32.542437,152.309473,UOF1801,16,0.8,10,2022,6,25,22,MB,,,,
-32.549424,152.307769,UOF1801,0,1,9,2022,6,25,23,MB,,,,
-32.549119,152.307591,UOF1801,0,0.7,12,2022,6,26,0,MB,,,,
-32.549093,152.307769,UOF1801,6,0.8,9,2022,6,26,1,MB,,,,
-32.542443,152.309397,UOF1801,0,1,9,2022,6,26,2,MB,,,,
-32.542577,152.311152,UOF1801,8,0.8,10,2022,6,26,3,MB,,,,
-32.542583,152.311101,UOF1801,0,0.8,9,2022,6,26,4,MB,,,,
-32.54271,152.310897,UOF1801,45,1,8,2022,6,26,5,MB,,,,
-32.544522,152.305709,UOF1801,0,0.9,9,2022,6,26,6,MB,,,,
-32.549551,152.307235,UOF1801,17,0.8,11,2022,6,26,7,MB,,,,
-32.538476,152.316467,UOF1801,7,0.8,10,2022,6,26,8,MB,,,,
-32.538794,152.316645,UOF1801,0,0.8,10,2022,6,26,9,MB,,,,
-32.52405,152.32257,UOF1801,8,0.9,9,2022,6,26,10,MB,,,,
-32.525684,152.322291,UOF1801,0,1,8,2022,6,26,11,MB,,,,
-32.538298,152.317357,UOF1801,0,0.9,8,2022,6,26,12,MB,,,,
-32.540097,152.314712,UOF1801,33,1.3,8,2022,6,26,13,MB,,,,
-32.543314,152.30927,UOF1801,22,0.9,9,2022,6,26,14,MB,,,,
-32.53344,152.321044,UOF1801,23,0.8,10,2022,6,26,15,MB,,,,
-32.495904,152.335286,UOF1801,3,0.9,9,2022,6,26,16,MB,,,,
-32.472176,152.378494,UOF1801,4,0.8,10,2022,6,26,17,MB,,,,
-32.47786,152.408986,UOF1801,4,2.1,4,2022,6,26,18,MB,,,,
-32.492089,152.400263,UOF1801,0,1.6,6,2022,6,26,19,MB,,,,
-32.489889,152.401738,UOF1801,0,1,8,2022,6,26,20,MB,,,,
-32.489953,152.401814,UOF1801,3,0.8,10,2022,6,26,21,MB,,,,
-32.489902,152.401789,UOF1801,5,0.9,9,2022,6,26,22,MB,,,,
-32.490519,152.405985,UOF1801,0,1.7,7,2022,6,26,23,MB,,,,
-32.510476,152.359929,UOF1801,5,0.9,10,2022,6,27,0,MB,,,,
-32.538304,152.316009,UOF1801,4,1.1,7,2022,6,27,1,MB,,,,
-32.544211,152.308049,UOF1801,0,1.2,8,2022,6,27,2,MB,,,,
-32.544064,152.307973,UOF1801,8,0.8,10,2022,6,27,3,MB,,,,
-32.544071,152.308049,UOF1801,0,1,8,2022,6,27,4,MB,,,,
-32.544045,152.307998,UOF1801,0,1,7,2022,6,27,5,MB,,,,
-32.54402,152.307973,UOF1801,0,1,8,2022,6,27,6,MB,,,,
-32.549144,152.307006,UOF1801,13,1.2,8,2022,6,27,7,MB,,,,
-32.564556,152.299021,UOF1801,12,0.9,9,2022,6,27,8,MB,,,,
-32.576814,152.289942,UOF1801,0,1,8,2022,6,27,9,MB,,,,
-32.593808,152.273768,UOF1801,14,1.1,8,2022,6,27,10,MB,,,,
-32.59377,152.273717,UOF1801,11,1.2,6,2022,6,27,11,MB,,,,
-32.59377,152.273793,UOF1801,12,1,7,2022,6,27,12,MB,,,,
-32.593732,152.273818,UOF1801,0,0.9,7,2022,6,27,13,MB,,,,
-32.592689,152.272267,UOF1801,4,0.9,8,2022,6,27,14,MB,,,,
-32.586382,152.280634,UOF1801,20,1,8,2022,6,27,15,MB,,,,
-32.549259,152.306828,UOF1801,0,0.9,7,2022,6,27,16,MB,,,,
-32.531705,152.32168,UOF1801,12,0.8,9,2022,6,27,17,MB,,,,
-32.508861,152.321095,UOF1801,5,0.8,9,2022,6,27,18,MB,,,,
-32.509872,152.320765,UOF1801,14,0.8,9,2022,6,27,19,MB,,,,
-32.528113,152.322799,UOF1801,0,1.4,8,2022,6,27,20,MB,,,,
-32.542526,152.309753,UOF1801,31,0.8,10,2022,6,27,21,MB,,,,
-32.538838,152.31784,UOF1801,21,0.9,9,2022,6,27,22,MB,,,,
-32.538349,152.318018,UOF1801,10,1.1,8,2022,6,27,23,MB,,,,
-32.538425,152.317916,UOF1801,0,0.7,12,2022,6,28,0,MB,,,,
-32.538444,152.318018,UOF1801,5,0.8,9,2022,6,28,1,MB,,,,
-32.538406,152.317967,UOF1801,5,0.9,10,2022,6,28,2,MB,,,,
-32.5384,152.318069,UOF1801,4,0.8,9,2022,6,28,3,MB,,,,
-32.538444,152.318018,UOF1801,10,0.8,9,2022,6,28,4,MB,,,,
-32.5244,152.322952,UOF1801,7,0.9,9,2022,6,28,5,MB,,,,
-32.525404,152.323308,UOF1801,2,1.3,7,2022,6,28,6,MB,,,,
-32.506445,152.325419,UOF1801,47,1,8,2022,6,28,7,MB,,,,
-32.534451,152.320638,UOF1801,18,0.9,9,2022,6,28,8,MB,,,,
-32.543499,152.309219,UOF1801,1,0.8,9,2022,6,28,9,MB,,,,
-32.543645,152.309092,UOF1801,12,0.8,9,2022,6,28,10,MB,,,,
-32.542106,152.310389,UOF1801,0,1.2,7,2022,6,28,11,MB,,,,
-32.539474,152.318349,UOF1801,0,0.8,9,2022,6,28,12,MB,,,,
-32.536448,152.323664,UOF1801,0,0.8,9,2022,6,28,13,MB,,,,
-32.528469,152.324401,UOF1801,8,0.8,9,2022,6,28,14,MB,,,,
-32.530535,152.323232,UOF1801,0,0.8,10,2022,6,28,15,MB,,,,
-32.530192,152.323562,UOF1801,11,0.9,9,2022,6,28,16,MB,,,,
-32.53009,152.323486,UOF1801,5,0.8,10,2022,6,28,17,MB,,,,
-32.530274,152.323638,UOF1801,13,0.7,10,2022,6,28,18,MB,,,,
-32.530344,152.323689,UOF1801,0,0.8,10,2022,6,28,19,MB,,,,
-32.530268,152.323715,UOF1801,0,0.8,10,2022,6,28,20,MB,,,,
-32.530338,152.323638,UOF1801,24,0.8,10,2022,6,28,21,MB,,,,
-32.530357,152.323486,UOF1801,9,0.9,10,2022,6,28,22,MB,,,,
-32.530147,152.323104,UOF1801,4,0.9,9,2022,6,28,23,MB,,,,
-32.530414,152.323003,UOF1801,0,1.2,6,2022,6,29,0,MB,,,,
-32.530363,152.323282,UOF1801,2,0.8,10,2022,6,29,1,MB,,,,
-32.516567,152.323232,UOF1801,7,0.9,10,2022,6,29,2,MB,,,,
-32.504493,152.311965,UOF1801,23,0.8,10,2022,6,29,3,MB,,,,
-32.503203,152.308431,UOF1801,16,0.8,9,2022,6,29,4,MB,,,,
-32.503158,152.308354,UOF1801,10,1.1,7,2022,6,29,5,MB,,,,
-32.503152,152.30838,UOF1801,4,1.1,7,2022,6,29,6,MB,,,,
-32.496514,152.329513,UOF1801,46,1,8,2022,6,29,7,MB,,,,
-32.515441,152.323003,UOF1801,38,0.9,8,2022,6,29,8,MB,,,,
-32.536823,152.31929,UOF1801,0,1,9,2022,6,29,9,MB,,,,
-32.538749,152.317688,UOF1801,0,0.8,9,2022,6,29,10,MB,,,,
-32.539213,152.318603,UOF1801,10,1,8,2022,6,29,11,MB,,,,
-32.543123,152.310541,UOF1801,0,1.1,7,2022,6,29,12,MB,,,,
-32.542914,152.310516,UOF1801,0,0.9,8,2022,6,29,13,MB,,,,
-32.542971,152.310668,UOF1801,4,0.8,9,2022,6,29,14,MB,,,,
-32.545533,152.30754,UOF1801,8,0.7,12,2022,6,29,15,MB,,,,
-32.539461,152.3155,UOF1801,49,1.6,6,2022,6,29,16,MB,,,,
-32.542895,152.309143,UOF1801,10,1.3,6,2022,6,29,18,MB,,,,
-32.551172,152.307896,UOF1801,9,1,8,2022,6,29,19,MB,,,,
-32.551052,152.307947,UOF1801,0,1.3,7,2022,6,29,20,MB,,,,
-32.549208,152.307896,UOF1801,13,1.4,7,2022,6,29,21,MB,,,,
-32.538686,152.316925,UOF1801,14,1.4,7,2022,6,29,22,MB,,,,
-32.508969,152.319188,UOF1801,15,1.1,8,2022,6,29,23,MB,,,,
-32.509096,152.319035,UOF1801,0,0.8,11,2022,6,30,0,MB,,,,
-32.509064,152.319035,UOF1801,13,0.8,9,2022,6,30,1,MB,,,,
-32.509128,152.319035,UOF1801,17,1.3,6,2022,6,30,2,MB,,,,
-32.508836,152.319035,UOF1801,42,1.1,7,2022,6,30,3,MB,,,,
-32.509001,152.319086,UOF1801,33,1,8,2022,6,30,4,MB,,,,
-32.508995,152.319086,UOF1801,15,0.9,8,2022,6,30,5,MB,,,,
-32.509026,152.31901,UOF1801,5,0.9,8,2022,6,30,6,MB,,,,
-32.506369,152.323664,UOF1801,63,1.4,6,2022,6,30,7,MB,,,,
-32.482247,152.353012,UOF1801,19,1.4,7,2022,6,30,8,MB,,,,
-32.477625,152.37679,UOF1801,0,1.7,6,2022,6,30,9,MB,,,,
-32.488974,152.399347,UOF1801,15,0.8,10,2022,6,30,10,MB,,,,
-32.50209,152.375925,UOF1801,17,1,8,2022,6,30,11,MB,,,,
-32.525372,152.336227,UOF1801,10,0.8,9,2022,6,30,12,MB,,,,
-32.538787,152.316441,UOF1801,34,1,8,2022,6,30,13,MB,,,,
-32.540841,152.318018,UOF1801,19,0.7,10,2022,6,30,14,MB,,,,
-32.539766,152.3184,UOF1801,12,0.7,11,2022,6,30,15,MB,,,,
-32.541928,152.310414,UOF1801,3,0.9,10,2022,6,30,16,MB,,,,
-32.542138,152.31016,UOF1801,8,0.8,10,2022,6,30,17,MB,,,,
-32.541909,152.310287,UOF1801,5,0.7,10,2022,6,30,18,MB,,,,
-32.542271,152.310109,UOF1801,0,0.8,10,2022,6,30,19,MB,,,,
-32.5425,152.311152,UOF1801,0,1.4,7,2022,6,30,20,MB,,,,
-32.538813,152.317738,UOF1801,17,0.8,10,2022,6,30,21,MB,,,,
-32.5388,152.317789,UOF1801,10,1,9,2022,6,30,22,MB,,,,
-32.549895,152.307769,UOF1801,6,0.8,10,2022,6,30,23,MB,,,,
-32.549939,152.307769,UOF1801,15,0.7,10,2022,7,1,0,MB,,,,
-32.54992,152.307718,UOF1801,8,0.8,10,2022,7,1,1,MB,,,,
-32.549933,152.307769,UOF1801,10,1.2,7,2022,7,1,2,MB,,,,
-32.549901,152.307744,UOF1801,15,0.9,8,2022,7,1,3,MB,,,,
-32.549888,152.307769,UOF1801,0,1.1,7,2022,7,1,4,MB,,,,
-32.549952,152.307718,UOF1801,0,1.2,7,2022,7,1,5,MB,,,,
-32.564289,152.298283,UOF1801,8,0.9,8,2022,7,1,6,MB,,,,
-32.566387,152.298614,UOF1801,20,0.8,11,2022,7,1,7,MB,,,,
-32.559959,152.30192,UOF1801,22,0.7,11,2022,7,1,8,MB,,,,
-32.56001,152.301946,UOF1801,0,0.9,8,2022,7,1,9,MB,,,,
-32.55973,152.301946,UOF1801,13,0.8,9,2022,7,1,10,MB,,,,
-32.560175,152.299962,UOF1801,7,1,8,2022,7,1,11,MB,,,,
-32.561466,152.299758,UOF1801,4,1,7,2022,7,1,12,MB,,,,
-32.549742,152.307515,UOF1801,6,1.5,6,2022,7,1,13,MB,,,,
-32.538787,152.317738,UOF1801,59,0.7,10,2022,7,1,14,MB,,,,
-32.522874,152.322265,UOF1801,13,0.8,9,2022,7,1,15,MB,,,,
-32.503667,152.30782,UOF1801,14,1,8,2022,7,1,16,MB,,,,
-32.508982,152.318883,UOF1801,19,0.9,9,2022,7,1,17,MB,,,,
-32.520846,152.322672,UOF1801,0,0.7,11,2022,7,1,18,MB,,,,
-32.52618,152.322494,UOF1801,16,0.8,9,2022,7,1,19,MB,,,,
-32.526313,152.322367,UOF1801,48,1.6,7,2022,7,1,20,MB,,,,
-32.526154,152.322545,UOF1801,22,0.8,10,2022,7,1,21,MB,,,,
-32.526243,152.322621,UOF1801,5,1,9,2022,7,1,22,MB,,,,
-32.526199,152.322545,UOF1801,0,1,9,2022,7,1,23,MB,,,,
-32.526231,152.322367,UOF1801,40,0.8,10,2022,7,2,0,MB,,,,
-32.526142,152.322443,UOF1801,19,0.8,9,2022,7,2,1,MB,,,,
-32.524368,152.322748,UOF1801,0,1.1,9,2022,7,2,2,MB,,,,
-32.524228,152.32257,UOF1801,5,0.7,11,2022,7,2,3,MB,,,,
-32.526173,152.322494,UOF1801,9,0.9,8,2022,7,2,4,MB,,,,
-32.526161,152.322494,UOF1801,2,0.9,8,2022,7,2,5,MB,,,,
-32.526231,152.322494,UOF1801,8,0.8,9,2022,7,2,6,MB,,,,
-32.528526,152.323206,UOF1801,6,0.8,10,2022,7,2,7,MB,,,,
-32.528526,152.323206,UOF1801,16,0.8,9,2022,7,2,8,MB,,,,
-32.528558,152.323282,UOF1801,8,0.9,8,2022,7,2,9,MB,,,,
-32.528424,152.323181,UOF1801,12,1,6,2022,7,2,10,MB,,,,
-32.529435,152.324503,UOF1801,4,1.3,6,2022,7,2,11,MB,,,,
-32.526097,152.325317,UOF1801,2,0.8,9,2022,7,2,12,MB,,,,
-32.52693,152.324885,UOF1801,12,1,8,2022,7,2,13,MB,,,,
-32.52391,152.322621,UOF1801,19,0.8,9,2022,7,2,14,MB,,,,
-32.52391,152.32257,UOF1801,13,0.7,10,2022,7,2,15,MB,,,,
-32.52391,152.322469,UOF1801,17,1.1,7,2022,7,2,16,MB,,,,
-32.524005,152.322469,UOF1801,0,0.9,9,2022,7,2,17,MB,,,,
-32.524253,152.322494,UOF1801,0,0.9,9,2022,7,2,18,MB,,,,
-32.524241,152.322469,UOF1801,0,1,7,2022,7,2,19,MB,,,,
-32.524018,152.322494,UOF1801,0,1.1,7,2022,7,2,20,MB,,,,
-32.538406,152.317993,UOF1801,5,0.8,10,2022,7,2,21,MB,,,,
-32.538374,152.317942,UOF1801,28,1.1,8,2022,7,2,22,MB,,,,
-32.523929,152.322596,UOF1801,6,0.8,10,2022,7,2,23,MB,,,,
-32.524323,152.322799,UOF1801,0,0.9,10,2022,7,3,0,MB,,,,
-32.524005,152.322901,UOF1801,0,0.9,9,2022,7,3,1,MB,,,,
-32.524323,152.322901,UOF1801,25,1.2,7,2022,7,3,2,MB,,,,
-32.524209,152.323003,UOF1801,24,1,8,2022,7,3,3,MB,,,,
-32.524368,152.322825,UOF1801,0,1.1,7,2022,7,3,4,MB,,,,
-32.523923,152.322825,UOF1801,15,0.8,9,2022,7,3,5,MB,,,,
-32.52426,152.322875,UOF1801,1,1,8,2022,7,3,6,MB,,,,
-32.549831,152.30721,UOF1801,10,1.1,7,2022,7,3,7,MB,,,,
-32.588493,152.279184,UOF1801,14,0.8,10,2022,7,3,8,MB,,,,
-32.592982,152.272496,UOF1801,5,0.8,9,2022,7,3,9,MB,,,,
-32.592905,152.272547,UOF1801,19,0.8,9,2022,7,3,10,MB,,,,
-32.586172,152.28806,UOF1801,18,0.8,10,2022,7,3,11,MB,,,,
-32.549316,152.307032,UOF1801,3,0.8,9,2022,7,3,12,MB,,,,
-32.530185,152.322291,UOF1801,16,0.9,9,2022,7,3,13,MB,,,,
-32.512809,152.326817,UOF1801,0,0.7,10,2022,7,3,14,MB,,,,
-32.512701,152.326868,UOF1801,29,0.8,10,2022,7,3,15,MB,,,,
-32.512682,152.326766,UOF1801,10,1,8,2022,7,3,16,MB,,,,
-32.512784,152.326792,UOF1801,22,1,9,2022,7,3,17,MB,,,,
-32.51279,152.326766,UOF1801,10,0.9,9,2022,7,3,18,MB,,,,
-32.523974,152.322647,UOF1801,0,0.8,10,2022,7,3,19,MB,,,,
-32.524247,152.322825,UOF1801,20,1.1,8,2022,7,3,20,MB,,,,
-32.524311,152.32285,UOF1801,11,0.8,10,2022,7,3,21,MB,,,,
-32.524113,152.323104,UOF1801,60,1.3,8,2022,7,3,22,MB,,,,
-32.524222,152.322825,UOF1801,0,0.8,10,2022,7,3,23,MB,,,,
-32.524304,152.322748,UOF1801,0,0.7,11,2022,7,4,0,MB,,,,
-32.524234,152.322875,UOF1801,6,1.1,8,2022,7,4,1,MB,,,,
-32.539442,152.315551,UOF1801,16,1,9,2022,7,4,2,MB,,,,
-32.544827,152.307083,UOF1801,4,0.8,9,2022,7,4,3,MB,,,,
-32.544802,152.307032,UOF1801,0,0.9,8,2022,7,4,4,MB,,,,
-32.544675,152.307083,UOF1801,12,0.8,10,2022,7,4,5,MB,,,,
-32.544204,152.30543,UOF1801,24,1,8,2022,7,4,6,MB,,,,
-32.542564,152.293731,UOF1801,22,1,9,2022,7,4,7,MB,,,,
-32.511029,152.344772,UOF1801,39,1.4,6,2022,7,4,8,MB,,,,
-32.523955,152.322621,UOF1801,14,0.9,7,2022,7,4,9,MB,,,,
-32.5005,152.332031,UOF1801,46,0.9,8,2022,7,4,10,MB,,,,
-32.496679,152.333684,UOF1801,3,0.9,8,2022,7,4,11,MB,,,,
-32.496164,152.335947,UOF1801,14,0.8,9,2022,7,4,12,MB,,,,
-32.492979,152.335617,UOF1801,19,1,8,2022,7,4,13,MB,,,,
-32.491943,152.336939,UOF1801,45,0.7,11,2022,7,4,14,MB,,,,
-32.491987,152.336812,UOF1801,10,0.8,10,2022,7,4,15,MB,,,,
-32.492083,152.336837,UOF1801,66,1,9,2022,7,4,16,MB,,,,
-32.490907,152.338821,UOF1801,17,0.9,8,2022,7,4,17,MB,,,,
-32.490862,152.338796,UOF1801,28,0.7,11,2022,7,4,18,MB,,,,
-32.490894,152.338821,UOF1801,0,1,7,2022,7,4,19,MB,,,,
-32.490945,152.338872,UOF1801,21,1.1,8,2022,7,4,20,MB,,,,
-32.490881,152.338821,UOF1801,29,0.8,10,2022,7,4,21,MB,,,,
-32.490868,152.338796,UOF1801,0,0.9,10,2022,7,4,22,MB,,,,
-32.509281,152.319417,UOF1801,24,0.7,11,2022,7,4,23,MB,,,,
-32.523935,152.322774,UOF1801,9,0.8,10,2022,7,5,0,MB,,,,
-32.523955,152.32257,UOF1801,8,0.8,9,2022,7,5,1,MB,,,,
-32.525722,152.322367,UOF1801,13,0.9,9,2022,7,5,2,MB,,,,
-32.525652,152.322392,UOF1801,30,0.8,10,2022,7,5,3,MB,,,,
-32.525658,152.322341,UOF1801,13,0.9,8,2022,7,5,4,MB,,,,
-32.525747,152.322341,UOF1801,4,0.9,8,2022,7,5,5,MB,,,,
-32.525722,152.322494,UOF1801,15,1,8,2022,7,5,6,MB,,,,
-32.492966,152.33643,UOF1801,15,1.2,8,2022,7,5,7,MB,,,,
-32.467688,152.38447,UOF1801,17,1,8,2022,7,5,8,MB,,,,
-32.466963,152.388488,UOF1801,0,0.8,9,2022,7,5,9,MB,,,,
-32.483798,152.382181,UOF1801,29,0.9,8,2022,7,5,10,MB,,,,
-32.505708,152.338465,UOF1801,0,0.9,9,2022,7,5,11,MB,,,,
-32.510304,152.329233,UOF1801,7,0.8,9,2022,7,5,12,MB,,,,
-32.507507,152.331929,UOF1801,16,0.9,8,2022,7,5,13,MB,,,,
-32.504417,152.330861,UOF1801,33,0.9,9,2022,7,5,14,MB,,,,
-32.506725,152.339253,UOF1801,10,0.7,11,2022,7,5,15,MB,,,,
-32.506776,152.339202,UOF1801,25,1.1,8,2022,7,5,16,MB,,,,
-32.510501,152.332565,UOF1801,21,0.9,8,2022,7,5,17,MB,,,,
-32.510279,152.327682,UOF1801,24,0.7,11,2022,7,5,18,MB,,,,
-32.510419,152.327657,UOF1801,39,1,8,2022,7,5,19,MB,,,,
-32.510381,152.327631,UOF1801,23,0.8,9,2022,7,5,20,MB,,,,
-32.510272,152.327707,UOF1801,41,0.8,10,2022,7,5,21,MB,,,,
-32.519777,152.322494,UOF1801,1,1,9,2022,7,5,22,MB,,,,
-32.524272,152.322952,UOF1801,12,0.7,12,2022,7,5,23,MB,,,,
-32.524272,152.322875,UOF1801,0,1,8,2022,7,6,0,MB,,,,
-32.523904,152.32313,UOF1801,0,2.1,5,2022,7,6,1,MB,,,,
-32.52426,152.32285,UOF1801,31,1.1,7,2022,7,6,2,MB,,,,
-32.524107,152.323003,UOF1801,63,0.8,9,2022,7,6,3,MB,,,,
-32.524203,152.322926,UOF1801,9,1,8,2022,7,6,4,MB,,,,
-32.524215,152.322901,UOF1801,5,0.9,9,2022,7,6,5,MB,,,,
-32.538762,152.317738,UOF1801,13,0.9,9,2022,7,6,6,MB,,,,
-32.543829,152.306142,UOF1801,22,0.9,9,2022,7,6,7,MB,,,,
-32.506668,152.316136,UOF1801,16,0.8,9,2022,7,6,8,MB,,,,
-32.504442,152.320739,UOF1801,0,0.9,8,2022,7,6,9,MB,,,,
-32.499076,152.319366,UOF1801,27,0.9,9,2022,7,6,10,MB,,,,
-32.502503,152.305811,UOF1801,13,1.1,7,2022,7,6,11,MB,,,,
-32.490754,152.306752,UOF1801,18,0.8,9,2022,7,6,12,MB,,,,
-32.478204,152.295206,UOF1801,56,1.2,7,2022,7,6,13,MB,,,,
-32.470479,152.293248,UOF1801,48,0.8,10,2022,7,6,14,MB,,,,
-32.469563,152.293146,UOF1801,0,0.9,9,2022,7,6,15,MB,,,,
-32.490036,152.306752,UOF1801,9,1,9,2022,7,6,16,MB,,,,
-32.502827,152.31578,UOF1801,24,0.9,9,2022,7,6,17,MB,,,,
-32.510094,152.319544,UOF1801,11,1,8,2022,7,6,18,MB,,,,
-32.511856,152.324529,UOF1801,18,0.9,9,2022,7,6,19,MB,,,,
-32.511926,152.324554,UOF1801,32,1.1,8,2022,7,6,20,MB,,,,
-32.511862,152.324452,UOF1801,47,1.2,7,2022,7,6,21,MB,,,,
-32.511817,152.32435,UOF1801,0,1.3,7,2022,7,6,22,MB,,,,
-32.511932,152.324529,UOF1801,10,1,9,2022,7,6,23,MB,,,,
-32.511951,152.324503,UOF1801,30,0.8,10,2022,7,7,0,MB,,,,
-32.511906,152.324478,UOF1801,40,1.1,8,2022,7,7,1,MB,,,,
-32.512148,152.324554,UOF1801,0,0.8,10,2022,7,7,2,MB,,,,
-32.511728,152.325012,UOF1801,90,0.8,8,2022,7,7,3,MB,,,,
-32.511811,152.324808,UOF1801,0,1.2,6,2022,7,7,4,MB,,,,
-32.51197,152.324452,UOF1801,22,0.9,8,2022,7,7,5,MB,,,,
-32.511913,152.324427,UOF1801,7,1.1,7,2022,7,7,6,MB,,,,
-32.517082,152.322672,UOF1801,25,0.8,10,2022,7,7,7,MB,,,,
-32.503571,152.318094,UOF1801,33,0.8,9,2022,7,7,8,MB,,,,
-32.502726,152.317204,UOF1801,28,0.8,9,2022,7,7,9,MB,,,,
-32.499674,152.316747,UOF1801,0,1.1,7,2022,7,7,10,MB,,,,
-32.502204,152.314025,UOF1801,0,1.1,6,2022,7,7,11,MB,,,,
-32.498689,152.304896,UOF1801,0,0.9,8,2022,7,7,13,MB,,,,
-32.481529,152.302302,UOF1801,0,0.9,8,2022,7,7,14,MB,,,,
-32.479462,152.298589,UOF1801,0,0.9,9,2022,7,7,15,MB,,,,
-32.479151,152.296147,UOF1801,9,1,9,2022,7,7,16,MB,,,,
-32.479119,152.295689,UOF1801,0,1.1,7,2022,7,7,17,MB,,,,
-32.479043,152.296452,UOF1801,104,0.8,9,2022,7,7,18,MB,,,,
-32.479469,152.295588,UOF1801,51,1,8,2022,7,7,19,MB,,,,
-32.479348,152.295893,UOF1801,18,0.8,10,2022,7,7,20,MB,,,,
-32.479145,152.295817,UOF1801,35,0.9,9,2022,7,7,21,MB,,,,
-32.479094,152.295817,UOF1801,0,1.3,7,2022,7,7,22,MB,,,,
-32.479227,152.295893,UOF1801,21,0.8,10,2022,7,7,23,MB,,,,
-32.479221,152.295867,UOF1801,12,0.8,10,2022,7,8,0,MB,,,,
-32.479132,152.295842,UOF1801,0,1.3,7,2022,7,8,1,MB,,,,
-32.479164,152.295867,UOF1801,0,0.9,9,2022,7,8,2,MB,,,,
-32.47917,152.295893,UOF1801,7,0.9,8,2022,7,8,3,MB,,,,
-32.479183,152.295842,UOF1801,0,1,8,2022,7,8,4,MB,,,,
-32.49839,152.307286,UOF1801,41,0.7,11,2022,7,8,5,MB,,,,
-32.521628,152.323104,UOF1801,49,0.8,10,2022,7,8,6,MB,,,,
-32.556532,152.300496,UOF1801,43,0.9,9,2022,7,8,7,MB,,,,
-32.561873,152.300827,UOF1801,11,0.8,9,2022,7,8,8,MB,,,,
-32.595156,152.256805,UOF1801,11,1,9,2022,7,8,9,MB,,,,
-32.589281,152.268681,UOF1801,8,1.3,7,2022,7,8,10,MB,,,,
-32.570106,152.294214,UOF1801,18,0.8,9,2022,7,8,11,MB,,,,
-32.564651,152.297215,UOF1801,2,0.7,10,2022,7,8,12,MB,,,,
-32.564619,152.297342,UOF1801,17,0.9,8,2022,7,8,13,MB,,,,
-32.559622,152.302276,UOF1801,13,0.8,9,2022,7,8,14,MB,,,,
-32.549386,152.307846,UOF1801,3,0.7,11,2022,7,8,15,MB,,,,
-32.549233,152.308049,UOF1801,16,1.1,8,2022,7,8,16,MB,,,,
-32.54929,152.3081,UOF1801,11,0.8,9,2022,7,8,17,MB,,,,
-32.543155,152.310109,UOF1801,15,0.8,11,2022,7,8,18,MB,,,,
-32.542926,152.310668,UOF1801,0,1.1,7,2022,7,8,19,MB,,,,
-32.549252,152.307922,UOF1801,4,0.8,10,2022,7,8,20,MB,,,,
-32.549799,152.30838,UOF1801,19,0.8,10,2022,7,8,21,MB,,,,
-32.550003,152.307566,UOF1801,0,1.1,8,2022,7,8,22,MB,,,,
-32.55013,152.307566,UOF1801,5,0.9,10,2022,7,8,23,MB,,,,
-32.550104,152.307591,UOF1801,13,0.8,9,2022,7,9,0,MB,,,,
-32.550168,152.307566,UOF1801,13,0.8,10,2022,7,9,1,MB,,,,
-32.550162,152.307591,UOF1801,19,0.9,9,2022,7,9,2,MB,,,,
-32.550111,152.30754,UOF1801,10,0.9,9,2022,7,9,3,MB,,,,
-32.550047,152.307566,UOF1801,12,1,8,2022,7,9,4,MB,,,,
-32.549984,152.307617,UOF1801,18,0.9,8,2022,7,9,5,MB,,,,
-32.546677,152.308303,UOF1801,10,0.8,10,2022,7,9,6,MB,,,,
-32.51129,152.326766,UOF1801,19,1,9,2022,7,9,7,MB,,,,
-32.507392,152.329182,UOF1801,30,0.9,9,2022,7,9,8,MB,,,,
-32.504055,152.333073,UOF1801,17,1,8,2022,7,9,9,MB,,,,
-32.512428,152.322392,UOF1801,106,1.3,5,2022,7,9,11,MB,,,,
-32.512523,152.322443,UOF1801,4,1.2,6,2022,7,9,12,MB,,,,
-32.503457,152.316925,UOF1801,2,1.9,5,2022,7,9,13,MB,,,,
-32.501073,152.314788,UOF1801,31,1.3,6,2022,7,9,14,MB,,,,
-32.498135,152.305302,UOF1801,25,1.6,5,2022,7,9,15,MB,,,,
-32.502173,152.307896,UOF1801,22,1.8,5,2022,7,9,16,MB,,,,
-32.537942,152.318222,UOF1801,7,1.6,5,2022,7,9,17,MB,,,,
-32.549818,152.308914,UOF1801,8,1.4,6,2022,7,9,18,MB,,,,
-32.549647,152.308634,UOF1801,6,1,9,2022,7,9,19,MB,,,,
-32.549799,152.307744,UOF1801,9,1.4,7,2022,7,9,20,MB,,,,
-32.549901,152.307286,UOF1801,9,1.6,7,2022,7,9,21,MB,,,,
-32.549074,152.307464,UOF1801,0,1.3,7,2022,7,9,22,MB,,,,
-32.549074,152.307515,UOF1801,0,1.1,8,2022,7,9,23,MB,,,,
-32.549113,152.307439,UOF1801,3,0.9,8,2022,7,10,0,MB,,,,
-32.54903,152.307515,UOF1801,0,1,9,2022,7,10,1,MB,,,,
-32.549475,152.30749,UOF1801,2,0.9,9,2022,7,10,2,MB,,,,
-32.549144,152.307464,UOF1801,0,0.9,8,2022,7,10,3,MB,,,,
-32.549081,152.30749,UOF1801,3,1.2,6,2022,7,10,4,MB,,,,
-32.549138,152.30749,UOF1801,0,0.8,9,2022,7,10,5,MB,,,,
-32.549106,152.307388,UOF1801,16,1.1,7,2022,7,10,6,MB,,,,
-32.561059,152.30131,UOF1801,13,0.8,10,2022,7,10,7,MB,,,,
-32.559253,152.302454,UOF1801,3,0.8,9,2022,7,10,8,MB,,,,
-32.549659,152.307718,UOF1801,0,0.8,9,2022,7,10,9,MB,,,,
-32.549125,152.307413,UOF1801,0,1.2,7,2022,7,10,10,MB,,,,
-32.539073,152.317815,UOF1801,12,0.8,9,2022,7,10,11,MB,,,,
-32.539449,152.317815,UOF1801,13,0.7,10,2022,7,10,12,MB,,,,
-32.517997,152.322163,UOF1801,12,0.9,9,2022,7,10,13,MB,,,,
-32.503457,152.321502,UOF1801,26,0.8,10,2022,7,10,14,MB,,,,
-32.501168,152.323537,UOF1801,6,0.8,10,2022,7,10,15,MB,,,,
-32.501416,152.32463,UOF1801,0,0.8,10,2022,7,10,16,MB,,,,
-32.503298,152.318832,UOF1801,0,0.9,9,2022,7,10,17,MB,,,,
-32.503145,152.318985,UOF1801,31,0.8,10,2022,7,10,18,MB,,,,
-32.503241,152.318857,UOF1801,6,0.9,9,2022,7,10,19,MB,,,,
-32.503222,152.318883,UOF1801,9,0.8,10,2022,7,10,20,MB,,,,
-32.503171,152.318908,UOF1801,28,1.2,8,2022,7,10,21,MB,,,,
-32.503158,152.318959,UOF1801,0,1,9,2022,7,10,22,MB,,,,
-32.503234,152.318908,UOF1801,2,0.7,11,2022,7,10,23,MB,,,,
-32.503171,152.318857,UOF1801,20,0.8,9,2022,7,11,0,MB,,,,
-32.503209,152.318908,UOF1801,28,1.1,8,2022,7,11,1,MB,,,,
-32.503253,152.318908,UOF1801,9,0.7,10,2022,7,11,2,MB,,,,
-32.503292,152.318908,UOF1801,21,1,8,2022,7,11,3,MB,,,,
-32.503177,152.318934,UOF1801,10,0.7,10,2022,7,11,4,MB,,,,
-32.503196,152.318908,UOF1801,12,0.8,9,2022,7,11,5,MB,,,,
-32.503533,152.318196,UOF1801,9,1,8,2022,7,11,6,MB,,,,
-32.509109,152.320587,UOF1801,37,0.9,9,2022,7,11,7,MB,,,,
-32.514659,152.322825,UOF1801,0,1,8,2022,7,11,8,MB,,,,
-32.49556,152.335057,UOF1801,0,0.8,9,2022,7,11,9,MB,,,,
-32.496241,152.338974,UOF1801,1242,1.7,6,2022,7,11,10,MB,,,,
-32.465431,152.380071,UOF1801,0,0.8,8,2022,7,11,11,MB,,,,
-32.461845,152.384699,UOF1801,26,0.8,9,2022,7,11,12,MB,,,,
-32.475514,152.410156,UOF1801,0,0.9,8,2022,7,11,13,MB,,,,
-32.497105,152.370254,UOF1801,0,0.9,9,2022,7,11,15,MB,,,,
-32.497315,152.371704,UOF1801,2,1,9,2022,7,11,16,MB,,,,
-32.511245,152.358835,UOF1801,9,0.7,11,2022,7,11,17,MB,,,,
-32.520884,152.333073,UOF1801,19,0.7,11,2022,7,11,18,MB,,,,
-32.528532,152.32402,UOF1801,5,0.8,10,2022,7,11,19,MB,,,,
-32.528697,152.32402,UOF1801,0,0.9,8,2022,7,11,20,MB,,,,
-32.528837,152.323842,UOF1801,4,0.9,9,2022,7,11,21,MB,,,,
-32.528742,152.324071,UOF1801,28,1,9,2022,7,11,22,MB,,,,
-32.528685,152.323994,UOF1801,0,0.9,10,2022,7,11,23,MB,,,,
-32.528748,152.323893,UOF1801,6,0.8,9,2022,7,12,0,MB,,,,
-32.528774,152.3243,UOF1801,12,1.2,8,2022,7,12,1,MB,,,,
-32.528596,152.324274,UOF1801,0,0.8,10,2022,7,12,2,MB,,,,
-32.528729,152.32402,UOF1801,0,0.8,10,2022,7,12,3,MB,,,,
-32.528704,152.324122,UOF1801,16,0.9,9,2022,7,12,4,MB,,,,
-32.528577,152.324096,UOF1801,14,1,8,2022,7,12,5,MB,,,,
-32.528678,152.324147,UOF1801,48,1.1,6,2022,7,12,6,MB,,,,
-32.547523,152.307871,UOF1801,12,0.8,10,2022,7,12,7,MB,,,,
-32.550111,152.307566,UOF1801,0,0.8,9,2022,7,12,8,MB,,,,
-32.550034,152.307464,UOF1801,14,0.8,9,2022,7,12,9,MB,,,,
-32.549716,152.307566,UOF1801,15,1,8,2022,7,12,10,MB,,,,
-32.549774,152.307286,UOF1801,6,0.8,9,2022,7,12,11,MB,,,,
-32.54985,152.307515,UOF1801,2,0.8,9,2022,7,12,12,MB,,,,
-32.54964,152.307464,UOF1801,5,1.1,8,2022,7,12,13,MB,,,,
-32.549786,152.307718,UOF1801,1,0.7,11,2022,7,12,14,MB,,,,
-32.549589,152.307515,UOF1801,0,0.8,10,2022,7,12,15,MB,,,,
-32.551446,152.308303,UOF1801,2,0.8,10,2022,7,12,16,MB,,,,
-32.561122,152.301259,UOF1801,7,0.8,10,2022,7,12,17,MB,,,,
-32.549214,152.307464,UOF1801,22,0.8,10,2022,7,12,18,MB,,,,
-32.549589,152.307337,UOF1801,7,0.9,9,2022,7,12,19,MB,,,,
-32.550104,152.307362,UOF1801,13,1,8,2022,7,12,20,MB,,,,
-32.549138,152.307413,UOF1801,6,0.9,9,2022,7,12,21,MB,,,,
-32.54985,152.307464,UOF1801,0,1.1,8,2022,7,12,22,MB,,,,
-32.549856,152.307439,UOF1801,0,0.8,10,2022,7,12,23,MB,,,,
-32.545177,152.309321,UOF1801,15,0.8,10,2022,7,13,0,MB,,,,
-32.543003,152.310745,UOF1801,0,1.1,8,2022,7,13,1,MB,,,,
-32.543028,152.310643,UOF1801,7,0.9,9,2022,7,13,2,MB,,,,
-32.542977,152.310668,UOF1801,0,0.9,9,2022,7,13,3,MB,,,,
-32.542926,152.310745,UOF1801,0,0.7,10,2022,7,13,4,MB,,,,
-32.543403,152.310287,UOF1801,3,0.8,9,2022,7,13,5,MB,,,,
-32.549093,152.308074,UOF1801,9,1,8,2022,7,13,6,MB,,,,
-32.544033,152.306167,UOF1801,10,0.8,10,2022,7,13,7,MB,,,,
-32.529492,152.322977,UOF1801,13,0.9,8,2022,7,13,8,MB,,,,
-32.513699,152.328648,UOF1801,2,0.8,10,2022,7,13,9,MB,,,,
-32.514882,152.325851,UOF1801,0,1.3,6,2022,7,13,10,MB,,,,
-32.514888,152.325775,UOF1801,19,0.8,9,2022,7,13,11,MB,,,,
-32.515015,152.325902,UOF1801,7,1.3,6,2022,7,13,12,MB,,,,
-32.514812,152.325673,UOF1801,27,0.9,8,2022,7,13,13,MB,,,,
-32.541127,152.313364,UOF1801,33,0.8,9,2022,7,13,14,MB,,,,
-32.548477,152.308329,UOF1801,0,0.9,9,2022,7,13,15,MB,,,,
-32.549685,152.30721,UOF1801,0,0.8,10,2022,7,13,16,MB,,,,
-32.548534,152.308024,UOF1801,6,0.7,11,2022,7,13,17,MB,,,,
-32.548547,152.307896,UOF1801,0,0.8,10,2022,7,13,18,MB,,,,
-32.544185,152.310084,UOF1801,0,0.9,9,2022,7,13,19,MB,,,,
-32.543003,152.310694,UOF1801,19,0.9,9,2022,7,13,20,MB,,,,
-32.543015,152.31077,UOF1801,0,1,9,2022,7,13,21,MB,,,,
-32.542952,152.310643,UOF1801,0,1.1,8,2022,7,13,22,MB,,,,
-32.542971,152.310745,UOF1801,10,0.7,11,2022,7,13,23,MB,,,,
-32.543053,152.310719,UOF1801,11,0.8,10,2022,7,14,0,MB,,,,
-32.543028,152.310719,UOF1801,63,0.9,9,2022,7,14,1,MB,,,,
-32.54292,152.310694,UOF1801,19,0.8,10,2022,7,14,2,MB,,,,
-32.54299,152.310897,UOF1801,22,1.1,7,2022,7,14,3,MB,,,,
-32.542933,152.310745,UOF1801,7,0.9,9,2022,7,14,4,MB,,,,
-32.543041,152.310643,UOF1801,0,0.8,9,2022,7,14,5,MB,,,,
-32.549786,152.30749,UOF1801,8,1.1,7,2022,7,14,6,MB,,,,
-32.549411,152.307744,UOF1801,9,1.1,7,2022,7,14,7,MB,,,,
-32.523694,152.322875,UOF1801,0,0.8,9,2022,7,14,8,MB,,,,
-32.50778,152.325037,UOF1801,60,0.8,9,2022,7,14,9,MB,,,,
-32.505218,152.319976,UOF1801,1,1.2,6,2022,7,14,10,MB,,,,
-32.503794,152.322723,UOF1801,0,0.9,8,2022,7,14,11,MB,,,,
-32.500195,152.321172,UOF1801,141,1.5,6,2022,7,14,12,MB,,,,
-32.497512,152.313034,UOF1801,0,1.1,7,2022,7,14,13,MB,,,,
-32.499019,152.312296,UOF1801,20,0.7,11,2022,7,14,14,MB,,,,
-32.501995,152.313008,UOF1801,13,1.1,9,2022,7,14,15,MB,,,,
-32.505173,152.316797,UOF1801,15,0.8,10,2022,7,14,16,MB,,,,
-32.513343,152.32608,UOF1801,7,0.7,11,2022,7,14,17,MB,,,,
-32.510787,152.326614,UOF1801,14,0.9,8,2022,7,14,18,MB,,,,
-32.510908,152.326639,UOF1801,56,1,8,2022,7,14,19,MB,,,,
-32.510775,152.326665,UOF1801,24,0.9,9,2022,7,14,20,MB,,,,
-32.510819,152.326232,UOF1801,0,1,8,2022,7,14,21,MB,,,,
-32.510807,152.326588,UOF1801,32,1.1,8,2022,7,14,22,MB,,,,
-32.510787,152.326792,UOF1801,27,0.9,9,2022,7,14,23,MB,,,,
-32.5108,152.32641,UOF1801,13,0.8,9,2022,7,15,0,MB,,,,
-32.510756,152.326614,UOF1801,20,1.1,9,2022,7,15,1,MB,,,,
-32.511035,152.326538,UOF1801,0,1.2,6,2022,7,15,2,MB,,,,
-32.517724,152.322265,UOF1801,0,0.9,9,2022,7,15,3,MB,,,,
-32.549831,152.30754,UOF1801,1,0.8,9,2022,7,15,4,MB,,,,
-32.550371,152.308151,UOF1801,17,0.9,8,2022,7,15,5,MB,,,,
-32.550365,152.308202,UOF1801,16,1.1,6,2022,7,15,6,MB,,,,
-32.549062,152.307464,UOF1801,0,1.1,7,2022,7,15,7,MB,,,,
-32.56027,152.300699,UOF1801,18,0.8,9,2022,7,15,8,MB,,,,
-32.564556,152.297241,UOF1801,0,0.8,9,2022,7,15,9,MB,,,,
-32.549545,152.307769,UOF1801,22,1,8,2022,7,15,10,MB,,,,
-32.549774,152.307312,UOF1801,6,0.8,9,2022,7,15,11,MB,,,,
-32.550009,152.30749,UOF1801,11,0.9,9,2022,7,15,12,MB,,,,
-32.550072,152.307566,UOF1801,10,1,8,2022,7,15,13,MB,,,,
-32.549481,152.307973,UOF1801,0,0.7,11,2022,7,15,14,MB,,,,
-32.546989,152.308024,UOF1801,0,0.9,10,2022,7,15,15,MB,,,,
-32.53091,152.32224,UOF1801,17,0.9,9,2022,7,15,16,MB,,,,
-32.505612,152.321858,UOF1801,17,0.8,9,2022,7,15,17,MB,,,,
-32.505218,152.321273,UOF1801,0,0.8,10,2022,7,15,18,MB,,,,
-32.503317,152.309626,UOF1801,0,1.4,7,2022,7,15,19,MB,,,,
-32.504093,152.312372,UOF1801,36,1,8,2022,7,15,20,MB,,,,
-32.513172,152.321858,UOF1801,0,0.9,9,2022,7,15,21,MB,,,,
-32.512142,152.323155,UOF1801,21,1,9,2022,7,15,22,MB,,,,
-32.51265,152.32135,UOF1801,1,0.7,11,2022,7,15,23,MB,,,,
-32.512644,152.321451,UOF1801,15,0.8,10,2022,7,16,0,MB,,,,
-32.512669,152.321451,UOF1801,9,0.9,10,2022,7,16,1,MB,,,,
-32.512631,152.321451,UOF1801,4,0.8,9,2022,7,16,2,MB,,,,
-32.512619,152.321375,UOF1801,13,0.8,9,2022,7,16,3,MB,,,,
-32.512561,152.321502,UOF1801,5,0.8,9,2022,7,16,4,MB,,,,
-32.512593,152.321477,UOF1801,10,1,8,2022,7,16,5,MB,,,,
-32.512612,152.321451,UOF1801,15,0.9,10,2022,7,16,6,MB,,,,
-32.513261,152.32224,UOF1801,22,0.9,10,2022,7,16,7,MB,,,,
-32.509618,152.329081,UOF1801,0,0.8,9,2022,7,16,8,MB,,,,
-32.505332,152.330149,UOF1801,1,1.4,7,2022,7,16,9,MB,,,,
-32.505212,152.330174,UOF1801,14,1,8,2022,7,16,10,MB,,,,
-32.50518,152.330047,UOF1801,16,0.7,10,2022,7,16,11,MB,,,,
-32.505224,152.330174,UOF1801,14,0.9,9,2022,7,16,12,MB,,,,
-32.505142,152.330123,UOF1801,19,0.7,10,2022,7,16,13,MB,,,,
-32.505135,152.330251,UOF1801,16,0.8,10,2022,7,16,14,MB,,,,
-32.499178,152.333175,UOF1801,14,1.2,8,2022,7,16,15,MB,,,,
-32.487645,152.345153,UOF1801,16,0.7,10,2022,7,16,16,MB,,,,
-32.482826,152.351104,UOF1801,2,0.7,9,2022,7,16,17,MB,,,,
-32.475126,152.369669,UOF1801,3,0.8,8,2022,7,16,18,MB,,,,
-32.475114,152.369618,UOF1801,22,1.1,7,2022,7,16,19,MB,,,,
-32.484714,152.378494,UOF1801,15,0.9,9,2022,7,16,20,MB,,,,
-32.496323,152.352757,UOF1801,0,0.9,10,2022,7,16,21,MB,,,,
-32.496705,152.3523,UOF1801,22,0.8,10,2022,7,16,22,MB,,,,
-32.496673,152.35235,UOF1801,4,0.7,11,2022,7,16,23,MB,,,,
-32.49661,152.35235,UOF1801,8,0.8,10,2022,7,17,0,MB,,,,
-32.496654,152.352325,UOF1801,9,1,9,2022,7,17,1,MB,,,,
-32.496603,152.352274,UOF1801,8,0.7,11,2022,7,17,2,MB,,,,
-32.496622,152.352325,UOF1801,0,0.9,9,2022,7,17,3,MB,,,,
-32.496686,152.3523,UOF1801,8,0.8,10,2022,7,17,4,MB,,,,
-32.505409,152.341161,UOF1801,18,0.8,9,2022,7,17,5,MB,,,,
-32.516878,152.322825,UOF1801,24,0.9,9,2022,7,17,6,MB,,,,
-32.512154,152.320612,UOF1801,8,1.3,8,2022,7,17,7,MB,,,,
-32.512688,152.321146,UOF1801,0,0.8,9,2022,7,17,8,MB,,,,
-32.512593,152.321451,UOF1801,18,0.8,9,2022,7,17,9,MB,,,,
-32.512631,152.321324,UOF1801,9,1,8,2022,7,17,10,MB,,,,
-32.512078,152.320612,UOF1801,3,0.7,10,2022,7,17,11,MB,,,,
-32.512479,152.321044,UOF1801,0,1,8,2022,7,17,12,MB,,,,
-32.51265,152.321044,UOF1801,0,1.1,7,2022,7,17,13,MB,,,,
-32.512549,152.32107,UOF1801,3,0.7,11,2022,7,17,14,MB,,,,
-32.515772,152.322901,UOF1801,16,1,9,2022,7,17,15,MB,,,,
-32.501937,152.317815,UOF1801,17,1,9,2022,7,17,16,MB,,,,
-32.501651,152.308405,UOF1801,3,0.8,9,2022,7,17,17,MB,,,,
-32.526485,152.322952,UOF1801,0,1.1,8,2022,7,17,18,MB,,,,
-32.543791,152.306752,UOF1801,0,0.9,9,2022,7,17,19,MB,,,,
-32.543874,152.306727,UOF1801,16,0.8,10,2022,7,17,20,MB,,,,
-32.543912,152.306777,UOF1801,0,0.9,10,2022,7,17,21,MB,,,,
-32.543944,152.306752,UOF1801,9,1,9,2022,7,17,22,MB,,,,
-32.54388,152.306905,UOF1801,21,0.9,10,2022,7,17,23,MB,,,,
-32.543899,152.306803,UOF1801,11,0.9,9,2022,7,18,0,MB,,,,
-32.543867,152.306777,UOF1801,15,1.1,8,2022,7,18,1,MB,,,,
-32.543867,152.306777,UOF1801,11,0.8,10,2022,7,18,2,MB,,,,
-32.549132,152.307439,UOF1801,0,0.9,8,2022,7,18,3,MB,,,,
-32.549119,152.307388,UOF1801,20,0.8,10,2022,7,18,4,MB,,,,
-32.549017,152.307439,UOF1801,37,0.9,8,2022,7,18,5,MB,,,,
-32.549043,152.306854,UOF1801,10,1,9,2022,7,18,6,MB,,,,
-32.554828,152.301539,UOF1801,23,0.9,9,2022,7,18,7,MB,,,,
-32.543912,152.306828,UOF1801,0,0.9,8,2022,7,18,8,MB,,,,
-32.557511,152.301691,UOF1801,33,0.9,8,2022,7,18,9,MB,,,,
-32.561669,152.300852,UOF1801,5,0.9,8,2022,7,18,10,MB,,,,
-32.560201,152.300699,UOF1801,9,0.8,9,2022,7,18,11,MB,,,,
-32.562604,152.299657,UOF1801,10,1,8,2022,7,18,12,MB,,,,
-32.562661,152.299682,UOF1801,13,1.1,7,2022,7,18,13,MB,,,,
-32.562527,152.299733,UOF1801,0,0.9,8,2022,7,18,14,MB,,,,
-32.564339,152.299046,UOF1801,0,0.9,9,2022,7,18,15,MB,,,,
-32.590489,152.272547,UOF1801,0,1,8,2022,7,18,16,MB,,,,
-32.566972,152.295384,UOF1801,0,0.8,9,2022,7,18,17,MB,,,,
-32.52714,152.322952,UOF1801,0,0.9,9,2022,7,18,18,MB,,,,
-32.512955,152.321553,UOF1801,4,0.9,9,2022,7,18,19,MB,,,,
-32.512638,152.32135,UOF1801,23,0.8,10,2022,7,18,20,MB,,,,
-32.512714,152.32135,UOF1801,33,0.9,10,2022,7,18,21,MB,,,,
-32.512669,152.321375,UOF1801,1,0.9,9,2022,7,18,22,MB,,,,
-32.512701,152.321375,UOF1801,0,0.7,11,2022,7,18,23,MB,,,,
-32.512676,152.321477,UOF1801,10,1.1,8,2022,7,19,0,MB,,,,
-32.51272,152.3214,UOF1801,5,0.8,10,2022,7,19,1,MB,,,,
-32.512612,152.321502,UOF1801,17,0.7,11,2022,7,19,2,MB,,,,
-32.512593,152.3214,UOF1801,0,0.9,8,2022,7,19,3,MB,,,,
-32.512701,152.3214,UOF1801,4,0.8,10,2022,7,19,4,MB,,,,
-32.512644,152.327173,UOF1801,8,0.8,9,2022,7,19,5,MB,,,,
-32.512669,152.327199,UOF1801,20,1.2,8,2022,7,19,6,MB,,,,
-32.512625,152.327224,UOF1801,12,0.9,9,2022,7,19,7,MB,,,,
-32.512695,152.327173,UOF1801,0,0.9,8,2022,7,19,8,MB,,,,
-32.54299,152.310719,UOF1801,6,0.8,9,2022,7,19,9,MB,,,,
-32.543651,152.310262,UOF1801,4,0.8,10,2022,7,19,10,MB,,,,
-32.5506,152.301717,UOF1801,0,0.8,9,2022,7,19,11,MB,,,,
-32.551637,152.303115,UOF1801,0,1.2,7,2022,7,19,12,MB,,,,
-32.551954,152.303675,UOF1801,11,0.8,9,2022,7,19,13,MB,,,,
-32.551554,152.303573,UOF1801,2,0.8,10,2022,7,19,14,MB,,,,
-32.551554,152.303548,UOF1801,0,1,9,2022,7,19,15,MB,,,,
-32.551592,152.303573,UOF1801,5,0.8,10,2022,7,19,16,MB,,,,
-32.545031,152.309397,UOF1801,8,0.9,10,2022,7,19,17,MB,,,,
-32.543041,152.310694,UOF1801,0,1.1,7,2022,7,19,18,MB,,,,
-32.544764,152.307083,UOF1801,0,1.1,8,2022,7,19,19,MB,,,,
-32.544713,152.307108,UOF1801,13,0.9,9,2022,7,19,20,MB,,,,
-32.544751,152.307108,UOF1801,16,1.3,7,2022,7,19,21,MB,,,,
-32.544738,152.307134,UOF1801,3,0.8,11,2022,7,19,22,MB,,,,
-32.544617,152.307235,UOF1801,77,1,8,2022,7,19,23,MB,,,,
-32.549914,152.307668,UOF1801,23,0.8,9,2022,7,20,0,MB,,,,
-32.549856,152.307718,UOF1801,9,0.7,11,2022,7,20,1,MB,,,,
-32.549939,152.307718,UOF1801,0,0.7,11,2022,7,20,2,MB,,,,
-32.54992,152.307744,UOF1801,7,0.9,8,2022,7,20,3,MB,,,,
-32.549914,152.307617,UOF1801,7,0.8,9,2022,7,20,4,MB,,,,
-32.549837,152.307668,UOF1801,15,0.8,9,2022,7,20,5,MB,,,,
-32.54992,152.307642,UOF1801,19,0.8,10,2022,7,20,6,MB,,,,
-32.560283,152.298639,UOF1801,1,0.9,9,2022,7,20,7,MB,,,,
-32.57195,152.292485,UOF1801,4,0.8,9,2022,7,20,8,MB,,,,
-32.581277,152.285441,UOF1801,0,1.4,7,2022,7,20,9,MB,,,,
-32.582288,152.284271,UOF1801,0,0.8,10,2022,7,20,10,MB,,,,
-32.570729,152.288899,UOF1801,0,0.9,8,2022,7,20,11,MB,,,,
-32.570774,152.289154,UOF1801,0,0.9,8,2022,7,20,12,MB,,,,
-32.570812,152.28923,UOF1801,3,0.8,9,2022,7,20,13,MB,,,,
-32.570786,152.289128,UOF1801,1,0.7,11,2022,7,20,14,MB,,,,
-32.570761,152.289001,UOF1801,5,1,9,2022,7,20,15,MB,,,,
-32.571041,152.289891,UOF1801,8,1,8,2022,7,20,16,MB,,,,
-32.57476,152.290756,UOF1801,1,0.8,10,2022,7,20,17,MB,,,,
-32.57153,152.292027,UOF1801,20,1,8,2022,7,20,18,MB,,,,
-32.570386,152.291035,UOF1801,26,1.9,5,2022,7,20,19,MB,,,,
-32.570252,152.290908,UOF1801,21,1.2,7,2022,7,20,20,MB,,,,
-32.570373,152.291061,UOF1801,2,1.1,8,2022,7,20,21,MB,,,,
-32.570354,152.291035,UOF1801,0,1.1,8,2022,7,20,22,MB,,,,
-32.570914,152.29162,UOF1801,0,1.3,5,2022,7,20,23,MB,,,,
-32.570399,152.291086,UOF1801,13,1.3,5,2022,7,21,0,MB,,,,
-32.570284,152.291061,UOF1801,33,1,7,2022,7,21,1,MB,,,,
-32.570405,152.29101,UOF1801,12,1.2,5,2022,7,21,2,MB,,,,
-32.570348,152.291112,UOF1801,0,1.2,6,2022,7,21,3,MB,,,,
-32.570405,152.29101,UOF1801,1,0.8,9,2022,7,21,4,MB,,,,
-32.570297,152.29101,UOF1801,25,1.1,7,2022,7,21,5,MB,,,,
-32.570354,152.291035,UOF1801,9,0.9,9,2022,7,21,6,MB,,,,
-32.570456,152.29101,UOF1801,41,1,7,2022,7,21,7,MB,,,,
-32.552202,152.30487,UOF1801,4,1,8,2022,7,21,8,MB,,,,
-32.541369,152.312754,UOF1801,59,1,8,2022,7,21,9,MB,,,,
-32.508486,152.319569,UOF1801,0,1.1,8,2022,7,21,10,MB,,,,
-32.491453,152.307286,UOF1801,22,0.9,8,2022,7,21,11,MB,,,,
-32.472812,152.292994,UOF1801,7,1.2,7,2022,7,21,12,MB,,,,
-32.466416,152.290578,UOF1801,0,0.7,10,2022,7,21,13,MB,,,,
-32.465132,152.289077,UOF1801,0,0.8,10,2022,7,21,14,MB,,,,
-32.467968,152.290654,UOF1801,0,1,9,2022,7,21,15,MB,,,,
-32.482018,152.298995,UOF1801,24,0.9,9,2022,7,21,16,MB,,,,
-32.502497,152.306701,UOF1801,8,0.9,9,2022,7,21,17,MB,,,,
-32.510692,152.31929,UOF1801,10,1,8,2022,7,21,18,MB,,,,
-32.510425,152.319442,UOF1801,2,0.9,9,2022,7,21,19,MB,,,,
-32.510648,152.319239,UOF1801,10,0.9,9,2022,7,21,20,MB,,,,
-32.51005,152.318756,UOF1801,4,1,9,2022,7,21,21,MB,,,,
-32.510686,152.319239,UOF1801,0,0.8,9,2022,7,21,22,MB,,,,
-32.510584,152.31929,UOF1801,18,1,7,2022,7,21,23,MB,,,,
-32.51073,152.319163,UOF1801,12,1.5,6,2022,7,22,0,MB,,,,
-32.510667,152.319163,UOF1801,11,0.9,8,2022,7,22,1,MB,,,,
-32.510457,152.319137,UOF1801,59,0.9,9,2022,7,22,2,MB,,,,
-32.510622,152.319239,UOF1801,0,1,7,2022,7,22,3,MB,,,,
-32.510711,152.319163,UOF1801,8,0.8,10,2022,7,22,4,MB,,,,
-32.509573,152.318425,UOF1801,20,0.8,10,2022,7,22,5,MB,,,,
-32.489215,152.341974,UOF1801,33,0.8,10,2022,7,22,6,MB,,,,
-32.473734,152.37417,UOF1801,6,1,8,2022,7,22,7,MB,,,,
-32.47374,152.37417,UOF1801,5,0.8,9,2022,7,22,8,MB,,,,
-32.473747,152.374247,UOF1801,59,0.8,9,2022,7,22,9,MB,,,,
-32.473715,152.374145,UOF1801,17,0.8,9,2022,7,22,10,MB,,,,
-32.473804,152.374196,UOF1801,21,0.8,9,2022,7,22,11,MB,,,,
-32.473664,152.374145,UOF1801,2,0.9,9,2022,7,22,12,MB,,,,
-32.473696,152.37417,UOF1801,19,0.7,10,2022,7,22,13,MB,,,,
-32.473677,152.374043,UOF1801,11,0.9,8,2022,7,22,14,MB,,,,
-32.473702,152.374069,UOF1801,6,1,9,2022,7,22,15,MB,,,,
-32.463771,152.386708,UOF1801,16,0.9,9,2022,7,22,16,MB,,,,
-32.468317,152.384775,UOF1801,12,0.8,9,2022,7,22,17,MB,,,,
-32.473677,152.374069,UOF1801,6,0.9,9,2022,7,22,18,MB,,,,
-32.473798,152.374094,UOF1801,0,0.9,9,2022,7,22,19,MB,,,,
-32.473874,152.37417,UOF1801,18,0.8,10,2022,7,22,20,MB,,,,
-32.473855,152.374145,UOF1801,3,1.1,8,2022,7,22,21,MB,,,,
-32.473969,152.374069,UOF1801,16,1.4,6,2022,7,22,22,MB,,,,
-32.473906,152.374145,UOF1801,18,0.8,9,2022,7,22,23,MB,,,,
-32.473906,152.37417,UOF1801,11,0.8,10,2022,7,23,0,MB,,,,
-32.473906,152.37417,UOF1801,11,0.9,9,2022,7,23,1,MB,,,,
-32.473944,152.374221,UOF1801,16,1,9,2022,7,23,2,MB,,,,
-32.473855,152.374196,UOF1801,10,1,8,2022,7,23,3,MB,,,,
-32.498199,152.334116,UOF1801,23,0.8,10,2022,7,23,4,MB,,,,
-32.536435,152.319519,UOF1801,32,0.9,9,2022,7,23,5,MB,,,,
-32.554625,152.303344,UOF1801,9,0.8,10,2022,7,23,6,MB,,,,
-32.592867,152.272496,UOF1801,13,0.9,8,2022,7,23,7,MB,,,,
-32.600096,152.268605,UOF1801,0,1,8,2022,7,23,8,MB,,,,
-32.5749,152.288263,UOF1801,6,1,7,2022,7,23,9,MB,,,,
-32.572795,152.292765,UOF1801,1,1.3,7,2022,7,23,10,MB,,,,
-32.569279,152.294342,UOF1801,0,0.8,9,2022,7,23,11,MB,,,,
-32.548871,152.307312,UOF1801,0,1.2,6,2022,7,23,12,MB,,,,
-32.548915,152.307718,UOF1801,3,0.8,9,2022,7,23,13,MB,,,,
-32.550009,152.307362,UOF1801,0,0.7,11,2022,7,23,14,MB,,,,
-32.550028,152.307032,UOF1801,6,1.4,8,2022,7,23,15,MB,,,,
-32.549081,152.307718,UOF1801,12,0.8,9,2022,7,23,16,MB,,,,
-32.548769,152.307973,UOF1801,20,0.9,8,2022,7,23,17,MB,,,,
-32.548814,152.307896,UOF1801,0,0.9,9,2022,7,23,18,MB,,,,
-32.548776,152.307591,UOF1801,12,0.9,9,2022,7,23,19,MB,,,,
-32.548788,152.307668,UOF1801,17,1,9,2022,7,23,20,MB,,,,
-32.549004,152.307718,UOF1801,11,1.2,8,2022,7,23,21,MB,,,,
-32.54903,152.307668,UOF1801,2,0.8,11,2022,7,23,22,MB,,,,
-32.549303,152.307846,UOF1801,42,0.8,10,2022,7,23,23,MB,,,,
-32.548966,152.307642,UOF1801,6,1.2,8,2022,7,24,0,MB,,,,
-32.548928,152.307718,UOF1801,10,1,9,2022,7,24,1,MB,,,,
-32.549132,152.307744,UOF1801,0,0.8,9,2022,7,24,2,MB,,,,
-32.548985,152.307617,UOF1801,0,1,8,2022,7,24,3,MB,,,,
-32.548985,152.307668,UOF1801,1,0.9,9,2022,7,24,4,MB,,,,
-32.533669,152.320841,UOF1801,13,0.8,10,2022,7,24,5,MB,,,,
-32.481643,152.385284,UOF1801,20,0.8,10,2022,7,24,6,MB,,,,
-32.504678,152.371424,UOF1801,10,0.8,10,2022,7,24,7,MB,,,,
-32.53955,152.3155,UOF1801,10,0.8,9,2022,7,24,8,MB,,,,
-32.549526,152.307718,UOF1801,17,1.4,6,2022,7,24,9,MB,,,,
-32.549195,152.307413,UOF1801,0,0.9,9,2022,7,24,10,MB,,,,
-32.549577,152.308049,UOF1801,0,0.8,9,2022,7,24,11,MB,,,,
-32.548814,152.30754,UOF1801,4,1.1,7,2022,7,24,12,MB,,,,
-32.548687,152.307566,UOF1801,36,1.3,6,2022,7,24,13,MB,,,,
-32.549513,152.307947,UOF1801,0,1,8,2022,7,24,14,MB,,,,
-32.557842,152.299987,UOF1801,0,1.1,8,2022,7,24,15,MB,,,,
-32.564944,152.298843,UOF1801,14,0.8,9,2022,7,24,16,MB,,,,
-32.555763,152.302683,UOF1801,5,0.8,10,2022,7,24,17,MB,,,,
-32.548877,152.307744,UOF1801,0,0.9,9,2022,7,24,18,MB,,,,
-32.548903,152.307744,UOF1801,8,1,8,2022,7,24,19,MB,,,,
-32.548915,152.307668,UOF1801,21,0.9,9,2022,7,24,20,MB,,,,
-32.548934,152.307668,UOF1801,1,1,9,2022,7,24,21,MB,,,,
-32.549354,152.307795,UOF1801,2,0.9,11,2022,7,24,22,MB,,,,
-32.54882,152.307668,UOF1801,29,1.6,6,2022,7,24,23,MB,,,,
-32.548877,152.307617,UOF1801,8,0.8,9,2022,7,25,1,MB,,,,
-32.548941,152.307668,UOF1801,0,1,8,2022,7,25,2,MB,,,,
-32.548966,152.30754,UOF1801,0,1,8,2022,7,25,3,MB,,,,
-32.54875,152.307744,UOF1801,3,1.2,7,2022,7,25,4,MB,,,,
-32.548852,152.307617,UOF1801,11,0.9,9,2022,7,25,5,MB,,,,
-32.541311,152.314356,UOF1801,75,1.1,8,2022,7,25,6,MB,,,,
-32.510222,152.349833,UOF1801,485,1.4,6,2022,7,25,7,MB,,,,
-32.525074,152.336888,UOF1801,9,0.9,9,2022,7,25,9,MB,,,,
-32.537427,152.319035,UOF1801,3,0.9,8,2022,7,25,10,MB,,,,
-32.550123,152.307184,UOF1801,9,0.8,9,2022,7,25,11,MB,,,,
-32.549132,152.307413,UOF1801,10,0.8,9,2022,7,25,12,MB,,,,
-32.549093,152.30749,UOF1801,36,0.8,9,2022,7,25,13,MB,,,,
-32.54985,152.307235,UOF1801,0,1.3,7,2022,7,25,14,MB,,,,
-32.550098,152.307057,UOF1801,23,1,9,2022,7,25,15,MB,,,,
-32.549831,152.307286,UOF1801,6,1,8,2022,7,25,16,MB,,,,
-32.561059,152.300979,UOF1801,5,0.8,10,2022,7,25,17,MB,,,,
-32.570379,152.292434,UOF1801,0,1,8,2022,7,25,18,MB,,,,
-32.570322,152.292383,UOF1801,1,0.8,10,2022,7,25,19,MB,,,,
-32.570373,152.292434,UOF1801,16,1,9,2022,7,25,20,MB,,,,
-32.570462,152.292256,UOF1801,0,1.2,7,2022,7,25,21,MB,,,,
-32.570424,152.292154,UOF1801,0,0.9,9,2022,7,25,22,MB,,,,
-32.570373,152.292231,UOF1801,21,0.7,11,2022,7,25,23,MB,,,,
-32.570475,152.292434,UOF1801,58,1.2,8,2022,7,26,0,MB,,,,
-32.570456,152.292358,UOF1801,13,0.8,10,2022,7,26,1,MB,,,,
-32.570322,152.29218,UOF1801,0,0.8,9,2022,7,26,2,MB,,,,
-32.570354,152.292231,UOF1801,0,0.9,9,2022,7,26,3,MB,,,,
-32.570373,152.292231,UOF1801,11,0.9,8,2022,7,26,4,MB,,,,
-32.570348,152.292205,UOF1801,8,1,9,2022,7,26,5,MB,,,,
-32.549303,152.307108,UOF1801,8,0.8,9,2022,7,26,6,MB,,,,
-32.543034,152.310719,UOF1801,10,0.8,10,2022,7,26,7,MB,,,,
-32.538857,152.317789,UOF1801,4,0.8,9,2022,7,26,8,MB,,,,
-32.538781,152.317713,UOF1801,6,1.2,7,2022,7,26,9,MB,,,,
-32.519587,152.322341,UOF1801,0,0.8,9,2022,7,26,10,MB,,,,
-32.50443,152.316416,UOF1801,15,0.8,9,2022,7,26,11,MB,,,,
-32.504646,152.3184,UOF1801,10,0.9,8,2022,7,26,12,MB,,,,
-32.508836,152.317789,UOF1801,31,0.7,10,2022,7,26,13,MB,,,,
-32.512263,152.321248,UOF1801,33,1.1,8,2022,7,26,14,MB,,,,
-32.536721,152.319595,UOF1801,13,1.3,7,2022,7,26,15,MB,,,,
-32.536778,152.31962,UOF1801,13,1,9,2022,7,26,16,MB,,,,
-32.548617,152.308049,UOF1801,0,0.7,11,2022,7,26,17,MB,,,,
-32.548566,152.307947,UOF1801,5,0.9,9,2022,7,26,18,MB,,,,
-32.549456,152.307896,UOF1801,6,0.8,10,2022,7,26,19,MB,,,,
-32.548909,152.307642,UOF1801,16,0.9,9,2022,7,26,20,MB,,,,
-32.548973,152.307668,UOF1801,16,1,9,2022,7,26,21,MB,,,,
-32.548922,152.307718,UOF1801,10,0.7,12,2022,7,26,22,MB,,,,
-32.548954,152.307668,UOF1801,6,0.9,8,2022,7,26,23,MB,,,,
-32.548884,152.307566,UOF1801,13,0.9,10,2022,7,27,0,MB,,,,
-32.548903,152.307642,UOF1801,4,0.7,11,2022,7,27,1,MB,,,,
-32.548979,152.307642,UOF1801,0,0.8,9,2022,7,27,2,MB,,,,
-32.545489,152.309143,UOF1801,6,0.8,9,2022,7,27,3,MB,,,,
-32.585212,152.28984,UOF1801,6,1,8,2022,7,27,4,MB,,,,
-32.591526,152.277201,UOF1801,31,0.9,9,2022,7,27,5,MB,,,,
-32.585772,152.283966,UOF1801,22,0.8,10,2022,7,27,6,MB,,,,
-32.554746,152.28834,UOF1801,6,0.9,9,2022,7,27,7,MB,,,,
-32.56605,152.279591,UOF1801,15,0.9,8,2022,7,27,8,MB,,,,
-32.578193,152.28834,UOF1801,31,1.1,7,2022,7,27,9,MB,,,,
-32.549844,152.307235,UOF1801,0,0.9,8,2022,7,27,10,MB,,,,
-32.550308,152.308685,UOF1801,1,1.3,8,2022,7,27,11,MB,,,,
-32.548623,152.307032,UOF1801,13,0.8,9,2022,7,27,12,MB,,,,
-32.536708,152.319747,UOF1801,13,0.8,10,2022,7,27,13,MB,,,,
-32.518754,152.342966,UOF1801,40,1.1,9,2022,7,27,14,MB,,,,
-32.518894,152.343322,UOF1801,24,0.9,9,2022,7,27,15,MB,,,,
-32.518805,152.34317,UOF1801,23,0.9,8,2022,7,27,16,MB,,,,
-32.518805,152.343195,UOF1801,12,0.9,8,2022,7,27,17,MB,,,,
-32.51876,152.343271,UOF1801,0,1,8,2022,7,27,18,MB,,,,
-32.518798,152.343246,UOF1801,17,0.8,10,2022,7,27,19,MB,,,,
-32.518849,152.343271,UOF1801,27,1.1,8,2022,7,27,20,MB,,,,
-32.51883,152.343221,UOF1801,12,1.1,8,2022,7,27,21,MB,,,,
-32.518856,152.343195,UOF1801,20,0.7,12,2022,7,27,22,MB,,,,
-32.518817,152.343246,UOF1801,6,0.9,8,2022,7,27,23,MB,,,,
-32.518786,152.343297,UOF1801,21,0.9,10,2022,7,28,0,MB,,,,
-32.51883,152.343246,UOF1801,15,0.8,9,2022,7,28,1,MB,,,,
-32.51794,152.344034,UOF1801,36,0.8,10,2022,7,28,2,MB,,,,
-32.517985,152.344085,UOF1801,25,0.7,10,2022,7,28,3,MB,,,,
-32.497086,152.387674,UOF1801,8,1,8,2022,7,28,4,MB,,,,
-32.484377,152.400899,UOF1801,3,1,9,2022,7,28,5,MB,,,,
-32.476487,152.404256,UOF1801,17,0.8,10,2022,7,28,6,MB,,,,
-32.474898,152.367838,UOF1801,6,0.8,10,2022,7,28,7,MB,,,,
-32.506744,152.323435,UOF1801,15,0.8,10,2022,7,28,8,MB,,,,
-32.535945,152.319849,UOF1801,0,1.1,7,2022,7,28,9,MB,,,,
-32.550142,152.307134,UOF1801,0,0.9,8,2022,7,28,10,MB,,,,
-32.548782,152.307718,UOF1801,0,0.9,9,2022,7,28,11,MB,,,,
-32.549392,152.307413,UOF1801,5,0.8,9,2022,7,28,12,MB,,,,
-32.539754,152.311228,UOF1801,24,0.8,9,2022,7,28,13,MB,,,,
-32.513172,152.32224,UOF1801,0,0.8,10,2022,7,28,15,MB,,,,
-32.512167,152.321985,UOF1801,14,0.7,10,2022,7,28,16,MB,,,,
-32.515537,152.3243,UOF1801,4,0.8,10,2022,7,28,17,MB,,,,
-32.513242,152.322163,UOF1801,0,1.1,8,2022,7,28,18,MB,,,,
-32.513229,152.322113,UOF1801,15,0.9,9,2022,7,28,19,MB,,,,
-32.513254,152.322163,UOF1801,19,1.1,9,2022,7,28,20,MB,,,,
-32.510781,152.31929,UOF1801,0,1,9,2022,7,28,21,MB,,,,
-32.510857,152.319417,UOF1801,3,0.7,12,2022,7,28,22,MB,,,,
-32.510832,152.319341,UOF1801,19,0.8,9,2022,7,28,23,MB,,,,
-32.51087,152.31929,UOF1801,0,0.9,10,2022,7,29,0,MB,,,,
-32.510845,152.319341,UOF1801,0,0.8,9,2022,7,29,1,MB,,,,
-32.510775,152.319391,UOF1801,12,0.8,10,2022,7,29,2,MB,,,,
-32.510857,152.319315,UOF1801,8,0.9,9,2022,7,29,3,MB,,,,
-32.510864,152.319366,UOF1801,20,0.8,9,2022,7,29,4,MB,,,,
-32.500284,152.305328,UOF1801,17,1,8,2022,7,29,5,MB,,,,
-32.504353,152.313669,UOF1801,21,1.1,8,2022,7,29,6,MB,,,,
-32.504519,152.31845,UOF1801,12,0.8,10,2022,7,29,7,MB,,,,
-32.513089,152.322189,UOF1801,0,0.8,9,2022,7,29,8,MB,,,,
-32.513718,152.323435,UOF1801,16,1,8,2022,7,29,9,MB,,,,
-32.513852,152.323537,UOF1801,0,1,7,2022,7,29,10,MB,,,,
-32.513858,152.32341,UOF1801,29,0.9,9,2022,7,29,11,MB,,,,
-32.513846,152.323511,UOF1801,11,0.7,10,2022,7,29,12,MB,,,,
-32.514024,152.323384,UOF1801,14,1,7,2022,7,29,13,MB,,,,
-32.514062,152.323282,UOF1801,0,0.9,9,2022,7,29,14,MB,,,,
-32.531489,152.322036,UOF1801,10,0.9,9,2022,7,29,15,MB,,,,
-32.550518,152.308125,UOF1801,14,0.8,9,2022,7,29,16,MB,,,,
-32.550403,152.308074,UOF1801,0,0.9,7,2022,7,29,17,MB,,,,
-32.549761,152.307922,UOF1801,0,0.9,9,2022,7,29,18,MB,,,,
-32.562343,152.299631,UOF1801,28,0.8,10,2022,7,29,19,MB,,,,
-32.562547,152.29958,UOF1801,4,0.9,10,2022,7,29,20,MB,,,,
-32.562496,152.299606,UOF1801,17,1.1,8,2022,7,29,21,MB,,,,
-32.562445,152.299657,UOF1801,14,0.7,12,2022,7,29,22,MB,,,,
-32.550015,152.307108,UOF1801,0,0.9,8,2022,7,29,23,MB,,,,
-32.549532,152.307515,UOF1801,4,1,8,2022,7,30,0,MB,,,,
-32.550041,152.307083,UOF1801,6,0.8,9,2022,7,30,1,MB,,,,
-32.549513,152.307744,UOF1801,0,0.8,9,2022,7,30,2,MB,,,,
-32.54999,152.307134,UOF1801,14,0.7,10,2022,7,30,3,MB,,,,
-32.549971,152.307184,UOF1801,14,0.8,9,2022,7,30,4,MB,,,,
-32.550003,152.307083,UOF1801,0,1,8,2022,7,30,5,MB,,,,
-32.550092,152.307134,UOF1801,15,0.8,10,2022,7,30,6,MB,,,,
-32.549704,152.307286,UOF1801,0,0.8,9,2022,7,30,7,MB,,,,
-32.593427,152.263621,UOF1801,9,0.9,8,2022,7,30,8,MB,,,,
-32.565013,152.296681,UOF1801,0,1.2,6,2022,7,30,9,MB,,,,
-32.548795,152.308024,UOF1801,0,1,7,2022,7,30,10,MB,,,,
-32.549074,152.307896,UOF1801,19,1.5,7,2022,7,30,11,MB,,,,
-32.54929,152.308074,UOF1801,19,0.7,10,2022,7,30,12,MB,,,,
-32.549049,152.30749,UOF1801,2,0.7,11,2022,7,30,13,MB,,,,
-32.548985,152.307439,UOF1801,14,0.9,9,2022,7,30,14,MB,,,,
-32.549157,152.307413,UOF1801,3,0.7,11,2022,7,30,15,MB,,,,
-32.547383,152.307947,UOF1801,4,0.7,10,2022,7,30,16,MB,,,,
-32.543797,152.309855,UOF1801,11,0.9,8,2022,7,30,17,MB,,,,
-32.548915,152.307642,UOF1801,6,1,8,2022,7,30,18,MB,,,,
-32.549615,152.307973,UOF1801,14,0.9,9,2022,7,30,19,MB,,,,
-32.545686,152.308354,UOF1801,0,0.9,9,2022,7,30,20,MB,,,,
-32.542939,152.310643,UOF1801,0,1.2,7,2022,7,30,21,MB,,,,
-32.54402,152.306498,UOF1801,5,0.8,11,2022,7,30,22,MB,,,,
-32.543931,152.30665,UOF1801,10,0.9,9,2022,7,30,23,MB,,,,
-32.549163,152.307413,UOF1801,16,0.9,10,2022,7,31,0,MB,,,,
-32.549151,152.307439,UOF1801,4,0.8,10,2022,7,31,1,MB,,,,
-32.549093,152.307439,UOF1801,0,1,8,2022,7,31,2,MB,,,,
-32.549113,152.307388,UOF1801,14,0.7,10,2022,7,31,3,MB,,,,
-32.531082,152.322214,UOF1801,12,0.8,9,2022,7,31,4,MB,,,,
-32.506407,152.361938,UOF1801,38,1.3,7,2022,7,31,5,MB,,,,
-32.485642,152.375645,UOF1801,22,0.9,9,2022,7,31,6,MB,,,,
-32.473009,152.395838,UOF1801,11,0.8,9,2022,7,31,7,MB,,,,
-32.470434,152.37946,UOF1801,40,1.4,8,2022,7,31,8,MB,,,,
-32.468349,152.384623,UOF1801,0,1.1,7,2022,7,31,9,MB,,,,
-32.444355,152.390345,UOF1801,0,1.6,5,2022,7,31,10,MB,,,,
-32.447858,152.396703,UOF1801,0,1.2,6,2022,7,31,11,MB,,,,
-32.442657,152.390294,UOF1801,0,1.1,6,2022,7,31,12,MB,,,,
-32.451176,152.383605,UOF1801,65,0.9,8,2022,7,31,13,MB,,,,
-32.486634,152.346781,UOF1801,18,0.9,8,2022,7,31,14,MB,,,,
-32.487658,152.345306,UOF1801,19,0.7,11,2022,7,31,15,MB,,,,
-32.504811,152.325164,UOF1801,8,0.8,9,2022,7,31,16,MB,,,,
-32.514335,152.321757,UOF1801,25,0.9,8,2022,7,31,17,MB,,,,
-32.542526,152.311635,UOF1801,0,0.9,9,2022,7,31,18,MB,,,,
-32.549882,152.307998,UOF1801,39,1.2,8,2022,7,31,19,MB,,,,
-32.550187,152.307439,UOF1801,42,1.3,8,2022,7,31,20,MB,,,,
-32.550123,152.307515,UOF1801,8,1,8,2022,7,31,21,MB,,,,
-32.550187,152.30749,UOF1801,7,1.1,8,2022,7,31,22,MB,,,,
-32.550295,152.307439,UOF1801,6,1.1,8,2022,7,31,23,MB,,,,
-32.550206,152.30749,UOF1801,14,1,9,2022,8,1,0,MB,,,,
-32.550098,152.30754,UOF1801,0,0.8,9,2022,8,1,1,MB,,,,
-32.550142,152.307464,UOF1801,0,1,7,2022,8,1,2,MB,,,,
-32.550072,152.307591,UOF1801,0,1,8,2022,8,1,3,MB,,,,
-32.550085,152.307566,UOF1801,11,0.9,8,2022,8,1,4,MB,,,,
-32.55013,152.30754,UOF1801,30,1.4,6,2022,8,1,5,MB,,,,
-32.537433,152.311635,UOF1801,17,1,8,2022,8,1,6,MB,,,,
-32.528647,152.323842,UOF1801,0,1.3,6,2022,8,1,7,MB,,,,
-32.506388,152.333302,UOF1801,1816,1,6,2022,8,1,8,MB,,,,
-32.506687,152.324147,UOF1801,11,1.3,7,2022,8,1,9,MB,,,,
-32.509357,152.31784,UOF1801,0,1.1,8,2022,8,1,10,MB,,,,
-32.50071,152.317789,UOF1801,33,1.1,8,2022,8,1,11,MB,,,,
-32.502834,152.311991,UOF1801,27,1,8,2022,8,1,12,MB,,,,
-32.502738,152.312118,UOF1801,36,0.8,9,2022,8,1,13,MB,,,,
-32.505631,152.313669,UOF1801,17,1.4,8,2022,8,1,14,MB,,,,
-32.50944,152.317993,UOF1801,0,0.9,9,2022,8,1,15,MB,,,,
-32.513203,152.322113,UOF1801,0,0.9,9,2022,8,1,16,MB,,,,
-32.510851,152.327326,UOF1801,13,0.8,9,2022,8,1,17,MB,,,,
-32.509249,152.326563,UOF1801,1,1.5,7,2022,8,1,18,MB,,,,
-32.510533,152.326588,UOF1801,7,1.4,7,2022,8,1,19,MB,,,,
-32.510387,152.327123,UOF1801,38,0.9,10,2022,8,1,20,MB,,,,
-32.510304,152.327097,UOF1801,0,0.8,9,2022,8,1,21,MB,,,,
-32.510323,152.327097,UOF1801,14,0.7,10,2022,8,1,22,MB,,,,
-32.510361,152.327072,UOF1801,24,0.8,10,2022,8,1,23,MB,,,,
-32.51026,152.327097,UOF1801,27,1,8,2022,8,2,0,MB,,,,
-32.510323,152.327123,UOF1801,2,0.7,11,2022,8,2,1,MB,,,,
-32.510285,152.327072,UOF1801,16,0.9,8,2022,8,2,2,MB,,,,
-32.510241,152.327097,UOF1801,12,0.8,9,2022,8,2,3,MB,,,,
-32.51457,152.325571,UOF1801,14,0.8,9,2022,8,2,4,MB,,,,
-32.542252,152.310516,UOF1801,22,1,9,2022,8,2,5,MB,,,,
-32.53749,152.311431,UOF1801,2,1.1,7,2022,8,2,6,MB,,,,
-32.562044,152.299835,UOF1801,0,0.8,8,2022,8,2,7,MB,,,,
-32.564664,152.297571,UOF1801,13,1,8,2022,8,2,8,MB,,,,
-32.564645,152.297088,UOF1801,0,0.8,9,2022,8,2,9,MB,,,,
-32.584805,152.271759,UOF1801,0,0.8,9,2022,8,2,10,MB,,,,
-32.568904,152.294748,UOF1801,0,1,8,2022,8,2,11,MB,,,,
-32.542977,152.308812,UOF1801,8,0.9,9,2022,8,2,13,MB,,,,
-32.537192,152.318247,UOF1801,0,1.2,8,2022,8,2,14,MB,,,,
-32.52569,152.322494,UOF1801,20,0.9,9,2022,8,2,15,MB,,,,
-32.516325,152.323104,UOF1801,0,0.7,10,2022,8,2,16,MB,,,,
-32.502611,152.307235,UOF1801,6,0.9,8,2022,8,2,17,MB,,,,
-32.501035,152.308227,UOF1801,17,0.9,9,2022,8,2,18,MB,,,,
-32.506064,152.314432,UOF1801,18,0.8,10,2022,8,2,19,MB,,,,
-32.506407,152.315017,UOF1801,0,1.2,8,2022,8,2,20,MB,,,,
-32.506483,152.315119,UOF1801,0,0.8,10,2022,8,2,21,MB,,,,
-32.506483,152.31517,UOF1801,14,0.8,9,2022,8,2,22,MB,,,,
-32.506521,152.315144,UOF1801,0,0.8,10,2022,8,2,23,MB,,,,
-32.506496,152.31517,UOF1801,3,0.9,9,2022,8,3,0,MB,,,,
-32.506496,152.315221,UOF1801,7,0.7,11,2022,8,3,1,MB,,,,
-32.50654,152.315068,UOF1801,0,0.9,8,2022,8,3,2,MB,,,,
-32.506477,152.315119,UOF1801,6,1,8,2022,8,3,3,MB,,,,
-32.506458,152.315119,UOF1801,8,0.8,9,2022,8,3,4,MB,,,,
-32.485026,152.304641,UOF1801,15,1,9,2022,8,3,5,MB,,,,
-32.498129,152.308176,UOF1801,12,0.9,9,2022,8,3,6,MB,,,,
-32.501022,152.310923,UOF1801,0,0.8,9,2022,8,3,7,MB,,,,
-32.500952,152.311101,UOF1801,42,0.8,9,2022,8,3,8,MB,,,,
-32.501778,152.316874,UOF1801,0,1,8,2022,8,3,9,MB,,,,
-32.501028,152.312474,UOF1801,10,0.8,9,2022,8,3,10,MB,,,,
-32.505669,152.313491,UOF1801,0,1,8,2022,8,3,11,MB,,,,
-32.509936,152.318781,UOF1801,0,0.7,11,2022,8,3,12,MB,,,,
-32.510317,152.318883,UOF1801,9,0.8,9,2022,8,3,13,MB,,,,
-32.510342,152.318756,UOF1801,0,1.4,6,2022,8,3,14,MB,,,,
-32.517527,152.321858,UOF1801,0,0.8,10,2022,8,3,15,MB,,,,
-32.53339,152.321044,UOF1801,5,0.8,10,2022,8,3,16,MB,,,,
-32.538349,152.317637,UOF1801,0,1.1,7,2022,8,3,17,MB,,,,
-32.543893,152.306727,UOF1801,2,0.9,9,2022,8,3,18,MB,,,,
-32.549093,152.307006,UOF1801,10,0.8,10,2022,8,3,19,MB,,,,
-32.548833,152.307718,UOF1801,5,1,9,2022,8,3,20,MB,,,,
-32.548782,152.307871,UOF1801,8,0.7,11,2022,8,3,21,MB,,,,
-32.548909,152.307642,UOF1801,2,0.7,11,2022,8,3,22,MB,,,,
-32.548922,152.307846,UOF1801,16,1.2,8,2022,8,3,23,MB,,,,
-32.548839,152.307744,UOF1801,13,0.8,10,2022,8,4,0,MB,,,,
-32.548839,152.307769,UOF1801,1,0.8,10,2022,8,4,1,MB,,,,
-32.548839,152.307769,UOF1801,8,0.9,8,2022,8,4,2,MB,,,,
-32.548788,152.30782,UOF1801,2,0.8,10,2022,8,4,3,MB,,,,
-32.548718,152.307718,UOF1801,45,1.1,8,2022,8,4,4,MB,,,,
-32.548769,152.307744,UOF1801,17,1,8,2022,8,4,5,MB,,,,
-32.548782,152.307769,UOF1801,32,1,8,2022,8,4,6,MB,,,,
-32.538838,152.317688,UOF1801,13,1,7,2022,8,4,7,MB,,,,
-32.515778,152.323944,UOF1801,22,0.8,9,2022,8,4,8,MB,,,,
-32.500736,152.312398,UOF1801,23,1,8,2022,8,4,9,MB,,,,
-32.500761,152.312372,UOF1801,0,1.2,7,2022,8,4,10,MB,,,,
-32.500761,152.312423,UOF1801,0,1,7,2022,8,4,11,MB,,,,
-32.500653,152.312296,UOF1801,15,0.7,11,2022,8,4,12,MB,,,,
-32.501015,152.311228,UOF1801,13,0.7,11,2022,8,4,13,MB,,,,
-32.502281,152.311711,UOF1801,0,1,9,2022,8,4,14,MB,,,,
-32.50284,152.31194,UOF1801,28,0.8,9,2022,8,4,15,MB,,,,
-32.501467,152.305557,UOF1801,16,0.8,10,2022,8,4,16,MB,,,,
-32.499884,152.307006,UOF1801,18,1.1,7,2022,8,4,17,MB,,,,
-32.524203,152.322952,UOF1801,10,0.8,10,2022,8,4,19,MB,,,,
-32.524349,152.322901,UOF1801,65,1.1,8,2022,8,4,20,MB,,,,
-32.524247,152.322926,UOF1801,14,0.7,11,2022,8,4,21,MB,,,,
-32.524361,152.322799,UOF1801,2,0.8,10,2022,8,4,22,MB,,,,
-32.517037,152.323155,UOF1801,8,0.9,9,2022,8,5,0,MB,,,,
-32.517018,152.323155,UOF1801,9,0.8,10,2022,8,5,1,MB,,,,
-32.516974,152.32313,UOF1801,0,0.9,8,2022,8,5,2,MB,,,,
-32.516846,152.323206,UOF1801,16,0.9,8,2022,8,5,3,MB,,,,
-32.517044,152.323028,UOF1801,11,0.8,10,2022,8,5,4,MB,,,,
-32.516904,152.322697,UOF1801,3,0.8,10,2022,8,5,5,MB,,,,
-32.502211,152.343297,UOF1801,22,0.9,9,2022,8,5,6,MB,,,,
-32.505797,152.352859,UOF1801,0,0.8,9,2022,8,5,7,MB,,,,
-32.494588,152.385131,UOF1801,143,1.9,6,2022,8,5,8,MB,,,,
-32.494569,152.380884,UOF1801,0,1,7,2022,8,5,9,MB,,,,
-32.497194,152.38063,UOF1801,11,0.9,8,2022,8,5,10,MB,,,,
-32.47278,152.388666,UOF1801,13,1.1,7,2022,8,5,11,MB,,,,
-32.488802,152.342636,UOF1801,40,0.7,10,2022,8,5,12,MB,,,,
-32.514876,152.322418,UOF1801,6,0.7,11,2022,8,5,13,MB,,,,
-32.522244,152.322825,UOF1801,15,1,9,2022,8,5,14,MB,,,,
-32.534801,152.320256,UOF1801,8,0.9,9,2022,8,5,15,MB,,,,
-32.537522,152.31901,UOF1801,14,0.8,10,2022,8,5,16,MB,,,,
-32.548667,152.310821,UOF1801,0,0.9,8,2022,8,5,17,MB,,,,
-32.548286,152.307337,UOF1801,4,0.8,10,2022,8,5,18,MB,,,,
-32.542964,152.31077,UOF1801,12,0.9,9,2022,8,5,19,MB,,,,
-32.542888,152.310668,UOF1801,0,1,9,2022,8,5,20,MB,,,,
-32.538171,152.311152,UOF1801,14,0.8,10,2022,8,5,21,MB,,,,
-32.537891,152.311508,UOF1801,36,0.7,11,2022,8,5,22,MB,,,,
-32.53777,152.311431,UOF1801,70,1.6,6,2022,8,5,23,MB,,,,
-32.537891,152.311635,UOF1801,0,0.7,10,2022,8,6,0,MB,,,,
-32.537834,152.311635,UOF1801,8,0.8,9,2022,8,6,1,MB,,,,
-32.537783,152.311584,UOF1801,0,1.2,7,2022,8,6,2,MB,,,,
-32.53777,152.311609,UOF1801,6,0.8,10,2022,8,6,3,MB,,,,
-32.542297,152.310109,UOF1801,22,0.8,9,2022,8,6,4,MB,,,,
-32.542291,152.310134,UOF1801,13,1,9,2022,8,6,5,MB,,,,
-32.549602,152.307515,UOF1801,14,0.9,9,2022,8,6,6,MB,,,,
-32.555165,152.298843,UOF1801,15,0.8,9,2022,8,6,7,MB,,,,
-32.554072,152.298207,UOF1801,0,1.2,7,2022,8,6,8,MB,,,,
-32.554053,152.29808,UOF1801,6,1,7,2022,8,6,9,MB,,,,
-32.554154,152.298233,UOF1801,0,1.2,7,2022,8,6,10,MB,,,,
-32.554084,152.298207,UOF1801,7,0.9,8,2022,8,6,11,MB,,,,
-32.554008,152.298156,UOF1801,13,0.8,9,2022,8,6,12,MB,,,,
-32.554434,152.298792,UOF1801,0,0.9,9,2022,8,6,13,MB,,,,
-32.554332,152.29869,UOF1801,0,1,9,2022,8,6,14,MB,,,,
-32.554402,152.298512,UOF1801,0,1.1,7,2022,8,6,15,MB,,,,
-32.564657,152.298639,UOF1801,3,0.7,11,2022,8,6,16,MB,,,,
-32.592308,152.281168,UOF1801,5,0.9,9,2022,8,6,17,MB,,,,
-32.566043,152.295944,UOF1801,7,1.3,8,2022,8,6,18,MB,,,,
-32.549329,152.307947,UOF1801,7,0.8,10,2022,8,6,19,MB,,,,
-32.548801,152.307846,UOF1801,0,1.3,7,2022,8,6,20,MB,,,,
-32.548814,152.30782,UOF1801,18,0.8,10,2022,8,6,21,MB,,,,
-32.543009,152.310643,UOF1801,0,0.8,9,2022,8,6,22,MB,,,,
-32.543085,152.310694,UOF1801,16,1.2,8,2022,8,6,23,MB,,,,
-32.542926,152.307413,UOF1801,14,0.7,11,2022,8,7,0,MB,,,,
-32.542386,152.310974,UOF1801,101,1.1,7,2022,8,7,1,MB,,,,
-32.543009,152.310694,UOF1801,0,1,8,2022,8,7,2,MB,,,,
-32.543104,152.31077,UOF1801,0,0.8,9,2022,8,7,3,MB,,,,
-32.542977,152.310745,UOF1801,22,1.1,7,2022,8,7,4,MB,,,,
-32.543022,152.310643,UOF1801,0,1.1,8,2022,8,7,5,MB,,,,
-32.542958,152.310643,UOF1801,9,0.8,9,2022,8,7,6,MB,,,,
-32.51822,152.322163,UOF1801,4,0.8,9,2022,8,7,7,MB,,,,
-32.516484,152.325546,UOF1801,16,1.1,8,2022,8,7,8,MB,,,,
-32.516573,152.325673,UOF1801,27,0.8,10,2022,8,7,9,MB,,,,
-32.516656,152.325597,UOF1801,24,0.8,9,2022,8,7,10,MB,,,,
-32.516554,152.325342,UOF1801,0,0.9,8,2022,8,7,11,MB,,,,
-32.516503,152.325647,UOF1801,44,0.8,9,2022,8,7,12,MB,,,,
-32.516427,152.325571,UOF1801,14,0.9,9,2022,8,7,13,MB,,,,
-32.516554,152.32552,UOF1801,21,1.1,8,2022,8,7,14,MB,,,,
-32.501867,152.313008,UOF1801,0,1.1,7,2022,8,7,15,MB,,,,
-32.50003,152.308354,UOF1801,0,1.6,6,2022,8,7,17,MB,,,,
-32.4883,152.343729,UOF1801,35,1.1,8,2022,8,7,18,MB,,,,
-32.483671,152.351765,UOF1801,16,0.9,9,2022,8,7,19,MB,,,,
-32.492986,152.335642,UOF1801,3,1.2,9,2022,8,7,20,MB,,,,
-32.533243,152.321146,UOF1801,10,1,10,2022,8,7,21,MB,,,,
-32.544738,152.307261,UOF1801,11,0.8,10,2022,8,7,22,MB,,,,
-32.544452,152.307769,UOF1801,0,0.8,10,2022,8,7,23,MB,,,,
-32.544427,152.307795,UOF1801,9,0.7,11,2022,8,8,0,MB,,,,
-32.544484,152.307769,UOF1801,4,0.8,9,2022,8,8,1,MB,,,,
-32.544452,152.307846,UOF1801,6,1,8,2022,8,8,2,MB,,,,
-32.544478,152.307769,UOF1801,0,0.8,9,2022,8,8,3,MB,,,,
-32.544452,152.307744,UOF1801,19,0.9,9,2022,8,8,4,MB,,,,
-32.544478,152.307871,UOF1801,23,0.8,10,2022,8,8,5,MB,,,,
-32.54957,152.307795,UOF1801,1,0.8,9,2022,8,8,6,MB,,,,
-32.547281,152.301411,UOF1801,6,1,8,2022,8,8,7,MB,,,,
-32.550638,152.299428,UOF1801,0,1.3,6,2022,8,8,8,MB,,,,
-32.552056,152.303421,UOF1801,14,0.8,9,2022,8,8,9,MB,,,,
-32.552107,152.303497,UOF1801,8,0.7,10,2022,8,8,10,MB,,,,
-32.537516,152.311787,UOF1801,0,0.9,8,2022,8,8,11,MB,,,,
-32.538921,152.317815,UOF1801,0,1,7,2022,8,8,12,MB,,,,
-32.536588,152.319188,UOF1801,0,0.8,9,2022,8,8,13,MB,,,,
-32.521678,152.322952,UOF1801,18,0.8,9,2022,8,8,14,MB,,,,
-32.516217,152.321909,UOF1801,10,0.8,10,2022,8,8,15,MB,,,,
-32.512682,152.320383,UOF1801,0,0.9,8,2022,8,8,16,MB,,,,
-32.50532,152.327529,UOF1801,0,1.2,7,2022,8,8,17,MB,,,,
-32.508956,152.31929,UOF1801,12,0.9,9,2022,8,8,18,MB,,,,
-32.509045,152.319061,UOF1801,13,0.8,10,2022,8,8,19,MB,,,,
-32.5093,152.319366,UOF1801,4,1,9,2022,8,8,20,MB,,,,
-32.509382,152.319366,UOF1801,2,0.9,9,2022,8,8,21,MB,,,,
-32.509281,152.319341,UOF1801,7,0.7,11,2022,8,8,22,MB,,,,
-32.509363,152.319366,UOF1801,18,1.1,9,2022,8,8,23,MB,,,,
-32.509274,152.319366,UOF1801,9,0.8,10,2022,8,9,0,MB,,,,
-32.509287,152.319341,UOF1801,15,0.8,10,2022,8,9,1,MB,,,,
-32.509338,152.319315,UOF1801,13,0.9,9,2022,8,9,2,MB,,,,
-32.509325,152.319341,UOF1801,19,0.9,8,2022,8,9,3,MB,,,,
-32.509332,152.31929,UOF1801,26,1,8,2022,8,9,4,MB,,,,
-32.509363,152.319341,UOF1801,26,0.8,10,2022,8,9,5,MB,,,,
-32.502707,152.306345,UOF1801,0,0.8,10,2022,8,9,6,MB,,,,
-32.489044,152.304921,UOF1801,0,1.5,5,2022,8,9,7,MB,,,,
-32.477129,152.292485,UOF1801,0,1.3,6,2022,8,9,8,MB,,,,
-32.473779,152.293477,UOF1801,18,0.9,8,2022,8,9,9,MB,,,,
-32.473804,152.293553,UOF1801,10,0.7,10,2022,8,9,10,MB,,,,
-32.473766,152.293528,UOF1801,1,1,7,2022,8,9,11,MB,,,,
-32.473899,152.293299,UOF1801,0,0.9,8,2022,8,9,12,MB,,,,
-32.473645,152.29335,UOF1801,0,1.2,8,2022,8,9,13,MB,,,,
-32.487772,152.304768,UOF1801,0,0.8,10,2022,8,9,14,MB,,,,
-32.504671,152.319061,UOF1801,0,0.9,8,2022,8,9,15,MB,,,,
-32.502872,152.32257,UOF1801,3,0.9,8,2022,8,9,16,MB,,,,
-32.528354,152.322443,UOF1801,0,1.2,7,2022,8,9,17,MB,,,,
-32.542844,152.310287,UOF1801,21,0.9,9,2022,8,9,18,MB,,,,
-32.54278,152.31016,UOF1801,14,0.9,9,2022,8,9,19,MB,,,,
-32.542806,152.310236,UOF1801,0,1.1,8,2022,8,9,20,MB,,,,
-32.542856,152.310262,UOF1801,16,0.8,10,2022,8,9,21,MB,,,,
-32.542933,152.310363,UOF1801,13,0.7,11,2022,8,9,22,MB,,,,
-32.542901,152.310236,UOF1801,2,1.3,7,2022,8,9,23,MB,,,,
-32.542799,152.310236,UOF1801,13,0.8,10,2022,8,10,0,MB,,,,
-32.542844,152.310185,UOF1801,0,1,8,2022,8,10,1,MB,,,,
-32.542888,152.310236,UOF1801,8,1,8,2022,8,10,2,MB,,,,
-32.542812,152.310211,UOF1801,0,1.1,7,2022,8,10,3,MB,,,,
-32.542812,152.310211,UOF1801,22,1,9,2022,8,10,4,MB,,,,
-32.540688,152.313593,UOF1801,20,1,8,2022,8,10,5,MB,,,,
-32.515028,152.324732,UOF1801,67,0.9,9,2022,8,10,6,MB,,,,
-32.51396,152.325902,UOF1801,37,0.8,9,2022,8,10,7,MB,,,,
-32.504328,152.33554,UOF1801,33,1,8,2022,8,10,8,MB,,,,
-32.506095,152.329411,UOF1801,2,0.9,8,2022,8,10,9,MB,,,,
-32.505975,152.32936,UOF1801,0,1.3,7,2022,8,10,10,MB,,,,
-32.505994,152.329564,UOF1801,0,0.9,8,2022,8,10,11,MB,,,,
-32.506019,152.329717,UOF1801,8,0.8,9,2022,8,10,12,MB,,,,
-32.506019,152.329589,UOF1801,13,0.9,8,2022,8,10,13,MB,,,,
-32.502745,152.342992,UOF1801,15,1.2,8,2022,8,10,14,MB,,,,
-32.472284,152.380121,UOF1801,2,0.8,10,2022,8,10,16,MB,,,,
-32.464293,152.386912,UOF1801,0,1,8,2022,8,10,17,MB,,,,
-32.456549,152.378214,UOF1801,16,1.4,9,2022,8,10,18,MB,,,,
-32.464248,152.386835,UOF1801,10,0.9,10,2022,8,10,19,MB,,,,
-32.464299,152.386912,UOF1801,0,1.1,8,2022,8,10,20,MB,,,,
-32.464337,152.386912,UOF1801,11,0.7,12,2022,8,10,21,MB,,,,
-32.464331,152.386912,UOF1801,1,0.7,11,2022,8,10,22,MB,,,,
-32.464337,152.386912,UOF1801,25,1.1,9,2022,8,10,23,MB,,,,
-32.464267,152.386912,UOF1801,17,0.8,10,2022,8,11,0,MB,,,,
-32.472056,152.380732,UOF1801,10,0.8,10,2022,8,11,1,MB,,,,
-32.473435,152.374323,UOF1801,10,0.7,10,2022,8,11,2,MB,,,,
-32.473429,152.374272,UOF1801,15,1.1,7,2022,8,11,3,MB,,,,
-32.473403,152.374272,UOF1801,29,0.9,9,2022,8,11,4,MB,,,,
-32.474796,152.367304,UOF1801,18,0.8,10,2022,8,11,5,MB,,,,
-32.492515,152.336456,UOF1801,17,0.8,10,2022,8,11,6,MB,,,,
-32.504277,152.327402,UOF1801,19,0.8,10,2022,8,11,7,MB,,,,
-32.506738,152.324096,UOF1801,0,1.3,7,2022,8,11,8,MB,,,,
-32.506814,152.32402,UOF1801,19,0.9,8,2022,8,11,9,MB,,,,
-32.506776,152.32402,UOF1801,12,1.2,8,2022,8,11,10,MB,,,,
-32.506757,152.324071,UOF1801,28,1.2,7,2022,8,11,11,MB,,,,
-32.506871,152.324325,UOF1801,18,0.7,10,2022,8,11,12,MB,,,,
-32.507265,152.323384,UOF1801,19,0.9,9,2022,8,11,13,MB,,,,
-32.506877,152.323816,UOF1801,20,1,8,2022,8,11,14,MB,,,,
-32.509586,152.320103,UOF1801,2,1,9,2022,8,11,15,MB,,,,
-32.509567,152.320129,UOF1801,0,0.9,8,2022,8,11,16,MB,,,,
-32.505129,152.312169,UOF1801,0,1,7,2022,8,11,17,MB,,,,
-32.507176,152.317281,UOF1801,16,0.9,9,2022,8,11,18,MB,,,,
-32.508193,152.319493,UOF1801,27,1.4,7,2022,8,11,19,MB,,,,
-32.512339,152.320816,UOF1801,0,1.1,8,2022,8,11,20,MB,,,,
-32.539321,152.315806,UOF1801,16,0.7,12,2022,8,11,21,MB,,,,
-32.549685,152.308456,UOF1801,16,0.8,10,2022,8,11,22,MB,,,,
-32.549685,152.308405,UOF1801,12,1,9,2022,8,11,23,MB,,,,
-32.549767,152.30721,UOF1801,11,0.9,9,2022,8,12,0,MB,,,,
-32.542761,152.310211,UOF1801,0,0.9,8,2022,8,12,1,MB,,,,
-32.542818,152.310287,UOF1801,46,0.9,9,2022,8,12,2,MB,,,,
-32.542856,152.310236,UOF1801,15,1,8,2022,8,12,3,MB,,,,
-32.542806,152.310236,UOF1801,7,0.9,9,2022,8,12,4,MB,,,,
-32.542774,152.310287,UOF1801,0,1.8,6,2022,8,12,5,MB,,,,
-32.542093,152.309956,UOF1801,0,0.9,8,2022,8,12,6,MB,,,,
-32.546512,152.295028,UOF1801,7,0.8,9,2022,8,12,7,MB,,,,
-32.551249,152.301132,UOF1801,26,1,8,2022,8,12,8,MB,,,,
-32.55451,152.300877,UOF1801,4,0.7,10,2022,8,12,9,MB,,,,
-32.561084,152.301081,UOF1801,1,1.2,8,2022,8,12,10,MB,,,,
-32.564479,152.297673,UOF1801,17,0.8,9,2022,8,12,11,MB,,,,
-32.544815,152.309728,UOF1801,52,0.8,8,2022,8,12,12,MB,,,,
-32.517215,152.321985,UOF1801,5,0.8,9,2022,8,12,14,MB,,,,
-32.511671,152.319875,UOF1801,21,0.8,9,2022,8,12,15,MB,,,,
-32.505212,152.323257,UOF1801,2,1,8,2022,8,12,16,MB,,,,
-32.504233,152.323028,UOF1801,0,0.8,9,2022,8,12,17,MB,,,,
-32.505205,152.321375,UOF1801,20,0.9,8,2022,8,12,18,MB,,,,
-32.505275,152.321324,UOF1801,27,1.2,8,2022,8,12,19,MB,,,,
-32.505275,152.321273,UOF1801,2,1.1,8,2022,8,12,20,MB,,,,
-32.505288,152.32135,UOF1801,21,1,8,2022,8,12,21,MB,,,,
-32.51033,152.318705,UOF1801,11,0.7,11,2022,8,12,22,MB,,,,
-32.517177,152.322113,UOF1801,27,1.1,9,2022,8,12,23,MB,,,,
-32.517304,152.322062,UOF1801,3,0.9,9,2022,8,13,0,MB,,,,
-32.509338,152.319391,UOF1801,5,0.9,8,2022,8,13,1,MB,,,,
-32.509363,152.319391,UOF1801,1,1.1,7,2022,8,13,2,MB,,,,
-32.509293,152.319315,UOF1801,12,0.8,9,2022,8,13,3,MB,,,,
-32.50949,152.319366,UOF1801,63,0.9,9,2022,8,13,4,MB,,,,
-32.509014,152.318501,UOF1801,0,0.9,9,2022,8,13,5,MB,,,,
-32.509115,152.318628,UOF1801,12,0.8,9,2022,8,13,6,MB,,,,
-32.537401,152.319061,UOF1801,32,1.5,5,2022,8,13,8,MB,,,,
-32.539283,152.315882,UOF1801,7,1.2,6,2022,8,13,9,MB,,,,
-32.543352,152.306727,UOF1801,3,1.8,4,2022,8,13,10,MB,,,,
-32.549214,152.307998,UOF1801,11,1.4,6,2022,8,13,12,MB,,,,
-32.55006,152.30782,UOF1801,10,1.2,7,2022,8,13,13,MB,,,,
-32.550098,152.307846,UOF1801,22,1.2,7,2022,8,13,14,MB,,,,
-32.550034,152.307388,UOF1801,8,1.2,6,2022,8,13,15,MB,,,,
-32.54313,152.309677,UOF1801,19,1.2,5,2022,8,13,16,MB,,,,
-32.548833,152.307566,UOF1801,0,1.4,6,2022,8,13,17,MB,,,,
-32.548845,152.307566,UOF1801,14,0.8,10,2022,8,13,18,MB,,,,
-32.548903,152.307718,UOF1801,0,1.6,6,2022,8,13,19,MB,,,,
-32.570767,152.293731,UOF1801,7,1.3,8,2022,8,13,20,MB,,,,
-32.567353,152.281321,UOF1801,1,0.8,9,2022,8,13,21,MB,,,,
-32.549475,152.306574,UOF1801,7,0.8,10,2022,8,13,22,MB,,,,
-32.548731,152.307769,UOF1801,16,1.1,8,2022,8,13,23,MB,,,,
-32.54882,152.307591,UOF1801,14,0.8,10,2022,8,14,0,MB,,,,
-32.548871,152.30754,UOF1801,0,1.1,7,2022,8,14,1,MB,,,,
-32.548807,152.307617,UOF1801,3,1.1,7,2022,8,14,2,MB,,,,
-32.548884,152.307439,UOF1801,17,1.8,6,2022,8,14,3,MB,,,,
-32.548896,152.30754,UOF1801,22,1,8,2022,8,14,4,MB,,,,
-32.549157,152.308024,UOF1801,2,0.8,8,2022,8,14,5,MB,,,,
-32.549023,152.3081,UOF1801,29,1,7,2022,8,14,6,MB,,,,
-32.549087,152.307896,UOF1801,41,1.1,7,2022,8,14,7,MB,,,,
-32.550047,152.307896,UOF1801,8,1.1,7,2022,8,14,8,MB,,,,
-32.550092,152.307896,UOF1801,11,0.8,9,2022,8,14,9,MB,,,,
-32.549984,152.307413,UOF1801,18,1,8,2022,8,14,10,MB,,,,
-32.549526,152.307362,UOF1801,0,0.7,10,2022,8,14,11,MB,,,,
-32.544166,152.307134,UOF1801,14,0.7,11,2022,8,14,12,MB,,,,
-32.544802,152.310414,UOF1801,22,0.9,9,2022,8,14,13,MB,,,,
-32.516344,152.32313,UOF1801,21,1.2,6,2022,8,14,16,MB,,,,
-32.493736,152.357538,UOF1801,15,1.1,7,2022,8,14,17,MB,,,,
-32.482298,152.384241,UOF1801,22,1.5,7,2022,8,14,18,MB,,,,
-32.479437,152.412063,UOF1801,62,1.6,7,2022,8,14,19,MB,,,,
-32.479354,152.411961,UOF1801,21,1.4,6,2022,8,14,20,MB,,,,
-32.479418,152.41219,UOF1801,68,1.4,7,2022,8,14,21,MB,,,,
-32.481637,152.407867,UOF1801,64,1.3,6,2022,8,14,22,MB,,,,
-32.507456,152.364557,UOF1801,24,1.7,5,2022,8,14,23,MB,,,,
-32.533777,152.32641,UOF1801,6,1,8,2022,8,15,0,MB,,,,
-32.542303,152.311406,UOF1801,4,1.3,6,2022,8,15,1,MB,,,,
-32.548807,152.30754,UOF1801,4,0.9,8,2022,8,15,2,MB,,,,
-32.548896,152.30754,UOF1801,6,0.8,9,2022,8,15,3,MB,,,,
-32.548807,152.30754,UOF1801,16,1,8,2022,8,15,4,MB,,,,
-32.548814,152.307566,UOF1801,0,1.4,6,2022,8,15,5,MB,,,,
-32.548877,152.307566,UOF1801,0,1,7,2022,8,15,6,MB,,,,
-32.548852,152.307439,UOF1801,7,0.8,9,2022,8,15,7,MB,,,,
-32.548737,152.307668,UOF1801,6,0.9,9,2022,8,15,8,MB,,,,
-32.549424,152.307718,UOF1801,8,0.8,9,2022,8,15,9,MB,,,,
-32.549373,152.307718,UOF1801,1,0.9,9,2022,8,15,10,MB,,,,
-32.549278,152.307337,UOF1801,8,0.9,9,2022,8,15,11,MB,,,,
-32.549221,152.307362,UOF1801,23,0.7,11,2022,8,15,12,MB,,,,
-32.549157,152.307286,UOF1801,0,1.2,7,2022,8,15,13,MB,,,,
-32.549799,152.307718,UOF1801,2,0.8,10,2022,8,15,14,MB,,,,
-32.57682,152.289815,UOF1801,9,0.7,11,2022,8,15,15,MB,,,,
-32.580584,152.283304,UOF1801,16,0.9,8,2022,8,15,16,MB,,,,
-32.569725,152.29424,UOF1801,5,1.7,6,2022,8,15,18,MB,,,,
-32.545279,152.307718,UOF1801,1,1,9,2022,8,15,19,MB,,,,
-32.542252,152.310058,UOF1801,1,0.9,9,2022,8,15,20,MB,,,,
-32.523904,152.322469,UOF1801,5,0.9,10,2022,8,15,21,MB,,,,
-32.515829,152.323003,UOF1801,3,0.7,11,2022,8,15,22,MB,,,,
-32.495503,152.305557,UOF1801,0,1.1,8,2022,8,15,23,MB,,,,
-32.493475,152.305557,UOF1801,1,0.8,10,2022,8,16,0,MB,,,,
-32.493227,152.305404,UOF1801,0,0.9,8,2022,8,16,1,MB,,,,
-32.49324,152.305404,UOF1801,0,1.2,7,2022,8,16,2,MB,,,,
-32.493284,152.305353,UOF1801,10,0.9,8,2022,8,16,3,MB,,,,
-32.493609,152.305582,UOF1801,7,0.9,9,2022,8,16,4,MB,,,,
-32.49357,152.305582,UOF1801,0,1.3,7,2022,8,16,5,MB,,,,
-32.493647,152.305557,UOF1801,20,0.9,8,2022,8,16,6,MB,,,,
-32.496508,152.312906,UOF1801,15,0.8,9,2022,8,16,7,MB,,,,
-32.492566,152.321044,UOF1801,9,1.1,7,2022,8,16,8,MB,,,,
-32.492566,152.320968,UOF1801,34,0.9,8,2022,8,16,9,MB,,,,
-32.492649,152.321222,UOF1801,34,0.9,9,2022,8,16,10,MB,,,,
-32.49261,152.321197,UOF1801,36,0.7,10,2022,8,16,11,MB,,,,
-32.492184,152.321095,UOF1801,131,0.9,8,2022,8,16,12,MB,,,,
-32.492808,152.320714,UOF1801,27,0.9,9,2022,8,16,13,MB,,,,
-32.491898,152.322291,UOF1801,18,1.1,8,2022,8,16,14,MB,,,,
-32.490353,152.32402,UOF1801,17,1.1,8,2022,8,16,15,MB,,,,
-32.4887,152.333175,UOF1801,32,1,7,2022,8,16,16,MB,,,,
-32.503209,152.327606,UOF1801,11,1.1,8,2022,8,16,17,MB,,,,
-32.508848,152.321299,UOF1801,25,1.3,7,2022,8,16,18,MB,,,,
-32.515619,152.322926,UOF1801,32,1.1,9,2022,8,16,19,MB,,,,
-32.517037,152.32224,UOF1801,1,0.8,10,2022,8,16,20,MB,,,,
-32.517082,152.322163,UOF1801,2,0.7,11,2022,8,16,21,MB,,,,
-32.51705,152.322214,UOF1801,3,0.7,11,2022,8,16,22,MB,,,,
-32.51705,152.32224,UOF1801,6,0.9,9,2022,8,16,23,MB,,,,
-32.518487,152.32224,UOF1801,4,0.9,8,2022,8,17,0,MB,,,,
-32.542621,152.31105,UOF1801,11,0.9,8,2022,8,17,1,MB,,,,
-32.542666,152.311253,UOF1801,0,0.8,9,2022,8,17,2,MB,,,,
-32.542647,152.311304,UOF1801,16,0.8,9,2022,8,17,3,MB,,,,
-32.542704,152.311253,UOF1801,22,1,8,2022,8,17,4,MB,,,,
-32.542589,152.311279,UOF1801,3,1.1,7,2022,8,17,5,MB,,,,
-32.54271,152.31133,UOF1801,0,0.8,9,2022,8,17,6,MB,,,,
-32.542697,152.311304,UOF1801,13,0.8,9,2022,8,17,7,MB,,,,
-32.544293,152.307134,UOF1801,22,1,8,2022,8,17,8,MB,,,,
-32.544274,152.307184,UOF1801,7,0.8,9,2022,8,17,9,MB,,,,
-32.544001,152.30665,UOF1801,19,0.9,9,2022,8,17,10,MB,,,,
-32.549049,152.307846,UOF1801,32,0.9,8,2022,8,17,11,MB,,,,
-32.54903,152.307795,UOF1801,3,0.9,9,2022,8,17,12,MB,,,,
-32.549043,152.307718,UOF1801,7,1,9,2022,8,17,13,MB,,,,
-32.549271,152.307388,UOF1801,7,0.9,9,2022,8,17,14,MB,,,,
-32.548464,152.307108,UOF1801,3,0.8,10,2022,8,17,15,MB,,,,
-32.530777,152.322036,UOF1801,0,0.9,8,2022,8,17,16,MB,,,,
-32.509548,152.319061,UOF1801,16,1,8,2022,8,17,17,MB,,,,
-32.50902,152.319086,UOF1801,8,0.8,10,2022,8,17,18,MB,,,,
-32.509007,152.319112,UOF1801,50,1,9,2022,8,17,19,MB,,,,
-32.524597,152.32257,UOF1801,3,0.7,12,2022,8,17,20,MB,,,,
-32.543804,152.306905,UOF1801,12,0.7,11,2022,8,17,21,MB,,,,
-32.543918,152.306625,UOF1801,11,0.8,10,2022,8,17,22,MB,,,,
-32.543982,152.30665,UOF1801,4,0.9,9,2022,8,17,23,MB,,,,
-32.543944,152.30665,UOF1801,5,0.9,10,2022,8,18,0,MB,,,,
-32.543861,152.306472,UOF1801,14,0.9,8,2022,8,18,1,MB,,,,
-32.544045,152.306574,UOF1801,0,0.8,10,2022,8,18,2,MB,,,,
-32.543785,152.306803,UOF1801,26,0.8,9,2022,8,18,3,MB,,,,
-32.543988,152.306777,UOF1801,17,1.2,8,2022,8,18,4,MB,,,,
-32.543931,152.306803,UOF1801,14,0.8,10,2022,8,18,5,MB,,,,
-32.547568,152.287984,UOF1801,10,0.8,9,2022,8,18,6,MB,,,,
-32.54964,152.288696,UOF1801,0,0.8,9,2022,8,18,7,MB,,,,
-32.548057,152.287755,UOF1801,27,0.8,10,2022,8,18,8,MB,,,,
-32.549818,152.288798,UOF1801,13,0.8,9,2022,8,18,9,MB,,,,
-32.549875,152.288823,UOF1801,22,1.1,7,2022,8,18,10,MB,,,,
-32.549608,152.288798,UOF1801,8,0.7,11,2022,8,18,11,MB,,,,
-32.54957,152.288899,UOF1801,3,0.8,10,2022,8,18,12,MB,,,,
-32.54985,152.288823,UOF1801,25,1,9,2022,8,18,13,MB,,,,
-32.549691,152.288696,UOF1801,1,0.8,9,2022,8,18,14,MB,,,,
-32.54978,152.289001,UOF1801,44,0.9,10,2022,8,18,15,MB,,,,
-32.549875,152.288798,UOF1801,1,0.9,8,2022,8,18,16,MB,,,,
-32.549825,152.288772,UOF1801,0,1,8,2022,8,18,17,MB,,,,
-32.549653,152.288848,UOF1801,21,0.8,10,2022,8,18,18,MB,,,,
-32.546913,152.296274,UOF1801,0,1.1,8,2022,8,18,19,MB,,,,
-32.543925,152.306727,UOF1801,8,0.9,9,2022,8,18,20,MB,,,,
-32.54395,152.306777,UOF1801,4,0.7,10,2022,8,18,21,MB,,,,
-32.543925,152.306752,UOF1801,15,0.8,9,2022,8,18,22,MB,,,,
-32.543931,152.306828,UOF1801,8,0.8,9,2022,8,18,23,MB,,,,
-32.543931,152.306676,UOF1801,20,0.7,9,2022,8,19,0,MB,,,,
-32.549405,152.307795,UOF1801,9,1,7,2022,8,19,1,MB,,,,
-32.550003,152.307235,UOF1801,7,0.8,9,2022,8,19,2,MB,,,,
-32.549977,152.307184,UOF1801,20,1.1,7,2022,8,19,3,MB,,,,
-32.549729,152.307134,UOF1801,13,0.8,9,2022,8,19,4,MB,,,,
-32.578575,152.286483,UOF1801,17,0.8,10,2022,8,19,5,MB,,,,
-32.570456,152.283203,UOF1801,0,1,7,2022,8,19,6,MB,,,,
-32.57099,152.283406,UOF1801,35,0.9,8,2022,8,19,7,MB,,,,
-32.571047,152.283355,UOF1801,27,1.2,6,2022,8,19,8,MB,,,,
-32.57092,152.283279,UOF1801,0,0.8,9,2022,8,19,9,MB,,,,
-32.570259,152.28366,UOF1801,8,0.9,8,2022,8,19,10,MB,,,,
-32.570316,152.283279,UOF1801,11,0.9,8,2022,8,19,11,MB,,,,
-32.570748,152.284296,UOF1801,0,0.7,11,2022,8,19,12,MB,,,,
-32.570589,152.283686,UOF1801,3,1.2,8,2022,8,19,13,MB,,,,
-32.570278,152.283635,UOF1801,37,0.9,9,2022,8,19,14,MB,,,,
-32.570341,152.283584,UOF1801,23,0.9,8,2022,8,19,15,MB,,,,
-32.57043,152.283762,UOF1801,51,1.2,6,2022,8,19,16,MB,,,,
-32.570252,152.283508,UOF1801,26,0.8,10,2022,8,19,17,MB,,,,
-32.570348,152.283737,UOF1801,20,0.9,9,2022,8,19,18,MB,,,,
-32.570449,152.28361,UOF1801,1,1,9,2022,8,19,19,MB,,,,
-32.570392,152.28361,UOF1801,0,0.7,11,2022,8,19,20,MB,,,,
-32.570379,152.283432,UOF1801,3,0.7,11,2022,8,19,21,MB,,,,
-32.570195,152.283635,UOF1801,28,0.8,10,2022,8,19,22,MB,,,,
-32.570208,152.283635,UOF1801,0,0.8,10,2022,8,19,23,MB,,,,
-32.570602,152.283559,UOF1801,0,0.7,11,2022,8,20,0,MB,,,,
-32.570354,152.283508,UOF1801,0,0.9,8,2022,8,20,1,MB,,,,
-32.570481,152.283457,UOF1801,4,0.8,9,2022,8,20,2,MB,,,,
-32.570322,152.283432,UOF1801,6,1.1,7,2022,8,20,3,MB,,,,
-32.570488,152.283559,UOF1801,0,1.2,7,2022,8,20,4,MB,,,,
-32.570303,152.283711,UOF1801,22,0.9,8,2022,8,20,5,MB,,,,
-32.575008,152.285288,UOF1801,0,0.9,8,2022,8,20,6,MB,,,,
-32.584971,152.287729,UOF1801,0,1.1,8,2022,8,20,7,MB,,,,
-32.570462,152.283711,UOF1801,19,0.9,9,2022,8,20,8,MB,,,,
-32.563748,152.299657,UOF1801,2,0.8,9,2022,8,20,9,MB,,,,
-32.549933,152.307617,UOF1801,0,0.9,8,2022,8,20,10,MB,,,,
-32.542964,152.310745,UOF1801,0,1.1,6,2022,8,20,11,MB,,,,
-32.542558,152.31105,UOF1801,0,0.9,9,2022,8,20,12,MB,,,,
-32.539442,152.318298,UOF1801,3,1,9,2022,8,20,13,MB,,,,
-32.539487,152.318298,UOF1801,12,0.8,10,2022,8,20,14,MB,,,,
-32.539474,152.318323,UOF1801,8,0.8,10,2022,8,20,15,MB,,,,
-32.549284,152.307718,UOF1801,0,0.8,9,2022,8,20,16,MB,,,,
-32.549119,152.307439,UOF1801,6,0.9,9,2022,8,20,17,MB,,,,
-32.542233,152.31077,UOF1801,16,0.8,10,2022,8,20,18,MB,,,,
-32.542914,152.309956,UOF1801,5,1.1,8,2022,8,20,19,MB,,,,
-32.542602,152.310974,UOF1801,3,1.1,8,2022,8,20,20,MB,,,,
-32.542717,152.310897,UOF1801,3,0.8,10,2022,8,20,21,MB,,,,
-32.542666,152.310872,UOF1801,21,0.8,10,2022,8,20,22,MB,,,,
-32.546296,152.308609,UOF1801,9,1,9,2022,8,20,23,MB,,,,
-32.531628,152.321833,UOF1801,12,0.7,10,2022,8,21,0,MB,,,,
-32.50352,152.304311,UOF1801,10,0.9,9,2022,8,21,1,MB,,,,
-32.503412,152.304336,UOF1801,0,0.8,9,2022,8,21,2,MB,,,,
-32.503444,152.304311,UOF1801,16,0.9,9,2022,8,21,3,MB,,,,
-32.503476,152.304361,UOF1801,14,0.8,10,2022,8,21,4,MB,,,,
-32.503495,152.304336,UOF1801,0,0.8,9,2022,8,21,5,MB,,,,
-32.508524,152.318654,UOF1801,0,1,8,2022,8,21,6,MB,,,,
-32.477606,152.359675,UOF1801,0,0.9,8,2022,8,21,7,MB,,,,
-32.471394,152.405909,UOF1801,6,0.8,9,2022,8,21,8,MB,,,,
-32.461673,152.39744,UOF1801,13,0.8,9,2022,8,21,9,MB,,,,
-32.468737,152.389684,UOF1801,10,0.9,9,2022,8,21,10,MB,,,,
-32.455869,152.395584,UOF1801,0,1,9,2022,8,21,13,MB,,,,
-32.455652,152.396219,UOF1801,1,0.9,9,2022,8,21,15,MB,,,,
-32.458749,152.393219,UOF1801,9,0.9,8,2022,8,21,16,MB,,,,
-32.475336,152.364481,UOF1801,0,0.9,9,2022,8,21,17,MB,,,,
-32.497411,152.334574,UOF1801,4,1.1,8,2022,8,21,18,MB,,,,
-32.533612,152.320917,UOF1801,9,1.1,9,2022,8,21,19,MB,,,,
-32.548706,152.307642,UOF1801,0,1,9,2022,8,21,20,MB,,,,
-32.548718,152.307769,UOF1801,0,0.8,10,2022,8,21,21,MB,,,,
-32.545959,152.308049,UOF1801,3,0.7,11,2022,8,21,22,MB,,,,
-32.544242,152.307362,UOF1801,19,1,8,2022,8,21,23,MB,,,,
-32.544249,152.307362,UOF1801,14,0.7,10,2022,8,22,0,MB,,,,
-32.54435,152.307286,UOF1801,0,0.9,9,2022,8,22,1,MB,,,,
-32.544287,152.307235,UOF1801,0,0.8,10,2022,8,22,2,MB,,,,
-32.544281,152.307286,UOF1801,12,1,9,2022,8,22,3,MB,,,,
-32.544338,152.307286,UOF1801,20,1,8,2022,8,22,4,MB,,,,
-32.544331,152.307312,UOF1801,0,1,8,2022,8,22,5,MB,,,,
-32.544306,152.307286,UOF1801,2,0.8,9,2022,8,22,6,MB,,,,
-32.542806,152.310109,UOF1801,0,1.1,8,2022,8,22,7,MB,,,,
-32.542958,152.310668,UOF1801,20,0.8,9,2022,8,22,8,MB,,,,
-32.543028,152.310668,UOF1801,2,0.8,9,2022,8,22,9,MB,,,,
-32.548121,152.310643,UOF1801,19,0.9,9,2022,8,22,10,MB,,,,
-32.549081,152.307032,UOF1801,0,0.7,10,2022,8,22,11,MB,,,,
-32.570488,152.283559,UOF1801,12,1,9,2022,8,22,13,MB,,,,
-32.570875,152.283889,UOF1801,27,0.8,9,2022,8,22,14,MB,,,,
-32.571015,152.28394,UOF1801,11,1.1,6,2022,8,22,15,MB,,,,
-32.571072,152.284042,UOF1801,33,0.9,8,2022,8,22,16,MB,,,,
-32.558033,152.287272,UOF1801,7,0.9,9,2022,8,22,17,MB,,,,
-32.54409,152.290273,UOF1801,8,0.9,9,2022,8,22,18,MB,,,,
-32.544579,152.295181,UOF1801,11,1.1,8,2022,8,22,19,MB,,,,
-32.544668,152.295181,UOF1801,9,0.8,11,2022,8,22,20,MB,,,,
-32.544757,152.295283,UOF1801,13,0.8,9,2022,8,22,21,MB,,,,
-32.544662,152.295257,UOF1801,22,1,9,2022,8,22,22,MB,,,,
-32.544732,152.295232,UOF1801,0,0.9,9,2022,8,22,23,MB,,,,
-32.544656,152.295333,UOF1801,30,0.8,10,2022,8,23,0,MB,,,,
-32.544414,152.295181,UOF1801,4,1.1,7,2022,8,23,1,MB,,,,
-32.544605,152.29513,UOF1801,9,0.8,9,2022,8,23,2,MB,,,,
-32.544668,152.295257,UOF1801,28,1.1,8,2022,8,23,3,MB,,,,
-32.544681,152.295283,UOF1801,25,1.1,8,2022,8,23,4,MB,,,,
-32.5447,152.295562,UOF1801,0,1,9,2022,8,23,5,MB,,,,
-32.541826,152.310287,UOF1801,1,1,7,2022,8,23,6,MB,,,,
-32.544427,152.299402,UOF1801,40,1.3,6,2022,8,23,7,MB,,,,
-32.544408,152.299352,UOF1801,14,1,7,2022,8,23,8,MB,,,,
-32.544579,152.297088,UOF1801,0,1.5,7,2022,8,23,9,MB,,,,
-32.544745,152.297342,UOF1801,26,1.3,6,2022,8,23,10,MB,,,,
-32.544535,152.297012,UOF1801,27,0.8,9,2022,8,23,11,MB,,,,
-32.544802,152.297164,UOF1801,8,0.9,9,2022,8,23,12,MB,,,,
-32.544687,152.297368,UOF1801,0,0.8,10,2022,8,23,13,MB,,,,
-32.544586,152.297241,UOF1801,10,0.7,10,2022,8,23,14,MB,,,,
-32.544522,152.296071,UOF1801,20,0.9,8,2022,8,23,15,MB,,,,
-32.54271,152.31105,UOF1801,13,0.9,8,2022,8,23,16,MB,,,,
-32.543143,152.306727,UOF1801,9,1.6,5,2022,8,23,18,MB,,,,
-32.544363,152.297851,UOF1801,83,1.5,6,2022,8,23,19,MB,,,,
-32.544325,152.297622,UOF1801,7,0.7,11,2022,8,23,20,MB,,,,
-32.544382,152.297546,UOF1801,10,0.8,10,2022,8,23,21,MB,,,,
-32.544497,152.297444,UOF1801,10,1,9,2022,8,23,22,MB,,,,
-32.544389,152.297597,UOF1801,15,0.9,9,2022,8,23,23,MB,,,,
-32.544274,152.297597,UOF1801,9,0.8,8,2022,8,24,0,MB,,,,
-32.544211,152.297597,UOF1801,26,1,6,2022,8,24,1,MB,,,,
-32.544363,152.297546,UOF1801,0,1,7,2022,8,24,2,MB,,,,
-32.544363,152.297597,UOF1801,14,1.3,6,2022,8,24,3,MB,,,,
-32.544389,152.297495,UOF1801,33,0.9,9,2022,8,24,4,MB,,,,
-32.544338,152.307312,UOF1801,0,0.8,9,2022,8,24,5,MB,,,,
-32.544338,152.307312,UOF1801,5,0.8,9,2022,8,24,6,MB,,,,
-32.544306,152.307337,UOF1801,0,1.2,7,2022,8,24,7,MB,,,,
-32.544312,152.307286,UOF1801,2,1.1,7,2022,8,24,8,MB,,,,
-32.548375,152.3081,UOF1801,0,0.9,8,2022,8,24,9,MB,,,,
-32.544815,152.296351,UOF1801,0,0.8,9,2022,8,24,10,MB,,,,
-32.544687,152.297317,UOF1801,0,1,7,2022,8,24,11,MB,,,,
-32.544211,152.307286,UOF1801,18,0.9,9,2022,8,24,12,MB,,,,
-32.544293,152.307261,UOF1801,0,1.1,8,2022,8,24,13,MB,,,,
-32.544211,152.307312,UOF1801,3,1.1,7,2022,8,24,14,MB,,,,
-32.542659,152.309702,UOF1801,0,1,8,2022,8,24,15,MB,,,,
-32.513223,152.327351,UOF1801,0,0.9,9,2022,8,24,16,MB,,,,
-32.507577,152.325978,UOF1801,24,0.8,10,2022,8,24,17,MB,,,,
-32.501162,152.308151,UOF1801,6,0.9,9,2022,8,24,18,MB,,,,
-32.503927,152.305557,UOF1801,9,1,9,2022,8,24,19,MB,,,,
-32.536397,152.319569,UOF1801,4,0.7,12,2022,8,24,20,MB,,,,
-32.544198,152.307134,UOF1801,18,1.1,8,2022,8,24,21,MB,,,,
-32.544344,152.30721,UOF1801,7,1.3,8,2022,8,24,22,MB,,,,
-32.544204,152.307032,UOF1801,10,0.8,8,2022,8,24,23,MB,,,,
-32.544312,152.307184,UOF1801,14,0.9,7,2022,8,25,0,MB,,,,
-32.544242,152.30721,UOF1801,1,1,7,2022,8,25,1,MB,,,,
-32.544242,152.307312,UOF1801,0,1,7,2022,8,25,2,MB,,,,
-32.544236,152.307108,UOF1801,8,1.2,7,2022,8,25,3,MB,,,,
-32.544249,152.307134,UOF1801,8,0.9,9,2022,8,25,4,MB,,,,
-32.544293,152.307184,UOF1801,5,0.9,8,2022,8,25,5,MB,,,,
-32.543944,152.302429,UOF1801,20,0.8,9,2022,8,25,6,MB,,,,
-32.547033,152.290095,UOF1801,14,1,8,2022,8,25,7,MB,,,,
-32.544776,152.297953,UOF1801,7,0.8,9,2022,8,25,8,MB,,,,
-32.542456,152.31077,UOF1801,36,1.2,6,2022,8,25,9,MB,,,,
-32.542189,152.310287,UOF1801,0,0.8,9,2022,8,25,10,MB,,,,
-32.551567,152.306549,UOF1801,0,0.7,10,2022,8,25,11,MB,,,,
-32.551535,152.306523,UOF1801,0,1,8,2022,8,25,12,MB,,,,
-32.56041,152.300725,UOF1801,25,1.1,8,2022,8,25,13,MB,,,,
-32.560448,152.300776,UOF1801,3,0.9,8,2022,8,25,14,MB,,,,
-32.542469,152.3096,UOF1801,6,1.2,7,2022,8,25,15,MB,,,,
-32.542297,152.310236,UOF1801,0,1,8,2022,8,25,16,MB,,,,
-32.542456,152.310668,UOF1801,0,0.9,10,2022,8,25,17,MB,,,,
-32.542144,152.310363,UOF1801,9,1.1,9,2022,8,25,18,MB,,,,
-32.54217,152.310465,UOF1801,0,1,9,2022,8,25,19,MB,,,,
-32.541934,152.310592,UOF1801,0,0.7,12,2022,8,25,20,MB,,,,
-32.539105,152.318069,UOF1801,14,0.8,10,2022,8,25,21,MB,,,,
-32.538838,152.317713,UOF1801,6,1.4,6,2022,8,25,22,MB,,,,
-32.538419,152.318018,UOF1801,0,0.9,8,2022,8,25,23,MB,,,,
-32.538406,152.318018,UOF1801,75,0.8,8,2022,8,26,0,MB,,,,
-32.538419,152.317993,UOF1801,7,0.9,8,2022,8,26,1,MB,,,,
-32.538304,152.317967,UOF1801,16,0.9,7,2022,8,26,2,MB,,,,
-32.538387,152.318044,UOF1801,0,1.3,6,2022,8,26,3,MB,,,,
-32.538489,152.317891,UOF1801,0,0.9,8,2022,8,26,4,MB,,,,
-32.538482,152.317942,UOF1801,0,0.8,9,2022,8,26,5,MB,,,,
-32.538476,152.317967,UOF1801,7,0.8,9,2022,8,26,6,MB,,,,
-32.518665,152.32224,UOF1801,6,1,8,2022,8,26,7,MB,,,,
-32.510571,152.333328,UOF1801,1,0.8,9,2022,8,26,8,MB,,,,
-32.508136,152.331319,UOF1801,0,0.9,8,2022,8,26,9,MB,,,,
-32.504341,152.331624,UOF1801,0,1,8,2022,8,26,10,MB,,,,
-32.50422,152.331827,UOF1801,20,1.9,5,2022,8,26,11,MB,,,,
-32.504182,152.331598,UOF1801,8,1,8,2022,8,26,12,MB,,,,
-32.504525,152.331395,UOF1801,38,1,9,2022,8,26,13,MB,,,,
-32.504271,152.331573,UOF1801,0,1,8,2022,8,26,14,MB,,,,
-32.506725,152.330785,UOF1801,0,0.8,9,2022,8,26,15,MB,,,,
-32.506242,152.331929,UOF1801,0,0.9,9,2022,8,26,16,MB,,,,
-32.506216,152.331954,UOF1801,6,0.8,10,2022,8,26,17,MB,,,,
-32.505021,152.337142,UOF1801,11,1.1,8,2022,8,26,18,MB,,,,
-32.505129,152.337168,UOF1801,20,0.8,10,2022,8,26,19,MB,,,,
-32.51499,152.325012,UOF1801,7,0.7,12,2022,8,26,20,MB,,,,
-32.538743,152.316111,UOF1801,24,0.9,8,2022,8,26,21,MB,,,,
-32.542736,152.310338,UOF1801,0,1.1,8,2022,8,26,22,MB,,,,
-32.548915,152.30838,UOF1801,10,1,7,2022,8,26,23,MB,,,,
-32.549469,152.308227,UOF1801,0,1,8,2022,8,27,0,MB,,,,
-32.549144,152.308074,UOF1801,0,0.9,8,2022,8,27,1,MB,,,,
-32.537897,152.318145,UOF1801,10,1,7,2022,8,27,2,MB,,,,
-32.537401,152.319035,UOF1801,26,1.6,6,2022,8,27,3,MB,,,,
-32.537357,152.319086,UOF1801,0,0.9,8,2022,8,27,4,MB,,,,
-32.549208,152.30782,UOF1801,0,1.2,6,2022,8,27,6,MB,,,,
-32.54985,152.307718,UOF1801,0,1.8,5,2022,8,27,7,MB,,,,
-32.54999,152.307744,UOF1801,5,1.3,6,2022,8,27,8,MB,,,,
-32.549742,152.307413,UOF1801,0,1.3,6,2022,8,27,9,MB,,,,
-32.552412,152.303344,UOF1801,21,1.6,5,2022,8,27,10,MB,,,,
-32.553366,152.299224,UOF1801,25,1.5,6,2022,8,27,11,MB,,,,
-32.54903,152.307413,UOF1801,0,1.1,7,2022,8,27,12,MB,,,,
-32.549113,152.30749,UOF1801,0,1.7,6,2022,8,27,13,MB,,,,
-32.549068,152.307439,UOF1801,3,1.4,5,2022,8,27,14,MB,,,,
-32.549151,152.307439,UOF1801,7,1.2,6,2022,8,27,15,MB,,,,
-32.547097,152.3081,UOF1801,6,1,8,2022,8,27,16,MB,,,,
-32.542119,152.310033,UOF1801,12,1.4,7,2022,8,27,17,MB,,,,
-32.523948,152.322621,UOF1801,37,1.2,8,2022,8,27,18,MB,,,,
-32.525938,152.322418,UOF1801,29,1.2,8,2022,8,27,19,MB,,,,
-32.526854,152.321985,UOF1801,12,0.9,8,2022,8,27,20,MB,,,,
-32.52398,152.322545,UOF1801,2,0.8,10,2022,8,27,21,MB,,,,
-32.524565,152.322672,UOF1801,18,1.1,8,2022,8,27,22,MB,,,,
-32.524679,152.322723,UOF1801,14,0.9,8,2022,8,27,23,MB,,,,
-32.524584,152.322647,UOF1801,10,1.3,7,2022,8,28,0,MB,,,,
-32.52447,152.322647,UOF1801,4,0.8,9,2022,8,28,1,MB,,,,
-32.524463,152.32257,UOF1801,18,1,7,2022,8,28,2,MB,,,,
-32.52447,152.322672,UOF1801,13,1.1,8,2022,8,28,3,MB,,,,
-32.524559,152.322672,UOF1801,20,1,8,2022,8,28,4,MB,,,,
-32.525201,152.322291,UOF1801,0,0.9,8,2022,8,28,5,MB,,,,
-32.490048,152.304209,UOF1801,0,0.9,8,2022,8,28,6,MB,,,,
-32.487035,152.346832,UOF1801,80,1,8,2022,8,28,8,MB,,,,
-32.472672,152.388565,UOF1801,4,0.9,9,2022,8,28,9,MB,,,,
-32.476048,152.405222,UOF1801,42,0.8,9,2022,8,28,10,MB,,,,
-32.475978,152.405197,UOF1801,41,0.7,12,2022,8,28,11,MB,,,,
-32.49619,152.386937,UOF1801,8,1.2,7,2022,8,28,12,MB,,,,
-32.504391,152.366109,UOF1801,7,0.7,11,2022,8,28,13,MB,,,,
-32.505981,152.349553,UOF1801,23,0.8,10,2022,8,28,15,MB,,,,
-32.50888,152.346374,UOF1801,0,0.8,9,2022,8,28,16,MB,,,,
-32.508931,152.346349,UOF1801,15,0.8,10,2022,8,28,17,MB,,,,
-32.508912,152.346425,UOF1801,15,0.9,10,2022,8,28,18,MB,,,,
-32.508937,152.346374,UOF1801,8,0.9,9,2022,8,28,19,MB,,,,
-32.508931,152.346425,UOF1801,19,0.7,11,2022,8,28,20,MB,,,,
-32.508906,152.346298,UOF1801,24,0.9,9,2022,8,28,21,MB,,,,
-32.508931,152.346374,UOF1801,15,1.1,8,2022,8,28,22,MB,,,,
-32.508931,152.346425,UOF1801,2,0.8,9,2022,8,28,23,MB,,,,
-32.508982,152.346399,UOF1801,3,1.2,6,2022,8,29,0,MB,,,,
-32.508931,152.346374,UOF1801,8,0.8,8,2022,8,29,1,MB,,,,
-32.508887,152.346425,UOF1801,23,1.1,6,2022,8,29,2,MB,,,,
-32.508887,152.346374,UOF1801,15,1.3,7,2022,8,29,3,MB,,,,
-32.519758,152.345255,UOF1801,15,0.9,9,2022,8,29,4,MB,,,,
-32.543619,152.310312,UOF1801,0,1.3,7,2022,8,29,5,MB,,,,
-32.560201,152.29986,UOF1801,0,0.9,8,2022,8,29,6,MB,,,,
-32.568847,152.294977,UOF1801,5,1,8,2022,8,29,7,MB,,,,
-32.557072,152.301793,UOF1801,9,0.9,9,2022,8,29,8,MB,,,,
-32.552323,152.30543,UOF1801,7,1.4,7,2022,8,29,9,MB,,,,
-32.552215,152.305353,UOF1801,8,1,7,2022,8,29,10,MB,,,,
-32.55219,152.305353,UOF1801,23,0.7,11,2022,8,29,11,MB,,,,
-32.552202,152.305379,UOF1801,5,0.9,9,2022,8,29,12,MB,,,,
-32.552241,152.305379,UOF1801,17,1,8,2022,8,29,13,MB,,,,
-32.552177,152.305328,UOF1801,12,1,7,2022,8,29,14,MB,,,,
-32.552228,152.305404,UOF1801,14,0.8,9,2022,8,29,15,MB,,,,
-32.528596,152.322341,UOF1801,47,1,8,2022,8,29,16,MB,,,,
-32.51307,152.327479,UOF1801,16,0.9,9,2022,8,29,17,MB,,,,
-32.508041,152.330047,UOF1801,11,1.4,7,2022,8,29,18,MB,,,,
-32.508054,152.330047,UOF1801,0,0.8,10,2022,8,29,19,MB,,,,
-32.50806,152.330022,UOF1801,10,0.7,11,2022,8,29,20,MB,,,,
-32.511919,152.319951,UOF1801,7,0.8,10,2022,8,29,21,MB,,,,
-32.543651,152.309982,UOF1801,4,1.1,8,2022,8,29,22,MB,,,,
-32.542799,152.310846,UOF1801,11,1.1,6,2022,8,29,23,MB,,,,
-32.549138,152.307464,UOF1801,12,1,8,2022,8,30,0,MB,,,,
-32.542729,152.31049,UOF1801,11,0.9,8,2022,8,30,1,MB,,,,
-32.543066,152.310618,UOF1801,15,1,7,2022,8,30,2,MB,,,,
-32.543009,152.310694,UOF1801,23,1,9,2022,8,30,3,MB,,,,
-32.542984,152.310694,UOF1801,0,0.9,9,2022,8,30,4,MB,,,,
-32.542748,152.310567,UOF1801,3,0.9,8,2022,8,30,5,MB,,,,
-32.549621,152.307388,UOF1801,0,0.9,8,2022,8,30,6,MB,,,,
-32.54196,152.310211,UOF1801,14,1.1,7,2022,8,30,7,MB,,,,
-32.541941,152.310109,UOF1801,8,0.7,10,2022,8,30,8,MB,,,,
-32.542125,152.309906,UOF1801,0,0.9,9,2022,8,30,9,MB,,,,
-32.542717,152.310033,UOF1801,9,0.8,9,2022,8,30,10,MB,,,,
-32.542926,152.310618,UOF1801,11,0.8,9,2022,8,30,11,MB,,,,
-32.54299,152.310643,UOF1801,11,1.1,8,2022,8,30,12,MB,,,,
-32.542717,152.310516,UOF1801,16,0.7,11,2022,8,30,13,MB,,,,
-32.542977,152.309931,UOF1801,9,0.7,11,2022,8,30,14,MB,,,,
-32.542844,152.309982,UOF1801,0,0.8,9,2022,8,30,15,MB,,,,
-32.542602,152.310567,UOF1801,20,1.1,7,2022,8,30,16,MB,,,,
-32.542952,152.310694,UOF1801,15,0.8,10,2022,8,30,17,MB,,,,
-32.542335,152.310414,UOF1801,14,0.9,10,2022,8,30,18,MB,,,,
-32.542386,152.309804,UOF1801,2,0.9,9,2022,8,30,19,MB,,,,
-32.542132,152.310007,UOF1801,7,0.7,11,2022,8,30,20,MB,,,,
-32.543143,152.31077,UOF1801,22,0.9,9,2022,8,30,21,MB,,,,
-32.542952,152.310821,UOF1801,0,1,9,2022,8,30,22,MB,,,,
-32.542971,152.31077,UOF1801,19,0.8,8,2022,8,30,23,MB,,,,
-32.542945,152.310668,UOF1801,3,0.9,8,2022,8,31,1,MB,,,,
-32.543015,152.310872,UOF1801,0,0.9,8,2022,8,31,2,MB,,,,
-32.550009,152.307668,UOF1801,18,1,8,2022,8,31,3,MB,,,,
-32.550104,152.307642,UOF1801,0,1.1,7,2022,8,31,4,MB,,,,
-32.549793,152.30749,UOF1801,0,0.9,8,2022,8,31,5,MB,,,,
-32.571308,152.285161,UOF1801,58,0.9,8,2022,8,31,6,MB,,,,
-32.568072,152.277608,UOF1801,49,1.3,7,2022,8,31,7,MB,,,,
-32.541954,152.310134,UOF1801,9,1,9,2022,8,31,8,MB,,,,
-32.538012,152.311915,UOF1801,13,1.5,6,2022,8,31,9,MB,,,,
-32.542882,152.310643,UOF1801,59,0.9,8,2022,8,31,10,MB,,,,
-32.542812,152.310567,UOF1801,25,1.2,7,2022,8,31,11,MB,,,,
-32.543003,152.310643,UOF1801,0,1.1,8,2022,8,31,12,MB,,,,
-32.543073,152.310694,UOF1801,16,1,8,2022,8,31,13,MB,,,,
-32.543073,152.310643,UOF1801,6,0.8,10,2022,8,31,14,MB,,,,
-32.54238,152.311075,UOF1801,0,0.9,8,2022,8,31,15,MB,,,,
-32.549564,152.307973,UOF1801,4,0.9,8,2022,8,31,16,MB,,,,
-32.542907,152.310719,UOF1801,15,0.8,10,2022,8,31,17,MB,,,,
-32.542945,152.310719,UOF1801,0,1.4,8,2022,8,31,18,MB,,,,
-32.541858,152.310007,UOF1801,5,1,8,2022,8,31,19,MB,,,,
-32.543168,152.310694,UOF1801,15,0.8,9,2022,8,31,20,MB,,,,
-32.542837,152.310618,UOF1801,0,0.8,10,2022,8,31,21,MB,,,,
-32.542996,152.310668,UOF1801,13,0.8,9,2022,8,31,22,MB,,,,
-32.542558,152.310567,UOF1801,19,0.7,9,2022,8,31,23,MB,,,,
-32.543047,152.310745,UOF1801,0,1,7,2022,9,1,0,MB,,,,
-32.54292,152.310694,UOF1801,0,0.9,8,2022,9,1,1,MB,,,,
-32.543098,152.310694,UOF1801,0,1.7,5,2022,9,1,2,MB,,,,
-32.54285,152.310745,UOF1801,0,1.7,5,2022,9,1,3,MB,,,,
-32.542526,152.309448,UOF1801,23,1,8,2022,9,1,4,MB,,,,
-32.509401,152.318145,UOF1801,0,0.8,9,2022,9,1,5,MB,,,,
-32.492477,152.304616,UOF1801,0,0.8,9,2022,9,1,6,MB,,,,
-32.487842,152.306498,UOF1801,66,0.8,9,2022,9,1,7,MB,,,,
-32.496501,152.32341,UOF1801,7,1.1,8,2022,9,1,9,MB,,,,
-32.496343,152.323435,UOF1801,0,0.8,9,2022,9,1,10,MB,,,,
-32.496438,152.32341,UOF1801,16,0.8,10,2022,9,1,11,MB,,,,
-32.496425,152.323359,UOF1801,5,1,9,2022,9,1,12,MB,,,,
-32.496508,152.323359,UOF1801,12,0.8,10,2022,9,1,13,MB,,,,
-32.496406,152.323359,UOF1801,8,0.8,10,2022,9,1,14,MB,,,,
-32.491657,152.338134,UOF1801,4,0.8,9,2022,9,1,15,MB,,,,
-32.470752,152.385665,UOF1801,6,1.1,8,2022,9,1,16,MB,,,,
-32.491358,152.404103,UOF1801,6,0.8,10,2022,9,1,17,MB,,,,
-32.522956,152.339686,UOF1801,10,1.5,8,2022,9,1,18,MB,,,,
-32.549596,152.307947,UOF1801,0,0.8,10,2022,9,1,19,MB,,,,
-32.549214,152.307388,UOF1801,0,0.7,11,2022,9,1,20,MB,,,,
-32.549329,152.307973,UOF1801,12,0.8,10,2022,9,1,21,MB,,,,
-32.542952,152.310694,UOF1801,17,1,8,2022,9,1,22,MB,,,,
-32.542875,152.310821,UOF1801,23,1.1,6,2022,9,1,23,MB,,,,
-32.54292,152.310719,UOF1801,0,1.1,6,2022,9,2,0,MB,,,,
-32.542895,152.310694,UOF1801,9,1,7,2022,9,2,1,MB,,,,
-32.542882,152.310592,UOF1801,44,0.9,8,2022,9,2,2,MB,,,,
-32.54292,152.310719,UOF1801,0,1,7,2022,9,2,3,MB,,,,
-32.543104,152.310541,UOF1801,1,1.1,7,2022,9,2,4,MB,,,,
-32.543003,152.310719,UOF1801,0,0.9,8,2022,9,2,5,MB,,,,
-32.5469,152.3081,UOF1801,0,0.9,8,2022,9,2,6,MB,,,,
-32.550257,152.30782,UOF1801,0,0.8,10,2022,9,2,7,MB,,,,
-32.550244,152.307795,UOF1801,2,0.7,10,2022,9,2,8,MB,,,,
-32.549748,152.307261,UOF1801,3,1,8,2022,9,2,9,MB,,,,
-32.549793,152.307439,UOF1801,11,0.9,8,2022,9,2,10,MB,,,,
-32.549138,152.307922,UOF1801,0,0.8,10,2022,9,2,11,MB,,,,
-32.542062,152.310211,UOF1801,2,1,9,2022,9,2,12,MB,,,,
-32.537274,152.311482,UOF1801,2,0.9,9,2022,9,2,13,MB,,,,
-32.525391,152.322697,UOF1801,0,1,8,2022,9,2,14,MB,,,,
-32.524082,152.322774,UOF1801,0,0.9,8,2022,9,2,15,MB,,,,
-32.524005,152.322723,UOF1801,82,1.1,8,2022,9,2,16,MB,,,,
-32.524012,152.322723,UOF1801,17,0.8,10,2022,9,2,17,MB,,,,
-32.524133,152.322875,UOF1801,7,1,9,2022,9,2,18,MB,,,,
-32.524152,152.322799,UOF1801,0,0.9,9,2022,9,2,19,MB,,,,
-32.52412,152.322697,UOF1801,7,0.9,9,2022,9,2,20,MB,,,,
-32.524133,152.322723,UOF1801,10,0.9,9,2022,9,2,21,MB,,,,
-32.524145,152.322723,UOF1801,0,0.8,9,2022,9,2,22,MB,,,,
-32.52398,152.322926,UOF1801,43,1,7,2022,9,2,23,MB,,,,
-32.52398,152.322697,UOF1801,0,1.4,5,2022,9,3,0,MB,,,,
-32.523662,152.322926,UOF1801,25,1.1,6,2022,9,3,1,MB,,,,
-32.52405,152.322672,UOF1801,22,0.9,8,2022,9,3,2,MB,,,,
-32.524075,152.322748,UOF1801,18,1.4,7,2022,9,3,3,MB,,,,
-32.52412,152.322697,UOF1801,0,1.3,7,2022,9,3,4,MB,,,,
-32.524203,152.322621,UOF1801,7,0.8,9,2022,9,3,5,MB,,,,
-32.548718,152.308558,UOF1801,29,0.9,8,2022,9,3,6,MB,,,,
-32.548057,152.308456,UOF1801,8,1.1,8,2022,9,3,7,MB,,,,
-32.548197,152.308659,UOF1801,11,0.8,9,2022,9,3,8,MB,,,,
-32.552145,152.303573,UOF1801,11,1.2,7,2022,9,3,9,MB,,,,
-32.554237,152.304107,UOF1801,112,1,8,2022,9,3,10,MB,,,,
-32.54999,152.308532,UOF1801,2,0.9,10,2022,9,3,11,MB,,,,
-32.542437,152.31049,UOF1801,0,1,9,2022,9,3,12,MB,,,,
-32.541909,152.310363,UOF1801,6,1.1,7,2022,9,3,13,MB,,,,
-32.542513,152.309626,UOF1801,10,0.8,9,2022,9,3,14,MB,,,,
-32.542977,152.310719,UOF1801,0,0.8,9,2022,9,3,15,MB,,,,
-32.545654,152.313822,UOF1801,3,0.9,8,2022,9,3,16,MB,,,,
-32.529365,152.322647,UOF1801,12,1,9,2022,9,3,17,MB,,,,
-32.508944,152.31929,UOF1801,0,1,9,2022,9,3,18,MB,,,,
-32.536829,152.319417,UOF1801,34,0.9,9,2022,9,3,19,MB,,,,
-32.541464,152.312169,UOF1801,3,1,9,2022,9,3,20,MB,,,,
-32.542984,152.310745,UOF1801,6,0.8,10,2022,9,3,21,MB,,,,
-32.54306,152.310668,UOF1801,31,0.8,9,2022,9,3,22,MB,,,,
-32.543104,152.310516,UOF1801,18,0.8,9,2022,9,3,23,MB,,,,
-32.543085,152.310592,UOF1801,0,1.1,6,2022,9,4,0,MB,,,,
-32.543225,152.310541,UOF1801,0,0.7,10,2022,9,4,1,MB,,,,
-32.543047,152.310541,UOF1801,0,1,8,2022,9,4,2,MB,,,,
-32.54299,152.310618,UOF1801,0,1.5,6,2022,9,4,3,MB,,,,
-32.543136,152.310567,UOF1801,15,0.9,8,2022,9,4,4,MB,,,,
-32.543162,152.310567,UOF1801,3,0.8,9,2022,9,4,5,MB,,,,
-32.538934,152.316518,UOF1801,54,1,7,2022,9,4,6,MB,,,,
-32.515416,152.343755,UOF1801,14,0.9,9,2022,9,4,7,MB,,,,
-32.51087,152.344924,UOF1801,26,0.8,9,2022,9,4,8,MB,,,,
-32.508906,152.346349,UOF1801,0,0.9,8,2022,9,4,9,MB,,,,
-32.507253,152.347468,UOF1801,27,0.8,9,2022,9,4,10,MB,,,,
-32.507157,152.347569,UOF1801,54,0.9,9,2022,9,4,11,MB,,,,
-32.506979,152.347646,UOF1801,6,1,9,2022,9,4,12,MB,,,,
-32.507742,152.346806,UOF1801,1,0.9,8,2022,9,4,13,MB,,,,
-32.508842,152.346349,UOF1801,12,0.8,9,2022,9,4,14,MB,,,,
-32.508925,152.346349,UOF1801,0,0.9,8,2022,9,4,15,MB,,,,
-32.508925,152.346323,UOF1801,5,1.1,8,2022,9,4,16,MB,,,,
-32.508969,152.346349,UOF1801,13,0.8,10,2022,9,4,17,MB,,,,
-32.50888,152.346399,UOF1801,0,1.1,8,2022,9,4,18,MB,,,,
-32.508937,152.346374,UOF1801,8,0.7,12,2022,9,4,19,MB,,,,
-32.50895,152.346349,UOF1801,23,0.8,10,2022,9,4,20,MB,,,,
-32.508855,152.346349,UOF1801,0,0.8,10,2022,9,4,21,MB,,,,
-32.508899,152.346476,UOF1801,12,0.7,10,2022,9,4,22,MB,,,,
-32.512453,152.349502,UOF1801,19,0.9,8,2022,9,4,23,MB,,,,
-32.541839,152.310211,UOF1801,20,0.9,8,2022,9,5,0,MB,,,,
-32.549119,152.307312,UOF1801,31,0.9,8,2022,9,5,1,MB,,,,
-32.549132,152.307413,UOF1801,14,1.1,8,2022,9,5,2,MB,,,,
-32.549176,152.307413,UOF1801,28,0.9,8,2022,9,5,3,MB,,,,
-32.549138,152.307413,UOF1801,12,0.8,9,2022,9,5,4,MB,,,,
-32.549157,152.307413,UOF1801,6,0.9,8,2022,9,5,5,MB,,,,
-32.566539,152.296198,UOF1801,16,1.5,6,2022,9,5,6,MB,,,,
-32.56619,152.291264,UOF1801,15,1.2,7,2022,9,5,7,MB,,,,
-32.576025,152.291163,UOF1801,80,1.3,8,2022,9,5,8,MB,,,,
-32.578136,152.290171,UOF1801,18,0.9,8,2022,9,5,9,MB,,,,
-32.578212,152.290171,UOF1801,10,0.8,9,2022,9,5,10,MB,,,,
-32.57825,152.290171,UOF1801,4,0.7,11,2022,9,5,11,MB,,,,
-32.578219,152.290095,UOF1801,5,1.1,8,2022,9,5,12,MB,,,,
-32.568237,152.28155,UOF1801,4,0.9,8,2022,9,5,13,MB,,,,
-32.570093,152.282363,UOF1801,15,0.8,9,2022,9,5,14,MB,,,,
-32.565223,152.279846,UOF1801,0,0.8,9,2022,9,5,15,MB,,,,
-32.564982,152.279973,UOF1801,0,1.1,9,2022,9,5,16,MB,,,,
-32.565007,152.279973,UOF1801,0,1,9,2022,9,5,17,MB,,,,
-32.565217,152.280049,UOF1801,39,1.6,6,2022,9,5,18,MB,,,,
-32.566476,152.282796,UOF1801,21,0.9,10,2022,9,5,19,MB,,,,
-32.566488,152.282541,UOF1801,24,0.8,9,2022,9,5,20,MB,,,,
-32.566501,152.282516,UOF1801,32,1.2,8,2022,9,5,21,MB,,,,
-32.566514,152.282745,UOF1801,14,0.8,8,2022,9,5,22,MB,,,,
-32.566539,152.282719,UOF1801,0,0.8,9,2022,9,5,23,MB,,,,
-32.572954,152.286076,UOF1801,0,1.4,5,2022,9,6,0,MB,,,,
-32.572999,152.286204,UOF1801,4,1,7,2022,9,6,1,MB,,,,
-32.572973,152.286102,UOF1801,19,1,7,2022,9,6,2,MB,,,,
-32.573075,152.286254,UOF1801,20,1.5,6,2022,9,6,3,MB,,,,
-32.573082,152.286204,UOF1801,17,0.8,9,2022,9,6,4,MB,,,,
-32.573139,152.286229,UOF1801,0,1.4,6,2022,9,6,5,MB,,,,
-32.573031,152.286102,UOF1801,23,1.1,8,2022,9,6,6,MB,,,,
-32.572973,152.286127,UOF1801,16,1,7,2022,9,6,7,MB,,,,
-32.574042,152.286305,UOF1801,4,0.9,8,2022,9,6,8,MB,,,,
-32.574175,152.286432,UOF1801,2,0.9,8,2022,9,6,9,MB,,,,
-32.574143,152.286483,UOF1801,10,0.9,9,2022,9,6,10,MB,,,,
-32.574086,152.286331,UOF1801,1,0.7,11,2022,9,6,11,MB,,,,
-32.574175,152.286254,UOF1801,10,1.3,7,2022,9,6,12,MB,,,,
-32.574105,152.286229,UOF1801,0,0.9,8,2022,9,6,13,MB,,,,
-32.5742,152.286432,UOF1801,0,1,8,2022,9,6,14,MB,,,,
-32.574124,152.286432,UOF1801,0,1,8,2022,9,6,15,MB,,,,
-32.577398,152.285644,UOF1801,2,1.1,8,2022,9,6,16,MB,,,,
-32.560194,152.300114,UOF1801,8,1.4,7,2022,9,6,17,MB,,,,
-32.541731,152.310236,UOF1801,0,1,9,2022,9,6,18,MB,,,,
-32.543015,152.310312,UOF1801,1,0.8,12,2022,9,6,19,MB,,,,
-32.522251,152.322825,UOF1801,7,0.8,9,2022,9,6,20,MB,,,,
-32.509166,152.317942,UOF1801,9,1.2,9,2022,9,6,21,MB,,,,
-32.509192,152.317916,UOF1801,14,0.9,8,2022,9,6,22,MB,,,,
-32.508607,152.317789,UOF1801,7,0.9,8,2022,9,6,23,MB,,,,
-32.519886,152.322392,UOF1801,0,0.8,8,2022,9,7,0,MB,,,,
-32.538794,152.316467,UOF1801,0,0.9,8,2022,9,7,1,MB,,,,
-32.538762,152.316467,UOF1801,8,1.1,7,2022,9,7,2,MB,,,,
-32.538756,152.316467,UOF1801,0,1,8,2022,9,7,3,MB,,,,
-32.538787,152.316441,UOF1801,21,1,9,2022,9,7,4,MB,,,,
-32.538775,152.316467,UOF1801,17,1.1,7,2022,9,7,5,MB,,,,
-32.514024,152.326283,UOF1801,19,1.3,6,2022,9,7,6,MB,,,,
-32.504843,152.327173,UOF1801,10,0.8,9,2022,9,7,7,MB,,,,
-32.480512,152.355504,UOF1801,13,0.8,10,2022,9,7,8,MB,,,,
-32.459295,152.383834,UOF1801,0,0.9,8,2022,9,7,9,MB,,,,
-32.453732,152.395151,UOF1801,0,1,8,2022,9,7,10,MB,,,,
-32.454902,152.39182,UOF1801,0,0.8,10,2022,9,7,11,MB,,,,
-32.455328,152.3892,UOF1801,90,1,9,2022,9,7,12,MB,,,,
-32.456295,152.378163,UOF1801,12,0.7,10,2022,9,7,13,MB,,,,
-32.469366,152.385335,UOF1801,14,0.8,9,2022,9,7,14,MB,,,,
-32.488694,152.395253,UOF1801,0,0.9,8,2022,9,7,15,MB,,,,
-32.511932,152.357716,UOF1801,6,0.9,10,2022,9,7,16,MB,,,,
-32.53866,152.316569,UOF1801,20,0.8,10,2022,9,7,17,MB,,,,
-32.549608,152.307515,UOF1801,0,1,9,2022,9,7,18,MB,,,,
-32.542488,152.310363,UOF1801,8,0.7,11,2022,9,7,19,MB,,,,
-32.535348,152.3199,UOF1801,5,0.8,10,2022,9,7,20,MB,,,,
-32.539054,152.317306,UOF1801,3,1.2,8,2022,9,7,21,MB,,,,
-32.538514,152.316543,UOF1801,11,0.8,9,2022,9,7,22,MB,,,,
-32.538768,152.316441,UOF1801,0,0.8,8,2022,9,7,23,MB,,,,
-32.538946,152.31634,UOF1801,0,0.9,8,2022,9,8,0,MB,,,,
-32.538794,152.316441,UOF1801,0,0.8,9,2022,9,8,1,MB,,,,
-32.538781,152.316391,UOF1801,12,1.1,7,2022,9,8,2,MB,,,,
-32.538768,152.316391,UOF1801,25,0.9,8,2022,9,8,3,MB,,,,
-32.538806,152.316391,UOF1801,0,0.8,9,2022,9,8,4,MB,,,,
-32.538476,152.315831,UOF1801,1,0.8,9,2022,9,8,5,MB,,,,
-32.550397,152.309117,UOF1801,3,1,8,2022,9,8,6,MB,,,,
-32.556112,152.304972,UOF1801,0,0.8,9,2022,9,8,7,MB,,,,
-32.549475,152.307795,UOF1801,11,1.5,6,2022,9,8,8,MB,,,,
-32.549716,152.307515,UOF1801,7,0.9,8,2022,9,8,9,MB,,,,
-32.542386,152.310465,UOF1801,0,0.7,11,2022,9,8,10,MB,,,,
-32.535024,152.320002,UOF1801,9,0.9,9,2022,9,8,11,MB,,,,
-32.515988,152.321273,UOF1801,9,0.9,9,2022,9,8,12,MB,,,,
-32.509535,152.319061,UOF1801,1,0.7,10,2022,9,8,13,MB,,,,
-32.509522,152.318196,UOF1801,0,0.8,10,2022,9,8,14,MB,,,,
-32.501314,152.308227,UOF1801,0,1,8,2022,9,8,15,MB,,,,
-32.505746,152.316696,UOF1801,22,0.8,10,2022,9,8,16,MB,,,,
-32.506464,152.322443,UOF1801,18,0.9,9,2022,9,8,17,MB,,,,
-32.509141,152.317942,UOF1801,0,1,9,2022,9,8,18,MB,,,,
-32.509192,152.317942,UOF1801,0,0.8,10,2022,9,8,19,MB,,,,
-32.509293,152.319061,UOF1801,13,1.5,8,2022,9,8,20,MB,,,,
-32.509217,152.319137,UOF1801,0,1.1,8,2022,9,8,21,MB,,,,
-32.50923,152.318985,UOF1801,28,0.8,8,2022,9,8,22,MB,,,,
-32.50916,152.318985,UOF1801,0,0.8,8,2022,9,8,23,MB,,,,
-32.509154,152.319061,UOF1801,0,0.9,8,2022,9,9,0,MB,,,,
-32.509262,152.319112,UOF1801,9,1.2,7,2022,9,9,1,MB,,,,
-32.50923,152.319035,UOF1801,30,1.2,7,2022,9,9,2,MB,,,,
-32.509198,152.319086,UOF1801,5,1.4,7,2022,9,9,3,MB,,,,
-32.509357,152.319086,UOF1801,0,0.8,9,2022,9,9,4,MB,,,,
-32.514068,152.321935,UOF1801,37,1.5,5,2022,9,9,6,MB,,,,
-32.538775,152.316391,UOF1801,14,1,7,2022,9,9,7,MB,,,,
-32.539169,152.316823,UOF1801,0,1.3,6,2022,9,9,8,MB,,,,
-32.539131,152.316772,UOF1801,22,1.2,6,2022,9,9,9,MB,,,,
-32.542399,152.310414,UOF1801,16,1.9,4,2022,9,9,10,MB,,,,
-32.542367,152.310414,UOF1801,8,1.2,8,2022,9,9,11,MB,,,,
-32.549767,152.307362,UOF1801,9,1.1,8,2022,9,9,12,MB,,,,
-32.54943,152.307668,UOF1801,1,0.9,8,2022,9,9,13,MB,,,,
-32.549627,152.307464,UOF1801,0,1.2,7,2022,9,9,14,MB,,,,
-32.541915,152.310414,UOF1801,0,1.9,6,2022,9,9,15,MB,,,,
-32.542341,152.309982,UOF1801,6,1.7,6,2022,9,9,16,MB,,,,
-32.550034,152.308481,UOF1801,19,1.1,9,2022,9,9,17,MB,,,,
-32.549729,152.307642,UOF1801,3,0.9,9,2022,9,9,18,MB,,,,
-32.542278,152.309702,UOF1801,16,1.2,9,2022,9,9,19,MB,,,,
-32.542106,152.310211,UOF1801,11,1.9,6,2022,9,9,20,MB,,,,
-32.541865,152.310033,UOF1801,0,1.3,6,2022,9,9,21,MB,,,,
-32.542017,152.310592,UOF1801,15,0.8,9,2022,9,9,22,MB,,,,
-32.538425,152.315907,UOF1801,43,1.3,6,2022,9,9,23,MB,,,,
-32.538635,152.315831,UOF1801,2,1.1,7,2022,9,10,0,MB,,,,
-32.538546,152.317103,UOF1801,22,1.2,6,2022,9,10,1,MB,,,,
-32.538762,152.31578,UOF1801,13,1.3,7,2022,9,10,2,MB,,,,
-32.549093,152.307439,UOF1801,22,0.9,9,2022,9,10,3,MB,,,,
-32.549081,152.307362,UOF1801,0,0.8,10,2022,9,10,4,MB,,,,
-32.549113,152.307464,UOF1801,3,0.8,10,2022,9,10,5,MB,,,,
-32.552984,152.30543,UOF1801,17,1,8,2022,9,10,6,MB,,,,
-32.547377,152.309168,UOF1801,0,0.8,9,2022,9,10,7,MB,,,,
-32.538806,152.316365,UOF1801,3,1.2,8,2022,9,10,8,MB,,,,
-32.539169,152.316848,UOF1801,20,1,7,2022,9,10,9,MB,,,,
-32.539143,152.316797,UOF1801,11,0.8,9,2022,9,10,10,MB,,,,
-32.539226,152.316772,UOF1801,0,1,8,2022,9,10,11,MB,,,,
-32.538698,152.316136,UOF1801,11,0.8,10,2022,9,10,12,MB,,,,
-32.543848,152.307083,UOF1801,2,0.8,9,2022,9,10,13,MB,,,,
-32.542564,152.309702,UOF1801,9,1.2,7,2022,9,10,14,MB,,,,
-32.53908,152.320739,UOF1801,5,0.8,10,2022,9,10,15,MB,,,,
-32.538984,152.316975,UOF1801,17,0.9,9,2022,9,10,16,MB,,,,
-32.538584,152.315958,UOF1801,19,0.9,9,2022,9,10,17,MB,,,,
-32.539023,152.320078,UOF1801,5,1,9,2022,9,10,18,MB,,,,
-32.538838,152.316416,UOF1801,7,0.9,10,2022,9,10,19,MB,,,,
-32.539697,152.317891,UOF1801,16,1.5,8,2022,9,10,20,MB,,,,
-32.538991,152.316747,UOF1801,8,1.3,6,2022,9,10,21,MB,,,,
-32.538997,152.316797,UOF1801,0,0.9,8,2022,9,10,22,MB,,,,
-32.541369,152.31222,UOF1801,1,1.3,6,2022,9,10,23,MB,,,,
-32.574251,152.292078,UOF1801,24,0.9,8,2022,9,11,0,MB,,,,
-32.562165,152.298512,UOF1801,12,1,8,2022,9,11,1,MB,,,,
-32.542163,152.310618,UOF1801,20,1,9,2022,9,11,2,MB,,,,
-32.539048,152.316696,UOF1801,9,0.9,9,2022,9,11,3,MB,,,,
-32.539099,152.316696,UOF1801,1,0.9,8,2022,9,11,4,MB,,,,
-32.539067,152.31667,UOF1801,0,0.9,8,2022,9,11,5,MB,,,,
-32.539016,152.316747,UOF1801,16,1,7,2022,9,11,6,MB,,,,
-32.539067,152.316721,UOF1801,10,1.1,7,2022,9,11,7,MB,,,,
-32.538826,152.316569,UOF1801,7,0.9,9,2022,9,11,8,MB,,,,
-32.543429,152.309931,UOF1801,19,0.8,9,2022,9,11,9,MB,,,,
-32.538571,152.316009,UOF1801,28,0.7,11,2022,9,11,10,MB,,,,
-32.539067,152.316747,UOF1801,4,1.1,8,2022,9,11,11,MB,,,,
-32.539112,152.316797,UOF1801,4,1,8,2022,9,11,12,MB,,,,
-32.53887,152.315856,UOF1801,17,0.8,9,2022,9,11,13,MB,,,,
-32.538978,152.316823,UOF1801,1,0.8,10,2022,9,11,14,MB,,,,
-32.542831,152.311101,UOF1801,12,1,8,2022,9,11,15,MB,,,,
-32.538425,152.316212,UOF1801,16,0.9,9,2022,9,11,16,MB,,,,
-32.538978,152.318094,UOF1801,14,0.9,10,2022,9,11,17,MB,,,,
-32.543263,152.308431,UOF1801,31,0.9,9,2022,9,11,18,MB,,,,
-32.539029,152.316696,UOF1801,3,0.9,9,2022,9,11,19,MB,,,,
-32.53901,152.316696,UOF1801,8,0.7,10,2022,9,11,20,MB,,,,
-32.53901,152.316747,UOF1801,11,0.9,9,2022,9,11,21,MB,,,,
-32.539035,152.316747,UOF1801,1,1,7,2022,9,11,22,MB,,,,
-32.540822,152.317662,UOF1801,0,1.1,7,2022,9,11,23,MB,,,,
-32.538902,152.316518,UOF1801,0,0.9,8,2022,9,12,0,MB,,,,
-32.52459,152.322647,UOF1801,0,1.3,6,2022,9,12,1,MB,,,,
-32.524552,152.322621,UOF1801,34,1.1,8,2022,9,12,2,MB,,,,
-32.524444,152.322697,UOF1801,1,0.9,9,2022,9,12,3,MB,,,,
-32.52452,152.322697,UOF1801,0,1,7,2022,9,12,4,MB,,,,
-32.524654,152.322596,UOF1801,12,0.8,10,2022,9,12,5,MB,,,,
-32.525709,152.322392,UOF1801,18,1,8,2022,9,12,6,MB,,,,
-32.538991,152.317916,UOF1801,11,0.9,8,2022,9,12,7,MB,,,,
-32.539029,152.317916,UOF1801,11,0.9,9,2022,9,12,8,MB,,,,
-32.538876,152.317866,UOF1801,23,0.8,9,2022,9,12,9,MB,,,,
-32.538698,152.316238,UOF1801,22,0.7,12,2022,9,12,10,MB,,,,
-32.546989,152.295893,UOF1801,0,0.9,9,2022,9,12,11,MB,,,,
-32.546658,152.295588,UOF1801,16,0.9,9,2022,9,12,12,MB,,,,
-32.546709,152.295588,UOF1801,8,0.8,9,2022,9,12,13,MB,,,,
-32.546677,152.295791,UOF1801,50,0.9,8,2022,9,12,14,MB,,,,
-32.546652,152.295562,UOF1801,0,1,8,2022,9,12,15,MB,,,,
-32.549004,152.287017,UOF1801,26,1.1,8,2022,9,12,16,MB,,,,
-32.565509,152.283838,UOF1801,92,0.9,9,2022,9,12,17,MB,,,,
-32.585358,152.285313,UOF1801,10,0.8,10,2022,9,12,18,MB,,,,
-32.542628,152.309753,UOF1801,0,0.9,9,2022,9,12,19,MB,,,,
-32.538927,152.316645,UOF1801,4,0.9,8,2022,9,12,20,MB,,,,
-32.538813,152.316289,UOF1801,13,0.9,9,2022,9,12,21,MB,,,,
-32.538641,152.316365,UOF1801,0,1.1,6,2022,9,12,22,MB,,,,
-32.538794,152.316467,UOF1801,17,1.2,6,2022,9,12,23,MB,,,,
-32.53873,152.316441,UOF1801,0,0.9,8,2022,9,13,0,MB,,,,
-32.538775,152.316441,UOF1801,10,1.1,7,2022,9,13,1,MB,,,,
-32.538851,152.316467,UOF1801,26,0.9,9,2022,9,13,2,MB,,,,
-32.538756,152.316467,UOF1801,32,0.9,9,2022,9,13,3,MB,,,,
-32.538895,152.316416,UOF1801,0,0.8,9,2022,9,13,4,MB,,,,
-32.538737,152.31634,UOF1801,3,0.8,10,2022,9,13,5,MB,,,,
-32.510406,152.331954,UOF1801,11,1,8,2022,9,13,6,MB,,,,
-32.479653,152.389099,UOF1801,8,0.7,10,2022,9,13,7,MB,,,,
-32.476868,152.4157,UOF1801,45,1.6,6,2022,9,13,8,MB,,,,
-32.475972,152.409673,UOF1801,1,1.2,6,2022,9,13,9,MB,,,,
-32.485146,152.406926,UOF1801,79,0.8,10,2022,9,13,10,MB,,,,
-32.485235,152.406901,UOF1801,56,0.9,9,2022,9,13,11,MB,,,,
-32.485185,152.406901,UOF1801,63,0.8,10,2022,9,13,12,MB,,,,
-32.493329,152.387039,UOF1801,5,0.9,10,2022,9,13,13,MB,,,,
-32.496622,152.379765,UOF1801,6,0.8,9,2022,9,13,14,MB,,,,
-32.496692,152.380096,UOF1801,0,0.9,8,2022,9,13,15,MB,,,,
-32.496641,152.380096,UOF1801,5,0.9,9,2022,9,13,16,MB,,,,
-32.497277,152.380249,UOF1801,12,0.9,10,2022,9,13,17,MB,,,,
-32.511582,152.353469,UOF1801,36,1,9,2022,9,13,18,MB,,,,
-32.543867,152.310033,UOF1801,8,0.8,10,2022,9,13,19,MB,,,,
-32.549087,152.307464,UOF1801,16,0.9,9,2022,9,13,20,MB,,,,
-32.549113,152.307439,UOF1801,13,0.7,10,2022,9,13,21,MB,,,,
-32.542761,152.310897,UOF1801,0,0.8,9,2022,9,13,22,MB,,,,
-32.532652,152.321095,UOF1801,0,1,7,2022,9,13,23,MB,,,,
-32.525239,152.322774,UOF1801,12,0.8,9,2022,9,14,0,MB,,,,
-32.519243,152.322316,UOF1801,21,0.9,8,2022,9,14,1,MB,,,,
-32.509312,152.319341,UOF1801,24,0.9,9,2022,9,14,2,MB,,,,
-32.509363,152.319366,UOF1801,12,0.8,9,2022,9,14,3,MB,,,,
-32.509401,152.319239,UOF1801,4,0.9,8,2022,9,14,4,MB,,,,
-32.509332,152.319366,UOF1801,20,1.2,7,2022,9,14,5,MB,,,,
-32.49022,152.324274,UOF1801,0,0.9,7,2022,9,14,7,MB,,,,
-32.519053,152.322036,UOF1801,0,0.9,9,2022,9,14,9,MB,,,,
-32.525817,152.322214,UOF1801,0,0.7,11,2022,9,14,10,MB,,,,
-32.525811,152.322341,UOF1801,0,1.1,7,2022,9,14,11,MB,,,,
-32.526129,152.32224,UOF1801,15,0.8,9,2022,9,14,12,MB,,,,
-32.526173,152.322265,UOF1801,0,0.8,10,2022,9,14,13,MB,,,,
-32.526161,152.322265,UOF1801,0,0.8,10,2022,9,14,14,MB,,,,
-32.526243,152.322316,UOF1801,13,1.1,7,2022,9,14,15,MB,,,,
-32.541833,152.310694,UOF1801,9,0.9,9,2022,9,14,16,MB,,,,
-32.548019,152.305786,UOF1801,0,0.8,11,2022,9,14,17,MB,,,,
-32.548038,152.305811,UOF1801,0,0.9,9,2022,9,14,18,MB,,,,
-32.548083,152.305735,UOF1801,22,0.8,10,2022,9,14,19,MB,,,,
-32.548051,152.30576,UOF1801,2,0.7,10,2022,9,14,20,MB,,,,
-32.54807,152.30576,UOF1801,1,0.9,8,2022,9,14,21,MB,,,,
-32.547854,152.305684,UOF1801,4,0.7,10,2022,9,14,22,MB,,,,
-32.547892,152.305633,UOF1801,12,1,7,2022,9,14,23,MB,,,,
-32.547917,152.30576,UOF1801,0,0.9,8,2022,9,15,0,MB,,,,
-32.54793,152.305709,UOF1801,32,1,8,2022,9,15,1,MB,,,,
-32.547904,152.305709,UOF1801,26,0.8,10,2022,9,15,2,MB,,,,
-32.54793,152.305735,UOF1801,24,0.9,8,2022,9,15,3,MB,,,,
-32.548,152.305786,UOF1801,12,1,8,2022,9,15,4,MB,,,,
-32.547936,152.305811,UOF1801,23,1.1,7,2022,9,15,5,MB,,,,
-32.547911,152.305709,UOF1801,8,1,7,2022,9,15,6,MB,,,,
-32.548197,152.305709,UOF1801,0,0.8,9,2022,9,15,7,MB,,,,
-32.548407,152.307006,UOF1801,0,0.9,8,2022,9,15,8,MB,,,,
-32.555648,152.296223,UOF1801,15,0.8,10,2022,9,15,9,MB,,,,
-32.563742,152.297622,UOF1801,15,0.7,11,2022,9,15,10,MB,,,,
-32.56556,152.296834,UOF1801,2,1,8,2022,9,15,11,MB,,,,
-32.565592,152.296808,UOF1801,12,0.9,9,2022,9,15,12,MB,,,,
-32.565579,152.296783,UOF1801,0,0.8,10,2022,9,15,13,MB,,,,
-32.565592,152.296859,UOF1801,0,0.9,8,2022,9,15,14,MB,,,,
-32.565567,152.296808,UOF1801,0,0.9,8,2022,9,15,15,MB,,,,
-32.564111,152.297292,UOF1801,9,0.8,10,2022,9,15,16,MB,,,,
-32.542545,152.3096,UOF1801,10,1,9,2022,9,15,17,MB,,,,
-32.542443,152.310109,UOF1801,10,0.8,10,2022,9,15,18,MB,,,,
-32.54278,152.310923,UOF1801,25,0.9,9,2022,9,15,19,MB,,,,
-32.538024,152.317611,UOF1801,5,0.8,9,2022,9,15,20,MB,,,,
-32.537401,152.319035,UOF1801,8,0.8,9,2022,9,15,21,MB,,,,
-32.537433,152.319086,UOF1801,1,1,8,2022,9,15,22,MB,,,,
-32.544859,152.309524,UOF1801,0,1,7,2022,9,15,23,MB,,,,
-32.549666,152.308431,UOF1801,12,0.8,9,2022,9,16,0,MB,,,,
-32.549672,152.308405,UOF1801,21,0.9,8,2022,9,16,1,MB,,,,
-32.549469,152.307261,UOF1801,17,0.9,10,2022,9,16,2,MB,,,,
-32.524603,152.323054,UOF1801,25,0.9,9,2022,9,16,3,MB,,,,
-32.524247,152.322977,UOF1801,2,0.8,9,2022,9,16,4,MB,,,,
-32.508982,152.31901,UOF1801,9,0.8,9,2022,9,16,5,MB,,,,
-32.503037,152.305379,UOF1801,36,0.9,10,2022,9,16,6,MB,,,,
-32.507946,152.316569,UOF1801,18,0.9,8,2022,9,16,7,MB,,,,
-32.524902,152.32257,UOF1801,0,0.9,9,2022,9,16,8,MB,,,,
-32.53344,152.321248,UOF1801,26,0.8,9,2022,9,16,9,MB,,,,
-32.547637,152.307795,UOF1801,7,1.5,9,2022,9,16,10,MB,,,,
-32.549755,152.306803,UOF1801,11,1,9,2022,9,16,11,MB,,,,
-32.549812,152.307057,UOF1801,0,0.9,9,2022,9,16,12,MB,,,,
-32.549411,152.307718,UOF1801,5,0.9,10,2022,9,16,13,MB,,,,
-32.549373,152.307566,UOF1801,0,1.3,6,2022,9,16,14,MB,,,,
-32.54985,152.307388,UOF1801,0,0.9,8,2022,9,16,15,MB,,,,
-32.549608,152.307439,UOF1801,5,0.8,10,2022,9,16,16,MB,,,,
-32.559037,152.300521,UOF1801,0,1.1,9,2022,9,16,17,MB,,,,
-32.549081,152.307515,UOF1801,0,0.9,9,2022,9,16,18,MB,,,,
-32.549119,152.307261,UOF1801,0,1,8,2022,9,16,19,MB,,,,
-32.549144,152.307439,UOF1801,0,0.8,10,2022,9,16,20,MB,,,,
-32.542481,152.311101,UOF1801,16,0.9,8,2022,9,16,21,MB,,,,
-32.5491,152.307464,UOF1801,4,1,7,2022,9,16,22,MB,,,,
-32.549049,152.307362,UOF1801,0,1,7,2022,9,16,23,MB,,,,
-32.549742,152.307261,UOF1801,3,0.8,9,2022,9,17,0,MB,,,,
-32.549004,152.307362,UOF1801,2,0.9,8,2022,9,17,1,MB,,,,
-32.549049,152.307464,UOF1801,0,1.1,8,2022,9,17,2,MB,,,,
-32.549074,152.307464,UOF1801,0,1,8,2022,9,17,3,MB,,,,
-32.54917,152.307362,UOF1801,0,0.8,9,2022,9,17,4,MB,,,,
-32.575402,152.291163,UOF1801,14,0.8,9,2022,9,17,5,MB,,,,
-32.581951,152.281931,UOF1801,19,0.8,10,2022,9,17,6,MB,,,,
-32.578276,152.276209,UOF1801,5,0.9,8,2022,9,17,7,MB,,,,
-32.578142,152.276031,UOF1801,0,1.2,7,2022,9,17,8,MB,,,,
-32.578079,152.276006,UOF1801,27,1,7,2022,9,17,9,MB,,,,
-32.578206,152.275929,UOF1801,0,0.6,12,2022,9,17,10,MB,,,,
-32.578193,152.276006,UOF1801,6,1.2,7,2022,9,17,11,MB,,,,
-32.577933,152.275624,UOF1801,11,0.9,8,2022,9,17,12,MB,,,,
-32.578009,152.2757,UOF1801,27,0.8,9,2022,9,17,13,MB,,,,
-32.578136,152.275395,UOF1801,8,1.1,7,2022,9,17,14,MB,,,,
-32.57806,152.2757,UOF1801,4,0.9,8,2022,9,17,15,MB,,,,
-32.578136,152.276006,UOF1801,28,0.8,10,2022,9,17,16,MB,,,,
-32.578022,152.276082,UOF1801,0,1.3,7,2022,9,17,17,MB,,,,
-32.578142,152.27598,UOF1801,8,1.2,7,2022,9,17,18,MB,,,,
-32.578187,152.275802,UOF1801,13,0.8,9,2022,9,17,19,MB,,,,
-32.57799,152.275904,UOF1801,9,0.8,10,2022,9,17,20,MB,,,,
-32.578181,152.276031,UOF1801,0,0.8,9,2022,9,17,21,MB,,,,
-32.578289,152.276082,UOF1801,40,0.8,8,2022,9,17,22,MB,,,,
-32.577367,152.277074,UOF1801,28,0.7,10,2022,9,18,0,MB,,,,
-32.554135,152.303599,UOF1801,5,1,9,2022,9,18,1,MB,,,,
-32.541165,152.313034,UOF1801,23,0.8,10,2022,9,18,2,MB,,,,
-32.524565,152.322443,UOF1801,21,0.9,9,2022,9,18,3,MB,,,,
-32.52803,152.322494,UOF1801,0,0.8,9,2022,9,18,4,MB,,,,
-32.544172,152.306447,UOF1801,15,0.8,9,2022,9,18,5,MB,,,,
-32.53866,152.317967,UOF1801,3,0.9,9,2022,9,18,6,MB,,,,
-32.511646,152.322011,UOF1801,0,0.9,8,2022,9,18,7,MB,,,,
-32.506935,152.315526,UOF1801,0,0.9,8,2022,9,18,8,MB,,,,
-32.496622,152.309906,UOF1801,59,1.2,6,2022,9,18,9,MB,,,,
-32.50078,152.309906,UOF1801,9,1,8,2022,9,18,10,MB,,,,
-32.500857,152.310058,UOF1801,0,1.1,8,2022,9,18,11,MB,,,,
-32.500939,152.310033,UOF1801,6,0.9,8,2022,9,18,12,MB,,,,
-32.500977,152.309982,UOF1801,11,0.8,9,2022,9,18,13,MB,,,,
-32.506827,152.315628,UOF1801,0,0.9,8,2022,9,18,14,MB,,,,
-32.506795,152.315577,UOF1801,17,1.2,7,2022,9,18,15,MB,,,,
-32.506846,152.315678,UOF1801,0,1.2,8,2022,9,18,16,MB,,,,
-32.50689,152.315628,UOF1801,0,1,9,2022,9,18,17,MB,,,,
-32.481821,152.353037,UOF1801,0,0.8,10,2022,9,18,18,MB,,,,
-32.471229,152.385691,UOF1801,4,0.8,10,2022,9,18,19,MB,,,,
-32.493749,152.394058,UOF1801,7,0.8,10,2022,9,18,20,MB,,,,
-32.51368,152.352757,UOF1801,8,0.8,9,2022,9,18,21,MB,,,,
-32.525188,152.335998,UOF1801,1,0.9,8,2022,9,18,22,MB,,,,
-32.543899,152.306803,UOF1801,3,1.2,6,2022,9,18,23,MB,,,,
-32.543835,152.306854,UOF1801,23,0.8,9,2022,9,19,0,MB,,,,
-32.543925,152.306752,UOF1801,5,1.1,7,2022,9,19,1,MB,,,,
-32.543899,152.306701,UOF1801,9,0.9,9,2022,9,19,2,MB,,,,
-32.543874,152.306803,UOF1801,10,0.9,9,2022,9,19,3,MB,,,,
-32.543931,152.306803,UOF1801,0,0.8,9,2022,9,19,4,MB,,,,
-32.54388,152.306777,UOF1801,0,0.8,9,2022,9,19,5,MB,,,,
-32.570774,152.287068,UOF1801,8,0.8,9,2022,9,19,6,MB,,,,
-32.555203,152.286585,UOF1801,0,0.8,9,2022,9,19,7,MB,,,,
-32.543759,152.306243,UOF1801,9,1.1,7,2022,9,19,8,MB,,,,
-32.541159,152.313084,UOF1801,24,0.9,9,2022,9,19,9,MB,,,,
-32.525277,152.323232,UOF1801,4,0.9,9,2022,9,19,10,MB,,,,
-32.525328,152.323282,UOF1801,0,1.1,8,2022,9,19,11,MB,,,,
-32.527292,152.32224,UOF1801,5,0.8,9,2022,9,19,12,MB,,,,
-32.540695,152.313084,UOF1801,28,0.8,10,2022,9,19,13,MB,,,,
-32.542717,152.310948,UOF1801,5,0.9,8,2022,9,19,14,MB,,,,
-32.542761,152.310897,UOF1801,0,1.1,8,2022,9,19,15,MB,,,,
-32.542729,152.310923,UOF1801,13,0.8,10,2022,9,19,16,MB,,,,
-32.54388,152.306752,UOF1801,10,1,9,2022,9,19,17,MB,,,,
-32.544052,152.306803,UOF1801,0,0.9,9,2022,9,19,18,MB,,,,
-32.543975,152.306777,UOF1801,1,0.8,9,2022,9,19,19,MB,,,,
-32.543918,152.306701,UOF1801,0,0.9,8,2022,9,19,20,MB,,,,
-32.543047,152.310694,UOF1801,0,0.8,9,2022,9,19,21,MB,,,,
-32.542984,152.310643,UOF1801,0,0.7,10,2022,9,19,22,MB,,,,
-32.543047,152.310796,UOF1801,45,1.5,5,2022,9,19,23,MB,,,,
-32.542971,152.310796,UOF1801,3,1.1,7,2022,9,20,0,MB,,,,
-32.54299,152.310668,UOF1801,0,0.9,8,2022,9,20,1,MB,,,,
-32.543835,152.306777,UOF1801,0,0.8,10,2022,9,20,2,MB,,,,
-32.543848,152.306752,UOF1801,0,0.8,9,2022,9,20,3,MB,,,,
-32.543893,152.306777,UOF1801,3,0.8,9,2022,9,20,4,MB,,,,
-32.574595,152.285237,UOF1801,11,1.5,7,2022,9,20,5,MB,,,,
-32.564765,152.27715,UOF1801,97,1,7,2022,9,20,6,MB,,,,
-32.565554,152.284118,UOF1801,11,1.2,8,2022,9,20,7,MB,,,,
-32.56495,152.284576,UOF1801,1,1.1,7,2022,9,20,8,MB,,,,
-32.566151,152.282491,UOF1801,5,0.8,9,2022,9,20,9,MB,,,,
-32.572395,152.291722,UOF1801,49,1,8,2022,9,20,10,MB,,,,
-32.542577,152.309677,UOF1801,0,1,9,2022,9,20,11,MB,,,,
-32.539735,152.316619,UOF1801,0,0.8,9,2022,9,20,12,MB,,,,
-32.542437,152.309575,UOF1801,5,0.8,9,2022,9,20,13,MB,,,,
-32.549907,152.307337,UOF1801,2,1,8,2022,9,20,14,MB,,,,
-32.542901,152.310694,UOF1801,20,0.9,9,2022,9,20,15,MB,,,,
-32.541038,152.310211,UOF1801,3,0.9,9,2022,9,20,16,MB,,,,
-32.516408,152.321553,UOF1801,0,1,9,2022,9,20,17,MB,,,,
-32.510756,152.319417,UOF1801,12,0.9,9,2022,9,20,18,MB,,,,
-32.510915,152.319366,UOF1801,1,0.8,10,2022,9,20,19,MB,,,,
-32.510787,152.319366,UOF1801,2,1,9,2022,9,20,20,MB,,,,
-32.510966,152.319366,UOF1801,0,1.5,7,2022,9,20,21,MB,,,,
-32.510927,152.319315,UOF1801,0,0.8,9,2022,9,20,22,MB,,,,
-32.510902,152.319239,UOF1801,0,0.9,8,2022,9,20,23,MB,,,,
-32.510794,152.319417,UOF1801,12,1.1,7,2022,9,21,0,MB,,,,
-32.51087,152.319468,UOF1801,22,0.9,9,2022,9,21,1,MB,,,,
-32.510807,152.319391,UOF1801,0,1.1,8,2022,9,21,2,MB,,,,
-32.510838,152.319341,UOF1801,12,0.9,8,2022,9,21,3,MB,,,,
-32.506846,152.323435,UOF1801,23,0.9,8,2022,9,21,4,MB,,,,
-32.510794,152.319391,UOF1801,28,1,8,2022,9,21,5,MB,,,,
-32.511048,152.319468,UOF1801,1,0.9,8,2022,9,21,6,MB,,,,
-32.51094,152.319544,UOF1801,2,0.7,10,2022,9,21,7,MB,,,,
-32.511697,152.320027,UOF1801,3,1,8,2022,9,21,8,MB,,,,
-32.529352,152.322901,UOF1801,17,0.9,9,2022,9,21,9,MB,,,,
-32.544497,152.306828,UOF1801,0,0.7,11,2022,9,21,10,MB,,,,
-32.549647,152.307591,UOF1801,0,1.1,8,2022,9,21,11,MB,,,,
-32.549119,152.307591,UOF1801,43,0.8,9,2022,9,21,12,MB,,,,
-32.549157,152.307413,UOF1801,0,0.8,10,2022,9,21,13,MB,,,,
-32.549163,152.307439,UOF1801,9,0.8,9,2022,9,21,14,MB,,,,
-32.548439,152.310211,UOF1801,13,0.9,9,2022,9,21,15,MB,,,,
-32.542125,152.31105,UOF1801,10,1,9,2022,9,21,16,MB,,,,
-32.534973,152.320358,UOF1801,0,1,9,2022,9,21,17,MB,,,,
-32.511767,152.320027,UOF1801,17,0.7,11,2022,9,21,18,MB,,,,
-32.511703,152.319976,UOF1801,1,0.9,9,2022,9,21,19,MB,,,,
-32.511678,152.320002,UOF1801,0,1,9,2022,9,21,20,MB,,,,
-32.51183,152.320027,UOF1801,18,0.9,7,2022,9,21,21,MB,,,,
-32.511671,152.319951,UOF1801,3,0.9,8,2022,9,21,22,MB,,,,
-32.511372,152.319671,UOF1801,0,1,7,2022,9,21,23,MB,,,,
-32.511353,152.319417,UOF1801,0,1,8,2022,9,22,0,MB,,,,
-32.511182,152.319544,UOF1801,0,0.9,9,2022,9,22,1,MB,,,,
-32.511271,152.31962,UOF1801,3,1,8,2022,9,22,2,MB,,,,
-32.511245,152.319697,UOF1801,14,1,7,2022,9,22,3,MB,,,,
-32.511411,152.319569,UOF1801,10,1,7,2022,9,22,4,MB,,,,
-32.511226,152.319671,UOF1801,0,1.4,5,2022,9,22,5,MB,,,,
-32.511411,152.319824,UOF1801,0,1.5,5,2022,9,22,6,MB,,,,
-32.503972,152.305124,UOF1801,39,1.5,5,2022,9,22,7,MB,,,,
-32.538132,152.31695,UOF1801,0,0.8,9,2022,9,22,9,MB,,,,
-32.565319,152.298767,UOF1801,0,0.8,10,2022,9,22,11,MB,,,,
-32.587279,152.274658,UOF1801,0,0.7,10,2022,9,22,12,MB,,,,
-32.568002,152.282389,UOF1801,7,1,8,2022,9,22,13,MB,,,,
-32.56474,152.278727,UOF1801,0,0.9,9,2022,9,22,14,MB,,,,
-32.564676,152.278778,UOF1801,3,0.9,9,2022,9,22,15,MB,,,,
-32.549049,152.287958,UOF1801,17,1.1,8,2022,9,22,16,MB,,,,
-32.542729,152.310897,UOF1801,1,1.1,8,2022,9,22,17,MB,,,,
-32.538851,152.316365,UOF1801,0,0.9,10,2022,9,22,18,MB,,,,
-32.511322,152.319646,UOF1801,7,1.1,7,2022,9,22,19,MB,,,,
-32.509382,152.319468,UOF1801,18,1,8,2022,9,22,20,MB,,,,
-32.509459,152.318756,UOF1801,9,0.8,9,2022,9,22,21,MB,,,,
-32.539321,152.317713,UOF1801,9,0.8,8,2022,9,22,22,MB,,,,
-32.53866,152.315831,UOF1801,8,0.8,9,2022,9,22,23,MB,,,,
-32.539143,152.316823,UOF1801,6,1.1,7,2022,9,23,0,MB,,,,
-32.539124,152.316874,UOF1801,9,1.1,7,2022,9,23,1,MB,,,,
-32.538902,152.316365,UOF1801,2,1.1,8,2022,9,23,2,MB,,,,
-32.543956,152.305989,UOF1801,17,1,9,2022,9,23,3,MB,,,,
-32.543912,152.306091,UOF1801,0,0.8,9,2022,9,23,4,MB,,,,
-32.544344,152.306116,UOF1801,46,1.4,6,2022,9,23,5,MB,,,,
-32.542208,152.309575,UOF1801,3,1.1,7,2022,9,23,6,MB,,,,
-32.515886,152.326131,UOF1801,12,0.9,8,2022,9,23,7,MB,,,,
-32.514202,152.328216,UOF1801,13,0.9,8,2022,9,23,8,MB,,,,
-32.508302,152.328241,UOF1801,24,0.9,9,2022,9,23,9,MB,,,,
-32.508569,152.327428,UOF1801,0,0.9,9,2022,9,23,10,MB,,,,
-32.508543,152.327402,UOF1801,0,0.9,9,2022,9,23,11,MB,,,,
-32.508594,152.327631,UOF1801,24,1,7,2022,9,23,12,MB,,,,
-32.508632,152.327377,UOF1801,7,0.8,9,2022,9,23,13,MB,,,,
-32.508575,152.327529,UOF1801,1,0.9,9,2022,9,23,14,MB,,,,
-32.508537,152.327529,UOF1801,15,1.1,8,2022,9,23,15,MB,,,,
-32.508569,152.327504,UOF1801,17,1,9,2022,9,23,16,MB,,,,
-32.506731,152.318628,UOF1801,6,1.2,7,2022,9,23,17,MB,,,,
-32.509198,152.319315,UOF1801,12,0.9,10,2022,9,23,18,MB,,,,
-32.528596,152.322291,UOF1801,0,1.2,7,2022,9,23,19,MB,,,,
-32.526313,152.322291,UOF1801,20,1,10,2022,9,23,20,MB,,,,
-32.528405,152.322469,UOF1801,16,0.8,10,2022,9,23,21,MB,,,,
-32.52838,152.322418,UOF1801,3,0.8,10,2022,9,23,22,MB,,,,
-32.539067,152.317738,UOF1801,7,0.9,9,2022,9,23,23,MB,,,,
-32.527509,152.322367,UOF1801,13,1,8,2022,9,24,0,MB,,,,
-32.526173,152.322418,UOF1801,10,1,8,2022,9,24,1,MB,,,,
-32.526078,152.322443,UOF1801,27,1,8,2022,9,24,2,MB,,,,
-32.526142,152.322443,UOF1801,0,0.8,10,2022,9,24,3,MB,,,,
-32.526218,152.322367,UOF1801,3,0.8,9,2022,9,24,4,MB,,,,
-32.528411,152.322341,UOF1801,18,1.3,7,2022,9,24,5,MB,,,,
-32.539639,152.319747,UOF1801,4,0.8,9,2022,9,24,6,MB,,,,
-32.538775,152.319697,UOF1801,14,0.9,9,2022,9,24,7,MB,,,,
-32.538838,152.319976,UOF1801,7,0.8,9,2022,9,24,8,MB,,,,
-32.538838,152.3199,UOF1801,3,0.8,10,2022,9,24,9,MB,,,,
-32.538775,152.31962,UOF1801,0,0.8,10,2022,9,24,10,MB,,,,
-32.542564,152.310211,UOF1801,1,0.9,9,2022,9,24,11,MB,,,,
-32.542488,152.311101,UOF1801,0,1,7,2022,9,24,12,MB,,,,
-32.54395,152.306854,UOF1801,0,1.5,6,2022,9,24,13,MB,,,,
-32.539061,152.316747,UOF1801,0,1.3,6,2022,9,24,14,MB,,,,
-32.539143,152.316721,UOF1801,3,1.1,8,2022,9,24,15,MB,,,,
-32.53908,152.316747,UOF1801,0,1.1,8,2022,9,24,16,MB,,,,
-32.53922,152.316899,UOF1801,10,1.3,7,2022,9,24,17,MB,,,,
-32.539207,152.316975,UOF1801,7,1.1,8,2022,9,24,18,MB,,,,
-32.539143,152.316594,UOF1801,7,0.9,9,2022,9,24,19,MB,,,,
-32.53915,152.316594,UOF1801,0,1,10,2022,9,24,20,MB,,,,
-32.539118,152.316594,UOF1801,15,0.8,9,2022,9,24,21,MB,,,,
-32.539169,152.316569,UOF1801,10,0.8,9,2022,9,24,22,MB,,,,
-32.543537,152.306879,UOF1801,5,1,8,2022,9,24,23,MB,,,,
-32.538724,152.316569,UOF1801,24,1.3,6,2022,9,25,0,MB,,,,
-32.542691,152.311101,UOF1801,0,1.1,8,2022,9,25,1,MB,,,,
-32.542704,152.310948,UOF1801,19,0.8,10,2022,9,25,2,MB,,,,
-32.542456,152.310618,UOF1801,0,0.9,9,2022,9,25,3,MB,,,,
-32.564498,152.297088,UOF1801,2,0.9,9,2022,9,25,4,MB,,,,
-32.579598,152.291163,UOF1801,36,1,7,2022,9,25,5,MB,,,,
-32.553798,152.30253,UOF1801,17,0.8,9,2022,9,25,6,MB,,,,
-32.54278,152.310872,UOF1801,0,0.9,9,2022,9,25,7,MB,,,,
-32.542742,152.310872,UOF1801,3,0.8,9,2022,9,25,8,MB,,,,
-32.543899,152.307286,UOF1801,8,0.8,10,2022,9,25,9,MB,,,,
-32.544204,152.307184,UOF1801,9,0.9,9,2022,9,25,10,MB,,,,
-32.544287,152.307235,UOF1801,2,0.9,9,2022,9,25,11,MB,,,,
-32.544306,152.307184,UOF1801,0,1,7,2022,9,25,12,MB,,,,
-32.544249,152.307261,UOF1801,12,1,6,2022,9,25,13,MB,,,,
-32.543143,152.309473,UOF1801,1,1,8,2022,9,25,14,MB,,,,
-32.542869,152.311101,UOF1801,17,0.9,9,2022,9,25,15,MB,,,,
-32.542589,152.310897,UOF1801,11,0.9,9,2022,9,25,16,MB,,,,
-32.544611,152.309651,UOF1801,0,1,9,2022,9,25,17,MB,,,,
-32.52747,152.321985,UOF1801,68,1,10,2022,9,25,18,MB,,,,
-32.511614,152.3199,UOF1801,28,1.1,8,2022,9,25,19,MB,,,,
-32.5115,152.319849,UOF1801,0,0.9,10,2022,9,25,20,MB,,,,
-32.511487,152.319849,UOF1801,5,0.9,8,2022,9,25,21,MB,,,,
-32.511474,152.319849,UOF1801,15,0.9,8,2022,9,25,22,MB,,,,
-32.511493,152.319925,UOF1801,40,0.7,10,2022,9,25,23,MB,,,,
-32.511461,152.319798,UOF1801,23,1,8,2022,9,26,0,MB,,,,
-32.511512,152.319849,UOF1801,17,1.1,7,2022,9,26,1,MB,,,,
-32.511481,152.319849,UOF1801,5,0.9,8,2022,9,26,2,MB,,,,
-32.506807,152.315831,UOF1801,0,0.8,9,2022,9,26,3,MB,,,,
-32.499814,152.305684,UOF1801,19,0.9,9,2022,9,26,4,MB,,,,
-32.5038,152.31016,UOF1801,0,1.2,6,2022,9,26,5,MB,,,,
-32.504461,152.312957,UOF1801,23,0.8,9,2022,9,26,6,MB,,,,
-32.489343,152.342051,UOF1801,1,1.3,8,2022,9,26,7,MB,,,,
-32.470752,152.385538,UOF1801,3,0.8,9,2022,9,26,8,MB,,,,
-32.475934,152.405095,UOF1801,11,0.7,12,2022,9,26,9,MB,,,,
-32.475584,152.410385,UOF1801,3,0.9,9,2022,9,26,10,MB,,,,
-32.475559,152.410436,UOF1801,19,0.9,9,2022,9,26,11,MB,,,,
-32.475565,152.410385,UOF1801,16,0.9,8,2022,9,26,12,MB,,,,
-32.475584,152.410308,UOF1801,7,0.8,9,2022,9,26,13,MB,,,,
-32.475565,152.410334,UOF1801,1,1.3,7,2022,9,26,14,MB,,,,
-32.486138,152.398152,UOF1801,9,0.9,9,2022,9,26,15,MB,,,,
-32.503724,152.372161,UOF1801,7,0.9,10,2022,9,26,16,MB,,,,
-32.511226,152.358861,UOF1801,1,0.8,10,2022,9,26,17,MB,,,,
-32.507094,152.360844,UOF1801,10,0.9,10,2022,9,26,18,MB,,,,
-32.507081,152.360819,UOF1801,19,0.8,10,2022,9,26,19,MB,,,,
-32.50703,152.360819,UOF1801,21,0.8,11,2022,9,26,20,MB,,,,
-32.507055,152.360844,UOF1801,14,0.8,9,2022,9,26,21,MB,,,,
-32.507087,152.36087,UOF1801,21,1.3,6,2022,9,26,22,MB,,,,
-32.507106,152.360819,UOF1801,11,0.9,9,2022,9,26,23,MB,,,,
-32.507062,152.360819,UOF1801,20,1,8,2022,9,27,0,MB,,,,
-32.507055,152.360819,UOF1801,23,1.4,6,2022,9,27,1,MB,,,,
-32.512154,152.354715,UOF1801,24,0.9,9,2022,9,27,2,MB,,,,
-32.533415,152.327046,UOF1801,0,1.2,7,2022,9,27,3,MB,,,,
-32.54306,152.308074,UOF1801,4,0.8,9,2022,9,27,4,MB,,,,
-32.549825,152.307312,UOF1801,9,0.9,8,2022,9,27,5,MB,,,,
-32.553963,152.294291,UOF1801,7,0.8,9,2022,9,27,6,MB,,,,
-32.55163,152.297953,UOF1801,0,1.5,7,2022,9,27,7,MB,,,,
-32.547364,152.305735,UOF1801,15,0.7,10,2022,9,27,8,MB,,,,
-32.550003,152.307922,UOF1801,18,0.8,10,2022,9,27,9,MB,,,,
-32.550022,152.307795,UOF1801,7,1.2,7,2022,9,27,10,MB,,,,
-32.55006,152.307846,UOF1801,12,0.9,9,2022,9,27,11,MB,,,,
-32.549736,152.307642,UOF1801,4,0.8,10,2022,9,27,12,MB,,,,
-32.549271,152.307362,UOF1801,0,0.8,9,2022,9,27,13,MB,,,,
-32.549316,152.307439,UOF1801,25,1,8,2022,9,27,14,MB,,,,
-32.549265,152.307312,UOF1801,15,1,8,2022,9,27,15,MB,,,,
-32.549265,152.307362,UOF1801,6,0.9,10,2022,9,27,16,MB,,,,
-32.538552,152.31634,UOF1801,0,0.8,10,2022,9,27,17,MB,,,,
-32.540644,152.313313,UOF1801,0,0.7,11,2022,9,27,18,MB,,,,
-32.543651,152.307184,UOF1801,34,0.8,10,2022,9,27,19,MB,,,,
-32.544147,152.307286,UOF1801,9,0.8,11,2022,9,27,20,MB,,,,
-32.544211,152.307286,UOF1801,0,0.9,10,2022,9,27,21,MB,,,,
-32.544153,152.307337,UOF1801,8,0.9,8,2022,9,27,22,MB,,,,
-32.543174,152.308634,UOF1801,13,0.8,10,2022,9,27,23,MB,,,,
-32.545825,152.308837,UOF1801,0,0.8,9,2022,9,28,0,MB,,,,
-32.544179,152.307312,UOF1801,35,1,8,2022,9,28,1,MB,,,,
-32.544179,152.307235,UOF1801,21,0.8,10,2022,9,28,2,MB,,,,
-32.544236,152.307261,UOF1801,0,0.9,8,2022,9,28,3,MB,,,,
-32.544236,152.307261,UOF1801,16,1,7,2022,9,28,4,MB,,,,
-32.544115,152.292154,UOF1801,20,0.9,8,2022,9,28,5,MB,,,,
-32.581874,152.285822,UOF1801,3,0.7,10,2022,9,28,6,MB,,,,
-32.568758,152.277379,UOF1801,0,1,8,2022,9,28,7,MB,,,,
-32.585257,152.274556,UOF1801,8,0.8,9,2022,9,28,8,MB,,,,
-32.550638,152.305735,UOF1801,81,1,8,2022,9,28,9,MB,,,,
-32.54353,152.30693,UOF1801,0,0.9,9,2022,9,28,10,MB,,,,
-32.541394,152.310974,UOF1801,13,0.9,9,2022,9,28,11,MB,,,,
-32.528284,152.322367,UOF1801,19,0.8,9,2022,9,28,12,MB,,,,
-32.528367,152.322392,UOF1801,0,0.9,8,2022,9,28,13,MB,,,,
-32.52295,152.322621,UOF1801,0,1.3,7,2022,9,28,14,MB,,,,
-32.524527,152.322748,UOF1801,11,0.9,9,2022,9,28,15,MB,,,,
-32.524355,152.322774,UOF1801,0,1,9,2022,9,28,16,MB,,,,
-32.528348,152.322341,UOF1801,0,1,9,2022,9,28,17,MB,,,,
-32.509243,152.320103,UOF1801,0,0.9,9,2022,9,28,18,MB,,,,
-32.524787,152.322392,UOF1801,15,0.8,9,2022,9,28,19,MB,,,,
-32.538533,152.315602,UOF1801,0,1.1,8,2022,9,28,20,MB,,,,
-32.542608,152.310134,UOF1801,49,0.8,8,2022,9,28,21,MB,,,,
-32.542704,152.310923,UOF1801,0,1,7,2022,9,28,22,MB,,,,
-32.542717,152.310948,UOF1801,9,0.9,8,2022,9,28,23,MB,,,,
-32.542717,152.310948,UOF1801,18,1.1,7,2022,9,29,0,MB,,,,
-32.542717,152.310872,UOF1801,1,1.3,7,2022,9,29,1,MB,,,,
-32.524476,152.322825,UOF1801,12,1.1,8,2022,9,29,2,MB,,,,
-32.524482,152.322875,UOF1801,7,0.8,8,2022,9,29,3,MB,,,,
-32.524514,152.322901,UOF1801,29,0.9,8,2022,9,29,4,MB,,,,
-32.529289,152.323003,UOF1801,20,0.9,8,2022,9,29,5,MB,,,,
-32.549805,152.307261,UOF1801,4,0.8,10,2022,9,29,6,MB,,,,
-32.544261,152.307134,UOF1801,4,1.2,7,2022,9,29,7,MB,,,,
-32.544255,152.307134,UOF1801,24,1,7,2022,9,29,8,MB,,,,
-32.544204,152.307134,UOF1801,0,0.8,10,2022,9,29,9,MB,,,,
-32.542888,152.31105,UOF1801,0,0.9,9,2022,9,29,10,MB,,,,
-32.542914,152.311075,UOF1801,9,1.3,7,2022,9,29,11,MB,,,,
-32.542895,152.31105,UOF1801,8,0.8,9,2022,9,29,12,MB,,,,
-32.542945,152.311101,UOF1801,0,1,7,2022,9,29,13,MB,,,,
-32.543009,152.311025,UOF1801,22,1.2,6,2022,9,29,14,MB,,,,
-32.542748,152.310846,UOF1801,16,0.9,9,2022,9,29,15,MB,,,,
-32.542882,152.311101,UOF1801,0,1,9,2022,9,29,16,MB,,,,
-32.542945,152.311025,UOF1801,0,0.9,9,2022,9,29,17,MB,,,,
-32.542952,152.311075,UOF1801,0,0.8,10,2022,9,29,18,MB,,,,
-32.540987,152.313237,UOF1801,19,0.8,10,2022,9,29,19,MB,,,,
-32.539252,152.316899,UOF1801,0,0.9,8,2022,9,29,20,MB,,,,
-32.539207,152.316925,UOF1801,2,0.8,9,2022,9,29,21,MB,,,,
-32.539207,152.31695,UOF1801,0,1,7,2022,9,29,22,MB,,,,
-32.539118,152.316975,UOF1801,1,1.1,7,2022,9,29,23,MB,,,,
-32.540955,152.311406,UOF1801,22,1,7,2022,9,30,0,MB,,,,
-32.549799,152.308329,UOF1801,19,0.8,11,2022,9,30,1,MB,,,,
-32.549799,152.308329,UOF1801,10,0.9,8,2022,9,30,2,MB,,,,
-32.549863,152.308354,UOF1801,0,1,7,2022,9,30,3,MB,,,,
-32.549818,152.30838,UOF1801,6,0.9,9,2022,9,30,4,MB,,,,
-32.549837,152.308227,UOF1801,22,0.8,9,2022,9,30,5,MB,,,,
-32.53859,152.316034,UOF1801,0,0.8,9,2022,9,30,6,MB,,,,
-32.498313,152.305811,UOF1801,0,0.9,9,2022,9,30,7,MB,,,,
-32.496877,152.311965,UOF1801,21,2.4,4,2022,9,30,8,MB,,,,
-32.501352,152.331014,UOF1801,0,1.8,5,2022,9,30,9,MB,,,,
-32.50937,152.318908,UOF1801,3,1.5,6,2022,9,30,10,MB,,,,
-32.50949,152.318857,UOF1801,8,0.9,9,2022,9,30,11,MB,,,,
-32.509567,152.318883,UOF1801,8,0.8,10,2022,9,30,12,MB,,,,
-32.509503,152.318883,UOF1801,0,0.9,8,2022,9,30,13,MB,,,,
-32.509503,152.318934,UOF1801,8,0.9,8,2022,9,30,14,MB,,,,
-32.509497,152.318908,UOF1801,0,0.9,9,2022,9,30,15,MB,,,,
-32.509459,152.318908,UOF1801,0,1.3,7,2022,9,30,16,MB,,,,
-32.528469,152.322494,UOF1801,0,0.7,11,2022,9,30,17,MB,,,,
-32.543702,152.308024,UOF1801,0,0.8,10,2022,9,30,18,MB,,,,
-32.542856,152.311126,UOF1801,0,0.8,10,2022,9,30,19,MB,,,,
-32.544503,152.307108,UOF1801,0,0.8,11,2022,9,30,20,MB,,,,
-32.544452,152.307235,UOF1801,10,0.7,11,2022,9,30,21,MB,,,,
-32.544401,152.307235,UOF1801,0,0.9,8,2022,9,30,22,MB,,,,
-32.544433,152.307184,UOF1801,12,0.8,10,2022,9,30,23,MB,,,,
-32.542729,152.310897,UOF1801,2,1.1,7,2022,10,1,0,MB,,,,
-32.542825,152.311075,UOF1801,31,1.4,6,2022,10,1,1,MB,,,,
-32.542882,152.31105,UOF1801,17,0.9,8,2022,10,1,2,MB,,,,
-32.542933,152.311075,UOF1801,0,0.9,8,2022,10,1,3,MB,,,,
-32.576305,152.290349,UOF1801,7,0.9,8,2022,10,1,4,MB,,,,
-32.584189,152.290959,UOF1801,8,1.1,8,2022,10,1,5,MB,,,,
-32.544217,152.306243,UOF1801,87,0.9,8,2022,10,1,6,MB,,,,
-32.538253,152.311304,UOF1801,31,1,8,2022,10,1,7,MB,,,,
-32.544885,152.307312,UOF1801,47,0.8,9,2022,10,1,8,MB,,,,
-32.548426,152.307057,UOF1801,0,1.7,7,2022,10,1,9,MB,,,,
-32.548896,152.307362,UOF1801,0,1,9,2022,10,1,10,MB,,,,
-32.548985,152.307439,UOF1801,4,0.8,10,2022,10,1,11,MB,,,,
-32.548941,152.307464,UOF1801,2,0.8,9,2022,10,1,12,MB,,,,
-32.548909,152.307439,UOF1801,0,1.2,6,2022,10,1,13,MB,,,,
-32.549481,152.307286,UOF1801,0,1.3,8,2022,10,1,15,MB,,,,
-32.54985,152.307388,UOF1801,3,1.3,7,2022,10,1,16,MB,,,,
-32.543238,152.308634,UOF1801,17,0.9,11,2022,10,1,17,MB,,,,
-32.54985,152.308354,UOF1801,2,1,10,2022,10,1,18,MB,,,,
-32.54917,152.307006,UOF1801,0,0.7,11,2022,10,1,19,MB,,,,
-32.543378,152.307617,UOF1801,0,0.7,11,2022,10,1,20,MB,,,,
-32.542081,152.310338,UOF1801,0,0.7,11,2022,10,1,21,MB,,,,
-32.542729,152.310897,UOF1801,3,0.9,8,2022,10,1,22,MB,,,,
-32.542577,152.310948,UOF1801,10,1,8,2022,10,1,23,MB,,,,
-32.542799,152.311101,UOF1801,31,1.1,7,2022,10,2,0,MB,,,,
-32.54285,152.311075,UOF1801,0,1.1,8,2022,10,2,1,MB,,,,
-32.542914,152.311075,UOF1801,0,1.4,7,2022,10,2,3,MB,,,,
-32.542914,152.311075,UOF1801,0,0.9,8,2022,10,2,4,MB,,,,
-32.543944,152.306243,UOF1801,6,0.8,9,2022,10,2,5,MB,,,,
-32.543937,152.306218,UOF1801,0,0.8,9,2022,10,2,6,MB,,,,
-32.546875,152.289077,UOF1801,20,0.8,9,2022,10,2,7,MB,,,,
-32.524565,152.322901,UOF1801,11,1,8,2022,10,2,8,MB,,,,
-32.511455,152.327707,UOF1801,15,0.7,10,2022,10,2,9,MB,,,,
-32.511531,152.324935,UOF1801,0,0.8,10,2022,10,2,10,MB,,,,
-32.5115,152.325215,UOF1801,5,1.1,8,2022,10,2,11,MB,,,,
-32.511328,152.325291,UOF1801,36,0.9,8,2022,10,2,12,MB,,,,
-32.511404,152.325291,UOF1801,14,0.8,9,2022,10,2,13,MB,,,,
-32.511277,152.325291,UOF1801,2,1.1,7,2022,10,2,14,MB,,,,
-32.511366,152.325444,UOF1801,5,1.1,7,2022,10,2,15,MB,,,,
-32.511322,152.325419,UOF1801,10,0.9,9,2022,10,2,16,MB,,,,
-32.511474,152.325444,UOF1801,12,1.1,8,2022,10,2,17,MB,,,,
-32.51115,152.323867,UOF1801,12,0.8,10,2022,10,2,18,MB,,,,
-32.484822,152.304489,UOF1801,9,1.2,6,2022,10,2,19,MB,,,,
-32.504309,152.30632,UOF1801,10,0.8,10,2022,10,2,20,MB,,,,
-32.509503,152.319086,UOF1801,9,0.8,11,2022,10,2,21,MB,,,,
-32.526154,152.322392,UOF1801,26,0.9,8,2022,10,2,22,MB,,,,
-32.526199,152.322418,UOF1801,1,1.2,7,2022,10,2,23,MB,,,,
-32.526059,152.322469,UOF1801,34,1,7,2022,10,3,0,MB,,,,
-32.526301,152.322494,UOF1801,18,0.8,10,2022,10,3,1,MB,,,,
-32.526364,152.322443,UOF1801,23,1,9,2022,10,3,2,MB,,,,
-32.526243,152.322367,UOF1801,11,0.8,9,2022,10,3,3,MB,,,,
-32.526371,152.322494,UOF1801,0,0.9,8,2022,10,3,4,MB,,,,
-32.534108,152.321019,UOF1801,89,1,7,2022,10,3,5,MB,,,,
-32.543689,152.306345,UOF1801,15,0.9,8,2022,10,3,6,MB,,,,
-32.554784,152.303726,UOF1801,18,1,7,2022,10,3,7,MB,,,,
-32.565802,152.288416,UOF1801,56,1.6,6,2022,10,3,8,MB,,,,
-32.569705,152.291595,UOF1801,0,0.8,10,2022,10,3,9,MB,,,,
-32.569527,152.291646,UOF1801,25,1.3,7,2022,10,3,10,MB,,,,
-32.569617,152.291646,UOF1801,0,1,9,2022,10,3,11,MB,,,,
-32.569553,152.291468,UOF1801,2,0.9,9,2022,10,3,12,MB,,,,
-32.569655,152.291595,UOF1801,14,0.9,8,2022,10,3,13,MB,,,,
-32.569782,152.291697,UOF1801,2,1.1,7,2022,10,3,14,MB,,,,
-32.569973,152.291849,UOF1801,0,0.8,9,2022,10,3,15,MB,,,,
-32.569992,152.291748,UOF1801,31,1,8,2022,10,3,16,MB,,,,
-32.569941,152.291926,UOF1801,0,1.2,7,2022,10,3,17,MB,,,,
-32.586153,152.273844,UOF1801,0,0.7,11,2022,10,3,18,MB,,,,
-32.566686,152.295766,UOF1801,9,1,9,2022,10,3,19,MB,,,,
-32.543568,152.306294,UOF1801,0,0.8,10,2022,10,3,20,MB,,,,
-32.542831,152.310974,UOF1801,0,0.9,9,2022,10,3,21,MB,,,,
-32.542812,152.31105,UOF1801,3,1,7,2022,10,3,22,MB,,,,
-32.542717,152.310923,UOF1801,0,1.1,6,2022,10,3,23,MB,,,,
-32.549831,152.307312,UOF1801,11,0.9,8,2022,10,4,0,MB,,,,
-32.524578,152.322647,UOF1801,7,0.8,9,2022,10,4,1,MB,,,,
-32.524457,152.322672,UOF1801,0,1.1,8,2022,10,4,2,MB,,,,
-32.52445,152.322799,UOF1801,8,0.9,8,2022,10,4,3,MB,,,,
-32.524533,152.322621,UOF1801,2,0.8,9,2022,10,4,4,MB,,,,
-32.52447,152.322647,UOF1801,7,1.2,6,2022,10,4,5,MB,,,,
-32.500164,152.33226,UOF1801,36,1,8,2022,10,4,6,MB,,,,
-32.472698,152.377833,UOF1801,10,0.8,10,2022,10,4,7,MB,,,,
-32.481122,152.416615,UOF1801,26,0.9,8,2022,10,4,8,MB,,,,
-32.483016,152.382029,UOF1801,13,0.7,10,2022,10,4,9,MB,,,,
-32.505987,152.359268,UOF1801,0,0.7,11,2022,10,4,10,MB,,,,
-32.507214,152.360082,UOF1801,15,1,9,2022,10,4,11,MB,,,,
-32.507907,152.360488,UOF1801,13,1.2,7,2022,10,4,12,MB,,,,
-32.50799,152.360641,UOF1801,44,1.3,6,2022,10,4,13,MB,,,,
-32.507888,152.360641,UOF1801,0,0.9,8,2022,10,4,14,MB,,,,
-32.507818,152.360616,UOF1801,7,1,8,2022,10,4,15,MB,,,,
-32.50785,152.36059,UOF1801,18,1.3,7,2022,10,4,16,MB,,,,
-32.507831,152.360539,UOF1801,0,1.3,7,2022,10,4,17,MB,,,,
-32.507799,152.360717,UOF1801,19,0.9,9,2022,10,4,18,MB,,,,
-32.508009,152.360616,UOF1801,1,1.1,7,2022,10,4,19,MB,,,,
-32.508009,152.360641,UOF1801,38,1,8,2022,10,4,20,MB,,,,
-32.507876,152.360641,UOF1801,12,1.8,6,2022,10,4,21,MB,,,,
-32.507907,152.360641,UOF1801,40,0.8,9,2022,10,4,22,MB,,,,
-32.50792,152.360616,UOF1801,15,1.2,6,2022,10,4,23,MB,,,,
-32.508079,152.360463,UOF1801,25,1,7,2022,10,5,0,MB,,,,
-32.508098,152.360514,UOF1801,19,1.5,6,2022,10,5,1,MB,,,,
-32.507952,152.36059,UOF1801,22,1.2,7,2022,10,5,2,MB,,,,
-32.508073,152.360616,UOF1801,0,1,7,2022,10,5,3,MB,,,,
-32.508098,152.35998,UOF1801,25,0.8,9,2022,10,5,4,MB,,,,
-32.508028,152.360107,UOF1801,19,1.3,7,2022,10,5,5,MB,,,,
-32.50724,152.364456,UOF1801,24,0.8,10,2022,10,5,6,MB,,,,
-32.507539,152.356241,UOF1801,31,0.8,10,2022,10,5,7,MB,,,,
-32.504792,152.359776,UOF1801,14,0.9,8,2022,10,5,8,MB,,,,
-32.508003,152.360565,UOF1801,29,1.3,6,2022,10,5,9,MB,,,,
-32.508009,152.360565,UOF1801,1,1.3,7,2022,10,5,11,MB,,,,
-32.509567,152.360768,UOF1801,8,0.8,9,2022,10,5,12,MB,,,,
-32.514717,152.351842,UOF1801,1,0.8,9,2022,10,5,13,MB,,,,
-32.51314,152.348765,UOF1801,31,1,7,2022,10,5,14,MB,,,,
-32.512746,152.349019,UOF1801,7,0.8,9,2022,10,5,15,MB,,,,
-32.540072,152.319722,UOF1801,6,1,9,2022,10,5,16,MB,,,,
-32.545616,152.309041,UOF1801,0,1.1,9,2022,10,5,17,MB,,,,
-32.550263,152.306955,UOF1801,0,1.1,7,2022,10,5,18,MB,,,,
-32.550219,152.307006,UOF1801,16,0.8,10,2022,10,5,19,MB,,,,
-32.550168,152.30721,UOF1801,0,1.6,5,2022,10,5,20,MB,,,,
-32.5502,152.307057,UOF1801,0,0.8,10,2022,10,5,21,MB,,,,
-32.542939,152.30899,UOF1801,0,0.8,10,2022,10,5,22,MB,,,,
-32.52466,152.32224,UOF1801,0,1,8,2022,10,5,23,MB,,,,
-32.508772,152.327377,UOF1801,12,0.7,11,2022,10,6,0,MB,,,,
-32.508766,152.327326,UOF1801,43,1,8,2022,10,6,1,MB,,,,
-32.508753,152.327504,UOF1801,42,1,9,2022,10,6,2,MB,,,,
-32.508772,152.327428,UOF1801,2,1.4,7,2022,10,6,3,MB,,,,
-32.508861,152.327301,UOF1801,0,0.8,9,2022,10,6,4,MB,,,,
-32.508874,152.327301,UOF1801,19,1.2,7,2022,10,6,5,MB,,,,
-32.50333,152.303675,UOF1801,0,0.9,8,2022,10,6,6,MB,,,,
-32.549844,152.307515,UOF1801,16,0.9,9,2022,10,6,7,MB,,,,
-32.549615,152.307515,UOF1801,4,0.9,9,2022,10,6,8,MB,,,,
-32.539347,152.317764,UOF1801,6,0.9,8,2022,10,6,9,MB,,,,
-32.539309,152.317713,UOF1801,2,1,8,2022,10,6,10,MB,,,,
-32.539347,152.317713,UOF1801,8,0.8,10,2022,10,6,11,MB,,,,
-32.539385,152.317713,UOF1801,6,0.9,9,2022,10,6,12,MB,,,,
-32.539417,152.317815,UOF1801,0,0.9,8,2022,10,6,13,MB,,,,
-32.538743,152.316009,UOF1801,0,1.1,7,2022,10,6,14,MB,,,,
-32.543905,152.307388,UOF1801,8,0.8,10,2022,10,6,15,MB,,,,
-32.543537,152.306955,UOF1801,0,1,9,2022,10,6,16,MB,,,,
-32.548763,152.307642,UOF1801,17,1.1,9,2022,10,6,17,MB,,,,
-32.543925,152.306803,UOF1801,0,0.9,10,2022,10,6,18,MB,,,,
-32.53105,152.32224,UOF1801,12,0.8,9,2022,10,6,19,MB,,,,
-32.527655,152.322367,UOF1801,6,1.4,8,2022,10,6,20,MB,,,,
-32.534108,152.320739,UOF1801,2,1,9,2022,10,6,21,MB,,,,
-32.543403,152.310033,UOF1801,0,1.1,7,2022,10,6,22,MB,,,,
-32.542767,152.310923,UOF1801,0,1,8,2022,10,6,23,MB,,,,
-32.542742,152.31077,UOF1801,13,0.8,9,2022,10,7,0,MB,,,,
-32.542678,152.310796,UOF1801,20,0.9,9,2022,10,7,1,MB,,,,
-32.524654,152.322418,UOF1801,4,1,9,2022,10,7,2,MB,,,,
-32.524527,152.322774,UOF1801,3,1,7,2022,10,7,3,MB,,,,
-32.524508,152.322875,UOF1801,9,0.8,8,2022,10,7,4,MB,,,,
-32.524444,152.322774,UOF1801,9,1.8,5,2022,10,7,5,MB,,,,
-32.52508,152.322774,UOF1801,4,1,8,2022,10,7,6,MB,,,,
-32.517031,152.326182,UOF1801,24,1.2,8,2022,10,7,7,MB,,,,
-32.51225,152.322774,UOF1801,30,1,7,2022,10,7,8,MB,,,,
-32.51225,152.322697,UOF1801,3,0.7,10,2022,10,7,9,MB,,,,
-32.512167,152.322672,UOF1801,0,0.9,9,2022,10,7,10,MB,,,,
-32.512231,152.32257,UOF1801,12,1.1,8,2022,10,7,11,MB,,,,
-32.510705,152.319137,UOF1801,5,0.9,8,2022,10,7,12,MB,,,,
-32.510737,152.319163,UOF1801,0,0.8,9,2022,10,7,13,MB,,,,
-32.510698,152.319239,UOF1801,0,0.9,8,2022,10,7,14,MB,,,,
-32.510864,152.319391,UOF1801,11,0.8,10,2022,10,7,15,MB,,,,
-32.510762,152.319315,UOF1801,0,0.9,9,2022,10,7,16,MB,,,,
-32.510775,152.319315,UOF1801,0,1,9,2022,10,7,17,MB,,,,
-32.510845,152.319417,UOF1801,1,0.9,10,2022,10,7,18,MB,,,,
-32.503686,152.304209,UOF1801,4,0.8,10,2022,10,7,19,MB,,,,
-32.509707,152.319264,UOF1801,0,1,10,2022,10,7,20,MB,,,,
-32.50977,152.319264,UOF1801,0,0.8,10,2022,10,7,21,MB,,,,
-32.509783,152.319315,UOF1801,29,0.9,9,2022,10,7,22,MB,,,,
-32.509694,152.319315,UOF1801,4,1,8,2022,10,7,23,MB,,,,
-32.5097,152.319264,UOF1801,19,0.9,8,2022,10,8,0,MB,,,,
-32.509783,152.319239,UOF1801,21,1.1,7,2022,10,8,1,MB,,,,
-32.524921,152.32285,UOF1801,16,1.4,7,2022,10,8,2,MB,,,,
-32.525194,152.322748,UOF1801,0,0.9,8,2022,10,8,3,MB,,,,
-32.524845,152.323104,UOF1801,69,1,6,2022,10,8,4,MB,,,,
-32.537961,152.31845,UOF1801,49,1.6,6,2022,10,8,6,MB,,,,
-32.565141,152.298614,UOF1801,0,0.9,8,2022,10,8,7,MB,,,,
-32.565319,152.298665,UOF1801,0,0.9,8,2022,10,8,8,MB,,,,
-32.549685,152.307235,UOF1801,22,0.7,11,2022,10,8,9,MB,,,,
-32.542901,152.31105,UOF1801,0,0.9,9,2022,10,8,10,MB,,,,
-32.542825,152.311075,UOF1801,20,1.1,8,2022,10,8,11,MB,,,,
-32.542462,152.310821,UOF1801,6,0.8,9,2022,10,8,12,MB,,,,
-32.542939,152.310592,UOF1801,17,1.1,6,2022,10,8,13,MB,,,,
-32.537751,152.318323,UOF1801,12,1.2,7,2022,10,8,16,MB,,,,
-32.526161,152.322443,UOF1801,0,1.3,7,2022,10,8,17,MB,,,,
-32.526218,152.322367,UOF1801,27,0.8,11,2022,10,8,18,MB,,,,
-32.526218,152.322367,UOF1801,13,0.7,11,2022,10,8,19,MB,,,,
-32.525074,152.322825,UOF1801,0,1,11,2022,10,8,20,MB,,,,
-32.526224,152.322392,UOF1801,3,0.8,9,2022,10,8,22,MB,,,,
-32.52775,152.32224,UOF1801,0,0.9,9,2022,10,8,23,MB,,,,
-32.527941,152.322901,UOF1801,61,1,8,2022,10,9,0,MB,,,,
-32.528341,152.322697,UOF1801,40,1.5,6,2022,10,9,1,MB,,,,
-32.532512,152.321502,UOF1801,0,1.2,8,2022,10,9,2,MB,,,,
-32.549805,152.308405,UOF1801,9,0.9,9,2022,10,9,4,MB,,,,
-32.549774,152.308532,UOF1801,96,1.2,6,2022,10,9,5,MB,,,,
-32.568618,152.294774,UOF1801,3,1,8,2022,10,9,6,MB,,,,
-32.569496,152.279363,UOF1801,90,1.2,7,2022,10,9,7,MB,,,,
-32.571797,152.288823,UOF1801,0,0.8,9,2022,10,9,8,MB,,,,
-32.556424,152.302174,UOF1801,8,0.7,12,2022,10,9,9,MB,,,,
-32.538406,152.317001,UOF1801,0,0.8,10,2022,10,9,10,MB,,,,
-32.512561,152.32814,UOF1801,0,0.9,9,2022,10,9,11,MB,,,,
-32.508391,152.331141,UOF1801,0,0.9,7,2022,10,9,12,MB,,,,
-32.504665,152.324783,UOF1801,40,0.9,8,2022,10,9,13,MB,,,,
-32.509217,152.319976,UOF1801,86,0.9,9,2022,10,9,14,MB,,,,
-32.508766,152.328089,UOF1801,3,0.9,9,2022,10,9,15,MB,,,,
-32.508696,152.327962,UOF1801,3,0.8,10,2022,10,9,16,MB,,,,
-32.508759,152.328038,UOF1801,4,1.1,8,2022,10,9,17,MB,,,,
-32.510094,152.326563,UOF1801,4,0.8,10,2022,10,9,18,MB,,,,
-32.524253,152.322723,UOF1801,9,0.8,10,2022,10,9,19,MB,,,,
-32.524241,152.322748,UOF1801,0,1.4,6,2022,10,9,20,MB,,,,
-32.524241,152.322697,UOF1801,0,0.9,9,2022,10,9,21,MB,,,,
-32.524234,152.322774,UOF1801,0,0.9,8,2022,10,9,22,MB,,,,
-32.526351,152.322341,UOF1801,21,1,8,2022,10,9,23,MB,,,,
-32.526313,152.322316,UOF1801,10,1,8,2022,10,10,0,MB,,,,
-32.539652,152.318247,UOF1801,27,1.3,8,2022,10,10,1,MB,,,,
-32.543804,152.306777,UOF1801,4,1,8,2022,10,10,2,MB,,,,
-32.543925,152.306752,UOF1801,0,0.9,8,2022,10,10,3,MB,,,,
-32.543734,152.306472,UOF1801,0,1.3,6,2022,10,10,4,MB,,,,
-32.543861,152.306625,UOF1801,42,1,8,2022,10,10,5,MB,,,,
-32.549716,152.307515,UOF1801,0,0.7,10,2022,10,10,6,MB,,,,
-32.525029,152.322799,UOF1801,0,1.2,8,2022,10,10,7,MB,,,,
-32.498479,152.333862,UOF1801,11,0.7,10,2022,10,10,8,MB,,,,
-32.479075,152.357716,UOF1801,18,0.7,11,2022,10,10,9,MB,,,,
-32.472348,152.378875,UOF1801,0,1.1,8,2022,10,10,10,MB,,,,
-32.491886,152.401179,UOF1801,0,0.8,10,2022,10,10,11,MB,,,,
-32.490461,152.397313,UOF1801,4,0.7,11,2022,10,10,12,MB,,,,
-32.489858,152.398508,UOF1801,0,1,7,2022,10,10,13,MB,,,,
-32.489838,152.398457,UOF1801,0,1,7,2022,10,10,14,MB,,,,
-32.489781,152.398432,UOF1801,2,0.9,9,2022,10,10,15,MB,,,,
-32.490671,152.399551,UOF1801,6,0.9,9,2022,10,10,16,MB,,,,
-32.491046,152.399576,UOF1801,0,0.8,10,2022,10,10,17,MB,,,,
-32.491104,152.399576,UOF1801,0,0.7,11,2022,10,10,18,MB,,,,
-32.492121,152.397644,UOF1801,2,0.8,10,2022,10,10,19,MB,,,,
-32.501225,152.37829,UOF1801,0,0.9,11,2022,10,10,20,MB,,,,
-32.508111,152.360463,UOF1801,23,0.9,8,2022,10,10,21,MB,,,,
-32.511887,152.357589,UOF1801,6,0.8,9,2022,10,10,22,MB,,,,
-32.538876,152.320256,UOF1801,4,0.7,10,2022,10,10,23,MB,,,,
-32.542926,152.31105,UOF1801,11,1,8,2022,10,11,0,MB,,,,
-32.542837,152.311152,UOF1801,0,0.9,9,2022,10,11,1,MB,,,,
-32.542882,152.311152,UOF1801,0,1.4,7,2022,10,11,2,MB,,,,
-32.542895,152.311025,UOF1801,17,0.9,8,2022,10,11,3,MB,,,,
-32.542952,152.311126,UOF1801,0,0.9,7,2022,10,11,4,MB,,,,
-32.542945,152.311025,UOF1801,0,1.2,6,2022,10,11,5,MB,,,,
-32.543295,152.307591,UOF1801,18,0.8,9,2022,10,11,6,MB,,,,
-32.515454,152.3243,UOF1801,11,1.6,7,2022,10,11,7,MB,,,,
-32.511773,152.321121,UOF1801,0,0.8,9,2022,10,11,8,MB,,,,
-32.504697,152.332361,UOF1801,5,0.7,12,2022,10,11,9,MB,,,,
-32.504372,152.332514,UOF1801,13,0.9,9,2022,10,11,10,MB,,,,
-32.504398,152.332463,UOF1801,11,1,8,2022,10,11,11,MB,,,,
-32.504334,152.332514,UOF1801,21,0.7,11,2022,10,11,12,MB,,,,
-32.504347,152.332514,UOF1801,0,0.9,8,2022,10,11,13,MB,,,,
-32.504322,152.332565,UOF1801,5,0.8,9,2022,10,11,14,MB,,,,
-32.504309,152.332438,UOF1801,13,0.8,10,2022,10,11,15,MB,,,,
-32.504283,152.332514,UOF1801,7,0.9,10,2022,10,11,16,MB,,,,
-32.505771,152.333353,UOF1801,4,1.1,9,2022,10,11,17,MB,,,,
-32.514189,152.326105,UOF1801,6,0.9,10,2022,10,11,18,MB,,,,
-32.53215,152.325902,UOF1801,8,0.8,10,2022,10,11,19,MB,,,,
-32.531031,152.322367,UOF1801,11,1,9,2022,10,11,20,MB,,,,
-32.531203,152.322113,UOF1801,4,1,7,2022,10,11,21,MB,,,,
-32.530974,152.322214,UOF1801,13,0.9,8,2022,10,11,22,MB,,,,
-32.531024,152.322163,UOF1801,14,0.9,9,2022,10,11,23,MB,,,,
-32.53105,152.322011,UOF1801,8,0.8,9,2022,10,12,0,MB,,,,
-32.530999,152.322011,UOF1801,25,1.1,8,2022,10,12,1,MB,,,,
-32.531063,152.322087,UOF1801,11,1.4,7,2022,10,12,2,MB,,,,
-32.531031,152.322087,UOF1801,30,0.8,9,2022,10,12,3,MB,,,,
-32.538463,152.315882,UOF1801,0,0.9,8,2022,10,12,4,MB,,,,
-32.562617,152.298334,UOF1801,16,1,8,2022,10,12,5,MB,,,,
-32.588912,152.279337,UOF1801,0,0.7,10,2022,10,12,6,MB,,,,
-32.572039,152.274887,UOF1801,2,0.9,9,2022,10,12,7,MB,,,,
-32.581448,152.287653,UOF1801,50,0.9,8,2022,10,12,8,MB,,,,
-32.581487,152.287729,UOF1801,11,0.9,8,2022,10,12,9,MB,,,,
-32.58155,152.287806,UOF1801,14,0.8,10,2022,10,12,11,MB,,,,
-32.581429,152.287831,UOF1801,6,0.8,9,2022,10,12,12,MB,,,,
-32.581537,152.287755,UOF1801,10,1.2,6,2022,10,12,13,MB,,,,
-32.581537,152.287755,UOF1801,4,0.9,8,2022,10,12,14,MB,,,,
-32.581487,152.287806,UOF1801,6,0.8,10,2022,10,12,15,MB,,,,
-32.581499,152.287806,UOF1801,2,1.1,9,2022,10,12,16,MB,,,,
-32.581474,152.287679,UOF1801,6,0.8,10,2022,10,12,17,MB,,,,
-32.581512,152.287704,UOF1801,14,0.8,9,2022,10,12,18,MB,,,,
-32.581499,152.287679,UOF1801,6,0.9,10,2022,10,12,19,MB,,,,
-32.572795,152.292816,UOF1801,0,0.8,11,2022,10,12,20,MB,,,,
-32.549869,152.307235,UOF1801,5,0.9,9,2022,10,12,21,MB,,,,
-32.543308,152.309092,UOF1801,8,0.9,8,2022,10,12,22,MB,,,,
-32.524775,152.322291,UOF1801,6,0.7,10,2022,10,12,23,MB,,,,
-32.524311,152.322697,UOF1801,13,0.8,9,2022,10,13,0,MB,,,,
-32.541362,152.311101,UOF1801,25,1.3,8,2022,10,13,1,MB,,,,
-32.549157,152.307413,UOF1801,0,0.9,9,2022,10,13,2,MB,,,,
-32.549163,152.30749,UOF1801,4,0.8,9,2022,10,13,3,MB,,,,
-32.549132,152.307439,UOF1801,12,0.8,9,2022,10,13,4,MB,,,,
-32.549138,152.307388,UOF1801,1,0.9,8,2022,10,13,5,MB,,,,
-32.549138,152.307413,UOF1801,2,0.8,9,2022,10,13,6,MB,,,,
-32.549729,152.30754,UOF1801,0,1,8,2022,10,13,7,MB,,,,
-32.578975,152.291264,UOF1801,16,0.8,9,2022,10,13,8,MB,,,,
-32.581531,152.28778,UOF1801,9,1,7,2022,10,13,9,MB,,,,
-32.581461,152.287755,UOF1801,5,0.9,9,2022,10,13,10,MB,,,,
-32.581512,152.287729,UOF1801,13,0.9,9,2022,10,13,11,MB,,,,
-32.581531,152.287831,UOF1801,8,0.9,9,2022,10,13,12,MB,,,,
-32.581531,152.287831,UOF1801,0,0.9,8,2022,10,13,13,MB,,,,
-32.581455,152.287882,UOF1801,6,1.1,7,2022,10,13,14,MB,,,,
-32.581537,152.287755,UOF1801,13,1.4,7,2022,10,13,15,MB,,,,
-32.581493,152.287653,UOF1801,0,0.9,9,2022,10,13,16,MB,,,,
-32.581582,152.28778,UOF1801,0,1.1,8,2022,10,13,17,MB,,,,
-32.581531,152.287857,UOF1801,0,0.8,9,2022,10,13,18,MB,,,,
-32.553391,152.304158,UOF1801,3,0.8,10,2022,10,13,19,MB,,,,
-32.543657,152.30693,UOF1801,0,0.9,9,2022,10,13,20,MB,,,,
-32.542049,152.310363,UOF1801,0,0.9,9,2022,10,13,21,MB,,,,
-32.542678,152.31077,UOF1801,0,0.9,8,2022,10,13,22,MB,,,,
-32.54917,152.307388,UOF1801,0,0.9,9,2022,10,13,23,MB,,,,
-32.549081,152.307566,UOF1801,35,0.8,9,2022,10,14,0,MB,,,,
-32.549163,152.307617,UOF1801,15,1.1,8,2022,10,14,1,MB,,,,
-32.549678,152.307922,UOF1801,16,0.8,9,2022,10,14,2,MB,,,,
-32.549157,152.307337,UOF1801,0,1,7,2022,10,14,3,MB,,,,
-32.5491,152.307388,UOF1801,26,0.9,8,2022,10,14,4,MB,,,,
-32.549119,152.307464,UOF1801,24,0.9,8,2022,10,14,5,MB,,,,
-32.571206,152.293502,UOF1801,0,0.7,10,2022,10,14,6,MB,,,,
-32.586655,152.276006,UOF1801,0,1,8,2022,10,14,7,MB,,,,
-32.585664,152.276209,UOF1801,0,0.8,9,2022,10,14,8,MB,,,,
-32.585982,152.282338,UOF1801,5,0.9,9,2022,10,14,9,MB,,,,
-32.56502,152.298868,UOF1801,1,0.7,11,2022,10,14,11,MB,,,,
-32.549837,152.307312,UOF1801,0,0.8,9,2022,10,14,12,MB,,,,
-32.549837,152.307464,UOF1801,0,0.9,8,2022,10,14,13,MB,,,,
-32.549895,152.307464,UOF1801,0,1.1,7,2022,10,14,14,MB,,,,
-32.550149,152.307184,UOF1801,0,1.4,7,2022,10,14,15,MB,,,,
-32.549678,152.307718,UOF1801,0,1.1,9,2022,10,14,16,MB,,,,
-32.549259,152.307947,UOF1801,0,1,9,2022,10,14,17,MB,,,,
-32.542767,152.311075,UOF1801,0,0.8,10,2022,10,14,18,MB,,,,
-32.542831,152.31105,UOF1801,15,0.7,11,2022,10,14,19,MB,,,,
-32.542577,152.310516,UOF1801,0,0.7,12,2022,10,14,20,MB,,,,
-32.541915,152.312194,UOF1801,0,0.7,12,2022,10,14,21,MB,,,,
-32.54978,152.307617,UOF1801,19,1.2,6,2022,10,14,22,MB,,,,
-32.542049,152.311228,UOF1801,23,0.8,10,2022,10,14,23,MB,,,,
-32.54189,152.310185,UOF1801,88,0.9,8,2022,10,15,0,MB,,,,
-32.549195,152.307642,UOF1801,57,1.1,8,2022,10,15,1,MB,,,,
-32.549062,152.307464,UOF1801,0,0.9,8,2022,10,15,2,MB,,,,
-32.549214,152.307388,UOF1801,0,0.9,8,2022,10,15,3,MB,,,,
-32.54512,152.306371,UOF1801,8,0.9,8,2022,10,15,4,MB,,,,
-32.535755,152.3199,UOF1801,27,1,8,2022,10,15,5,MB,,,,
-32.508391,152.318654,UOF1801,39,0.8,10,2022,10,15,6,MB,,,,
-32.487855,152.397084,UOF1801,122,1.7,4,2022,10,15,8,MB,,,,
-32.498917,152.38208,UOF1801,5,1.2,6,2022,10,15,9,MB,,,,
-32.508136,152.360285,UOF1801,17,1.9,5,2022,10,15,10,MB,,,,
-32.507806,152.360488,UOF1801,16,1.2,6,2022,10,15,11,MB,,,,
-32.507939,152.360132,UOF1801,4,1.4,5,2022,10,15,12,MB,,,,
-32.507844,152.360082,UOF1801,6,1.9,5,2022,10,15,13,MB,,,,
-32.507863,152.360158,UOF1801,14,1.5,5,2022,10,15,14,MB,,,,
-32.507914,152.360158,UOF1801,25,1,8,2022,10,15,15,MB,,,,
-32.507869,152.360183,UOF1801,28,1.2,8,2022,10,15,16,MB,,,,
-32.507882,152.360234,UOF1801,27,1.3,7,2022,10,15,17,MB,,,,
-32.507926,152.360158,UOF1801,24,0.9,9,2022,10,15,18,MB,,,,
-32.507844,152.360183,UOF1801,25,1.1,9,2022,10,15,19,MB,,,,
-32.50799,152.360488,UOF1801,13,1.6,5,2022,10,15,20,MB,,,,
-32.536664,152.323282,UOF1801,0,0.9,9,2022,10,15,21,MB,,,,
-32.541954,152.310516,UOF1801,5,1.3,6,2022,10,15,22,MB,,,,
-32.542405,152.309677,UOF1801,20,1,8,2022,10,15,23,MB,,,,
-32.543797,152.307032,UOF1801,0,1.2,7,2022,10,16,0,MB,,,,
-32.543715,152.307235,UOF1801,0,1.6,7,2022,10,16,1,MB,,,,
-32.543734,152.307184,UOF1801,5,1,7,2022,10,16,2,MB,,,,
-32.543797,152.30721,UOF1801,0,1.1,6,2022,10,16,3,MB,,,,
-32.543155,152.310872,UOF1801,107,0.9,8,2022,10,16,4,MB,,,,
-32.542596,152.310236,UOF1801,0,0.8,9,2022,10,16,5,MB,,,,
-32.549125,152.307413,UOF1801,0,0.8,9,2022,10,16,6,MB,,,,
-32.5491,152.307413,UOF1801,4,1,8,2022,10,16,7,MB,,,,
-32.549182,152.307439,UOF1801,11,0.8,9,2022,10,16,8,MB,,,,
-32.54107,152.311203,UOF1801,32,0.7,11,2022,10,16,9,MB,,,,
-32.543034,152.308659,UOF1801,0,1,8,2022,10,16,10,MB,,,,
-32.543886,152.308481,UOF1801,7,1,8,2022,10,16,11,MB,,,,
-32.543925,152.308507,UOF1801,11,0.8,9,2022,10,16,12,MB,,,,
-32.543804,152.308456,UOF1801,0,1.2,6,2022,10,16,13,MB,,,,
-32.542189,152.310974,UOF1801,10,1.1,7,2022,10,16,14,MB,,,,
-32.543867,152.308558,UOF1801,11,0.9,9,2022,10,16,15,MB,,,,
-32.54381,152.308431,UOF1801,0,1.2,8,2022,10,16,16,MB,,,,
-32.543912,152.308456,UOF1801,0,0.7,11,2022,10,16,17,MB,,,,
-32.543867,152.308532,UOF1801,10,0.8,10,2022,10,16,18,MB,,,,
-32.543931,152.308431,UOF1801,24,1,9,2022,10,16,19,MB,,,,
-32.549163,152.307413,UOF1801,0,0.7,11,2022,10,16,20,MB,,,,
-32.549087,152.307439,UOF1801,26,1,8,2022,10,16,21,MB,,,,
-32.549055,152.307413,UOF1801,0,1,8,2022,10,16,22,MB,,,,
-32.549125,152.307413,UOF1801,5,1,8,2022,10,16,23,MB,,,,
-32.549132,152.307464,UOF1801,23,0.8,10,2022,10,17,0,MB,,,,
-32.549062,152.307439,UOF1801,12,1,9,2022,10,17,1,MB,,,,
-32.576864,152.289917,UOF1801,0,0.8,9,2022,10,17,2,MB,,,,
-32.541915,152.310109,UOF1801,0,0.9,9,2022,10,17,3,MB,,,,
-32.524959,152.32313,UOF1801,157,1,7,2022,10,17,4,MB,,,,
-32.524234,152.32285,UOF1801,16,1.1,6,2022,10,17,5,MB,,,,
-32.525004,152.322774,UOF1801,4,0.9,8,2022,10,17,6,MB,,,,
-32.504468,152.307032,UOF1801,132,1.4,6,2022,10,17,7,MB,,,,
-32.493691,152.30665,UOF1801,0,1.3,6,2022,10,17,8,MB,,,,
-32.501956,152.314992,UOF1801,2,1.1,8,2022,10,17,10,MB,,,,
-32.502808,152.318959,UOF1801,11,1.1,7,2022,10,17,11,MB,,,,
-32.503603,152.320205,UOF1801,0,0.9,8,2022,10,17,12,MB,,,,
-32.503616,152.320129,UOF1801,0,1.1,7,2022,10,17,13,MB,,,,
-32.503552,152.320256,UOF1801,3,1,8,2022,10,17,14,MB,,,,
-32.503565,152.320231,UOF1801,9,0.9,9,2022,10,17,15,MB,,,,
-32.503559,152.320231,UOF1801,14,0.9,10,2022,10,17,16,MB,,,,
-32.50354,152.320256,UOF1801,0,0.9,10,2022,10,17,17,MB,,,,
-32.503635,152.320231,UOF1801,12,0.8,10,2022,10,17,18,MB,,,,
-32.503603,152.320256,UOF1801,21,1,10,2022,10,17,19,MB,,,,
-32.503622,152.320205,UOF1801,16,0.7,11,2022,10,17,20,MB,,,,
-32.50394,152.319849,UOF1801,7,0.7,11,2022,10,17,21,MB,,,,
-32.52611,152.322418,UOF1801,2,1,7,2022,10,17,22,MB,,,,
-32.525976,152.322469,UOF1801,34,0.8,9,2022,10,17,23,MB,,,,
-32.543829,152.306752,UOF1801,14,0.9,8,2022,10,18,0,MB,,,,
-32.543829,152.306828,UOF1801,5,1,9,2022,10,18,1,MB,,,,
-32.543861,152.306803,UOF1801,12,0.9,9,2022,10,18,2,MB,,,,
-32.54395,152.306752,UOF1801,4,0.8,9,2022,10,18,3,MB,,,,
-32.543848,152.306854,UOF1801,0,0.9,8,2022,10,18,4,MB,,,,
-32.543905,152.306752,UOF1801,20,0.9,9,2022,10,18,5,MB,,,,
-32.560283,152.299758,UOF1801,4,0.7,10,2022,10,18,6,MB,,,,
-32.569025,152.295283,UOF1801,14,0.9,8,2022,10,18,7,MB,,,,
-32.565058,152.296656,UOF1801,0,0.8,10,2022,10,18,8,MB,,,,
-32.54943,152.307718,UOF1801,1,0.7,11,2022,10,18,9,MB,,,,
-32.549538,152.307413,UOF1801,0,1,9,2022,10,18,10,MB,,,,
-32.542271,152.309499,UOF1801,1,1.2,7,2022,10,18,11,MB,,,,
-32.542875,152.310974,UOF1801,0,0.8,9,2022,10,18,12,MB,,,,
-32.543855,152.308507,UOF1801,0,0.9,8,2022,10,18,13,MB,,,,
-32.543753,152.309015,UOF1801,2,1.2,6,2022,10,18,14,MB,,,,
-32.543632,152.309066,UOF1801,8,1.1,7,2022,10,18,15,MB,,,,
-32.542055,152.310389,UOF1801,0,1.1,8,2022,10,18,16,MB,,,,
-32.534509,152.320561,UOF1801,0,0.7,11,2022,10,18,17,MB,,,,
-32.524578,152.322672,UOF1801,0,0.7,12,2022,10,18,18,MB,,,,
-32.528297,152.322367,UOF1801,8,0.8,11,2022,10,18,19,MB,,,,
-32.528341,152.322341,UOF1801,0,0.7,12,2022,10,18,20,MB,,,,
-32.524126,152.322672,UOF1801,11,0.8,9,2022,10,18,21,MB,,,,
-32.524228,152.322596,UOF1801,12,1,7,2022,10,18,22,MB,,,,
-32.525245,152.323003,UOF1801,7,0.9,8,2022,10,18,23,MB,,,,
-32.542742,152.308863,UOF1801,0,0.9,8,2022,10,19,0,MB,,,,
-32.543944,152.30665,UOF1801,35,0.8,10,2022,10,19,1,MB,,,,
-32.549195,152.307464,UOF1801,18,1,7,2022,10,19,2,MB,,,,
-32.549297,152.307439,UOF1801,15,0.9,8,2022,10,19,3,MB,,,,
-32.549087,152.30749,UOF1801,3,1.2,6,2022,10,19,4,MB,,,,
-32.545641,152.308227,UOF1801,20,0.8,9,2022,10,19,5,MB,,,,
-32.539455,152.317993,UOF1801,1,0.8,9,2022,10,19,6,MB,,,,
-32.513191,152.325622,UOF1801,4,0.9,8,2022,10,19,7,MB,,,,
-32.510037,152.332616,UOF1801,27,0.7,10,2022,10,19,8,MB,,,,
-32.508035,152.336023,UOF1801,8,1,8,2022,10,19,9,MB,,,,
-32.508181,152.335998,UOF1801,8,1.1,8,2022,10,19,10,MB,,,,
-32.508111,152.3361,UOF1801,1,0.9,8,2022,10,19,11,MB,,,,
-32.508073,152.336125,UOF1801,1,0.8,10,2022,10,19,12,MB,,,,
-32.508104,152.336151,UOF1801,0,0.9,8,2022,10,19,13,MB,,,,
-32.507926,152.33638,UOF1801,0,0.8,9,2022,10,19,14,MB,,,,
-32.50799,152.335973,UOF1801,23,0.8,10,2022,10,19,15,MB,,,,
-32.508028,152.336049,UOF1801,0,1.2,8,2022,10,19,16,MB,,,,
-32.508143,152.335998,UOF1801,0,0.9,10,2022,10,19,17,MB,,,,
-32.506356,152.359573,UOF1801,5,1,9,2022,10,19,18,MB,,,,
-32.508321,152.360743,UOF1801,12,0.8,11,2022,10,19,19,MB,,,,
-32.508359,152.360692,UOF1801,23,0.7,12,2022,10,19,20,MB,,,,
-32.508314,152.360692,UOF1801,27,0.7,11,2022,10,19,21,MB,,,,
-32.508104,152.360438,UOF1801,15,1.1,7,2022,10,19,22,MB,,,,
-32.508448,152.360565,UOF1801,40,0.8,10,2022,10,19,23,MB,,,,
-32.508524,152.360692,UOF1801,31,0.9,9,2022,10,20,0,MB,,,,
-32.508543,152.360743,UOF1801,39,0.8,10,2022,10,20,1,MB,,,,
-32.508511,152.36059,UOF1801,33,0.8,9,2022,10,20,2,MB,,,,
-32.508537,152.360641,UOF1801,21,0.8,9,2022,10,20,3,MB,,,,
-32.508524,152.360616,UOF1801,31,1.4,6,2022,10,20,4,MB,,,,
-32.50855,152.360616,UOF1801,24,0.8,9,2022,10,20,5,MB,,,,
-32.507876,152.360234,UOF1801,0,1.5,7,2022,10,20,6,MB,,,,
-32.508282,152.360616,UOF1801,23,0.9,9,2022,10,20,7,MB,,,,
-32.508403,152.361099,UOF1801,41,0.9,8,2022,10,20,8,MB,,,,
-32.490131,152.399398,UOF1801,0,0.8,10,2022,10,20,9,MB,,,,
-32.473117,152.376383,UOF1801,6,1,9,2022,10,20,10,MB,,,,
-32.485782,152.344492,UOF1801,14,0.8,9,2022,10,20,11,MB,,,,
-32.486558,152.342814,UOF1801,12,0.8,10,2022,10,20,12,MB,,,,
-32.48652,152.342788,UOF1801,0,0.9,8,2022,10,20,13,MB,,,,
-32.486653,152.342305,UOF1801,15,0.8,9,2022,10,20,14,MB,,,,
-32.490786,152.323994,UOF1801,11,1,8,2022,10,20,15,MB,,,,
-32.504372,152.305201,UOF1801,0,1,9,2022,10,20,16,MB,,,,
-32.526981,152.322418,UOF1801,66,1.1,9,2022,10,20,17,MB,,,,
-32.5436,152.308151,UOF1801,20,0.8,10,2022,10,20,18,MB,,,,
-32.541712,152.31016,UOF1801,0,1,10,2022,10,20,19,MB,,,,
-32.542405,152.309677,UOF1801,47,0.8,9,2022,10,20,20,MB,,,,
-32.542844,152.31105,UOF1801,0,1.6,7,2022,10,20,21,MB,,,,
-32.544052,152.306472,UOF1801,0,0.9,9,2022,10,20,22,MB,,,,
-32.543403,152.307795,UOF1801,0,0.8,10,2022,10,20,23,MB,,,,
-32.5425,152.309549,UOF1801,20,0.9,9,2022,10,21,0,MB,,,,
-32.542742,152.310897,UOF1801,11,0.9,9,2022,10,21,1,MB,,,,
-32.542691,152.310923,UOF1801,9,1,7,2022,10,21,2,MB,,,,
-32.542786,152.310872,UOF1801,2,0.8,9,2022,10,21,3,MB,,,,
-32.543855,152.306752,UOF1801,10,1.1,7,2022,10,21,4,MB,,,,
-32.549697,152.307871,UOF1801,0,0.9,8,2022,10,21,5,MB,,,,
-32.549354,152.307032,UOF1801,12,1,8,2022,10,21,6,MB,,,,
-32.542742,152.310897,UOF1801,0,0.9,8,2022,10,21,7,MB,,,,
-32.542825,152.310872,UOF1801,0,1.2,6,2022,10,21,8,MB,,,,
-32.54278,152.310846,UOF1801,0,0.8,10,2022,10,21,9,MB,,,,
-32.542736,152.310872,UOF1801,2,0.8,10,2022,10,21,10,MB,,,,
-32.542761,152.310872,UOF1801,2,0.9,9,2022,10,21,11,MB,,,,
-32.54271,152.310948,UOF1801,0,1.4,6,2022,10,21,12,MB,,,,
-32.542761,152.310897,UOF1801,0,1,8,2022,10,21,13,MB,,,,
-32.542348,152.310745,UOF1801,10,0.9,9,2022,10,21,14,MB,,,,
-32.54367,152.302886,UOF1801,0,1,8,2022,10,21,15,MB,,,,
-32.550053,152.307871,UOF1801,6,1,9,2022,10,21,16,MB,,,,
-32.542475,152.310872,UOF1801,0,0.7,11,2022,10,21,17,MB,,,,
-32.526243,152.322367,UOF1801,11,0.7,11,2022,10,21,18,MB,,,,
-32.527668,152.322621,UOF1801,0,1.2,9,2022,10,21,19,MB,,,,
-32.527509,152.322392,UOF1801,6,0.8,10,2022,10,21,20,MB,,,,
-32.538902,152.315704,UOF1801,1,0.8,9,2022,10,21,21,MB,,,,
-32.549964,152.307515,UOF1801,1,0.9,9,2022,10,21,22,MB,,,,
-32.549252,152.307006,UOF1801,11,0.9,8,2022,10,21,23,MB,,,,
-32.54929,152.307057,UOF1801,26,1.1,8,2022,10,22,0,MB,,,,
-32.538749,152.31606,UOF1801,24,0.9,9,2022,10,22,1,MB,,,,
-32.525709,152.322367,UOF1801,0,0.8,9,2022,10,22,2,MB,,,,
-32.524991,152.322621,UOF1801,0,0.7,11,2022,10,22,3,MB,,,,
-32.525118,152.322723,UOF1801,37,1,8,2022,10,22,4,MB,,,,
-32.525023,152.322799,UOF1801,20,1,7,2022,10,22,5,MB,,,,
-32.529467,152.322367,UOF1801,0,0.9,8,2022,10,22,6,MB,,,,
-32.549596,152.307464,UOF1801,1,0.8,9,2022,10,22,7,MB,,,,
-32.580018,152.291163,UOF1801,17,0.8,10,2022,10,22,8,MB,,,,
-32.584297,152.282847,UOF1801,0,0.9,8,2022,10,22,9,MB,,,,
-32.584665,152.28333,UOF1801,0,0.8,10,2022,10,22,10,MB,,,,
-32.584723,152.283355,UOF1801,0,0.9,9,2022,10,22,11,MB,,,,
-32.584621,152.283508,UOF1801,0,0.8,9,2022,10,22,12,MB,,,,
-32.584634,152.283457,UOF1801,2,1,8,2022,10,22,13,MB,,,,
-32.584627,152.283482,UOF1801,4,0.9,9,2022,10,22,14,MB,,,,
-32.584615,152.283508,UOF1801,6,0.8,10,2022,10,22,15,MB,,,,
-32.58464,152.283482,UOF1801,4,1,9,2022,10,22,16,MB,,,,
-32.584627,152.283508,UOF1801,0,0.7,12,2022,10,22,17,MB,,,,
-32.583082,152.288238,UOF1801,10,0.8,10,2022,10,22,18,MB,,,,
-32.549074,152.307439,UOF1801,0,1,10,2022,10,22,19,MB,,,,
-32.543575,152.307362,UOF1801,0,0.8,10,2022,10,22,20,MB,,,,
-32.541839,152.310033,UOF1801,13,0.8,10,2022,10,22,21,MB,,,,
-32.525404,152.322469,UOF1801,7,0.7,10,2022,10,22,22,MB,,,,
-32.525188,152.322672,UOF1801,4,0.8,9,2022,10,22,23,MB,,,,
-32.525194,152.322723,UOF1801,17,1,8,2022,10,23,0,MB,,,,
-32.525067,152.322825,UOF1801,9,0.9,9,2022,10,23,1,MB,,,,
-32.525182,152.322596,UOF1801,0,1.2,6,2022,10,23,2,MB,,,,
-32.525233,152.322799,UOF1801,0,0.9,8,2022,10,23,3,MB,,,,
-32.532856,152.32168,UOF1801,70,0.8,9,2022,10,23,5,MB,,,,
-32.543956,152.306294,UOF1801,0,0.9,9,2022,10,23,6,MB,,,,
-32.54924,152.309804,UOF1801,4,0.8,9,2022,10,23,7,MB,,,,
-32.548445,152.306879,UOF1801,37,0.8,9,2022,10,23,8,MB,,,,
-32.548578,152.306828,UOF1801,0,1,8,2022,10,23,9,MB,,,,
-32.549074,152.306879,UOF1801,5,0.8,10,2022,10,23,10,MB,,,,
-32.548617,152.306828,UOF1801,0,0.9,8,2022,10,23,11,MB,,,,
-32.548636,152.306777,UOF1801,0,0.9,8,2022,10,23,12,MB,,,,
-32.548566,152.306777,UOF1801,0,1.2,6,2022,10,23,13,MB,,,,
-32.550282,152.307388,UOF1801,52,0.8,10,2022,10,23,14,MB,,,,
-32.520858,152.342992,UOF1801,6,1,8,2022,10,23,15,MB,,,,
-32.52075,152.343043,UOF1801,0,1,8,2022,10,23,16,MB,,,,
-32.513076,152.348612,UOF1801,0,0.7,12,2022,10,23,17,MB,,,,
-32.513254,152.348841,UOF1801,2,0.8,10,2022,10,23,18,MB,,,,
-32.508022,152.360438,UOF1801,25,1,10,2022,10,23,19,MB,,,,
-32.507055,152.358912,UOF1801,9,0.7,11,2022,10,23,20,MB,,,,
-32.507996,152.360616,UOF1801,4,1.1,7,2022,10,23,21,MB,,,,
-32.507914,152.360539,UOF1801,36,1.1,7,2022,10,23,22,MB,,,,
-32.507977,152.360514,UOF1801,19,1.2,6,2022,10,23,23,MB,,,,
-32.508092,152.360488,UOF1801,16,1.5,6,2022,10,24,0,MB,,,,
-32.508022,152.360539,UOF1801,39,1,7,2022,10,24,1,MB,,,,
-32.508111,152.360438,UOF1801,0,1.1,6,2022,10,24,2,MB,,,,
-32.507869,152.360438,UOF1801,0,1,7,2022,10,24,3,MB,,,,
-32.508028,152.360285,UOF1801,0,2.6,4,2022,10,24,4,MB,,,,
-32.508041,152.360488,UOF1801,0,1.3,5,2022,10,24,5,MB,,,,
-32.507984,152.360412,UOF1801,12,1.6,6,2022,10,24,6,MB,,,,
-32.507958,152.360514,UOF1801,6,1.1,7,2022,10,24,7,MB,,,,
-32.504945,152.359039,UOF1801,13,0.7,12,2022,10,24,8,MB,,,,
-32.50436,152.37089,UOF1801,0,0.9,9,2022,10,24,9,MB,,,,
-32.503584,152.371424,UOF1801,9,1,9,2022,10,24,10,MB,,,,
-32.493583,152.386021,UOF1801,3,1,8,2022,10,24,11,MB,,,,
-32.493526,152.386047,UOF1801,0,1,7,2022,10,24,12,MB,,,,
-32.493291,152.397745,UOF1801,0,0.9,9,2022,10,24,13,MB,,,,
-32.489699,152.400797,UOF1801,3,0.8,10,2022,10,24,14,MB,,,,
-32.489699,152.400772,UOF1801,9,0.8,11,2022,10,24,15,MB,,,,
-32.493749,152.396169,UOF1801,0,0.8,10,2022,10,24,16,MB,,,,
-32.505072,152.368347,UOF1801,0,0.8,10,2022,10,24,17,MB,,,,
-32.503635,152.367991,UOF1801,14,0.8,10,2022,10,24,18,MB,,,,
-32.505962,152.358556,UOF1801,11,1.1,9,2022,10,24,19,MB,,,,
-32.508098,152.360285,UOF1801,30,0.9,9,2022,10,24,20,MB,,,,
-32.508047,152.360285,UOF1801,11,0.8,9,2022,10,24,21,MB,,,,
-32.507907,152.360565,UOF1801,13,1.3,6,2022,10,24,22,MB,,,,
-32.507933,152.360488,UOF1801,49,1.3,6,2022,10,24,23,MB,,,,
-32.507831,152.360438,UOF1801,0,1.5,6,2022,10,25,0,MB,,,,
-32.507825,152.360717,UOF1801,0,1.1,6,2022,10,25,1,MB,,,,
-32.508009,152.360514,UOF1801,0,1.3,5,2022,10,25,2,MB,,,,
-32.507939,152.360565,UOF1801,0,2.3,4,2022,10,25,3,MB,,,,
-32.507888,152.360616,UOF1801,0,1.4,5,2022,10,25,4,MB,,,,
-32.527566,152.334065,UOF1801,8,0.8,9,2022,10,25,5,MB,,,,
-32.55685,152.300954,UOF1801,0,1.3,7,2022,10,25,6,MB,,,,
-32.569076,152.29129,UOF1801,4,0.8,9,2022,10,25,7,MB,,,,
-32.572783,152.292739,UOF1801,70,1.9,5,2022,10,25,9,MB,,,,
-32.583521,152.286941,UOF1801,18,1.5,7,2022,10,25,10,MB,,,,
-32.582478,152.285695,UOF1801,14,1.2,6,2022,10,25,11,MB,,,,
-32.580126,152.28155,UOF1801,14,1,7,2022,10,25,12,MB,,,,
-32.580183,152.28155,UOF1801,0,1.1,7,2022,10,25,13,MB,,,,
-32.58017,152.28155,UOF1801,20,1.1,7,2022,10,25,14,MB,,,,
-32.580101,152.281626,UOF1801,43,1.5,6,2022,10,25,15,MB,,,,
-32.580075,152.28155,UOF1801,9,1.1,8,2022,10,25,16,MB,,,,
-32.58012,152.281524,UOF1801,9,0.9,9,2022,10,25,17,MB,,,,
-32.590267,152.276692,UOF1801,14,0.9,9,2022,10,25,18,MB,,,,
-32.563303,152.286382,UOF1801,0,1.2,7,2022,10,25,19,MB,,,,
-32.542532,152.310567,UOF1801,16,1,7,2022,10,25,20,MB,,,,
-32.541693,152.310821,UOF1801,16,1.6,5,2022,10,25,21,MB,,,,
-32.525105,152.322697,UOF1801,16,1.1,5,2022,10,25,22,MB,,,,
-32.525067,152.322697,UOF1801,13,1.2,6,2022,10,25,23,MB,,,,
-32.527464,152.321935,UOF1801,23,1.6,6,2022,10,26,0,MB,,,,
-32.543829,152.306777,UOF1801,12,0.8,9,2022,10,26,1,MB,,,,
-32.543791,152.306777,UOF1801,3,0.8,9,2022,10,26,2,MB,,,,
-32.543816,152.306752,UOF1801,3,0.9,8,2022,10,26,3,MB,,,,
-32.543867,152.306574,UOF1801,52,1.1,7,2022,10,26,4,MB,,,,
-32.543982,152.306777,UOF1801,2,1.9,6,2022,10,26,5,MB,,,,
-32.537414,152.319137,UOF1801,0,1,7,2022,10,26,6,MB,,,,
-32.503463,152.304972,UOF1801,0,0.8,9,2022,10,26,7,MB,,,,
-32.478808,152.297851,UOF1801,0,0.8,10,2022,10,26,8,MB,,,,
-32.479666,152.292917,UOF1801,13,1,8,2022,10,26,9,MB,,,,
-32.479698,152.292841,UOF1801,29,0.9,9,2022,10,26,10,MB,,,,
-32.479742,152.292917,UOF1801,17,0.8,9,2022,10,26,11,MB,,,,
-32.479691,152.292892,UOF1801,0,0.8,9,2022,10,26,12,MB,,,,
-32.479691,152.292841,UOF1801,4,1.1,7,2022,10,26,13,MB,,,,
-32.479672,152.292968,UOF1801,29,1.1,8,2022,10,26,14,MB,,,,
-32.479615,152.292892,UOF1801,9,1.1,8,2022,10,26,15,MB,,,,
-32.479672,152.292917,UOF1801,19,0.9,9,2022,10,26,16,MB,,,,
-32.47952,152.293324,UOF1801,30,1.2,8,2022,10,26,17,MB,,,,
-32.479679,152.293299,UOF1801,32,0.7,11,2022,10,26,18,MB,,,,
-32.482451,152.299758,UOF1801,11,1,10,2022,10,26,19,MB,,,,
-32.505511,152.313339,UOF1801,10,1,8,2022,10,26,20,MB,,,,
-32.528329,152.322418,UOF1801,9,1.2,7,2022,10,26,21,MB,,,,
-32.543384,152.309015,UOF1801,0,1.1,8,2022,10,26,22,MB,,,,
-32.543848,152.306727,UOF1801,25,0.9,8,2022,10,26,23,MB,,,,
-32.543816,152.306701,UOF1801,15,0.9,9,2022,10,27,0,MB,,,,
-32.543861,152.306752,UOF1801,13,0.8,10,2022,10,27,1,MB,,,,
-32.54332,152.307439,UOF1801,10,0.8,9,2022,10,27,2,MB,,,,
-32.543931,152.306752,UOF1801,14,0.9,9,2022,10,27,3,MB,,,,
-32.543969,152.306905,UOF1801,0,1.1,7,2022,10,27,4,MB,,,,
-32.543778,152.306727,UOF1801,24,1.1,7,2022,10,27,5,MB,,,,
-32.549011,152.307718,UOF1801,7,1.2,7,2022,10,27,6,MB,,,,
-32.51286,152.354232,UOF1801,8,1,8,2022,10,27,8,MB,,,,
-32.508321,152.359802,UOF1801,0,1.2,7,2022,10,27,9,MB,,,,
-32.508397,152.359675,UOF1801,24,1.1,7,2022,10,27,10,MB,,,,
-32.507138,152.364913,UOF1801,14,0.8,9,2022,10,27,11,MB,,,,
-32.507106,152.364964,UOF1801,2,0.9,8,2022,10,27,12,MB,,,,
-32.507062,152.364939,UOF1801,0,1.1,7,2022,10,27,13,MB,,,,
-32.506051,152.365041,UOF1801,190,1,8,2022,10,27,14,MB,,,,
-32.506172,152.365753,UOF1801,13,0.9,10,2022,10,27,15,MB,,,,
-32.506178,152.365905,UOF1801,10,0.8,10,2022,10,27,16,MB,,,,
-32.504252,152.371271,UOF1801,0,0.7,11,2022,10,27,17,MB,,,,
-32.503654,152.37122,UOF1801,1,0.7,11,2022,10,27,18,MB,,,,
-32.503686,152.37117,UOF1801,0,1,10,2022,10,27,19,MB,,,,
-32.503686,152.371271,UOF1801,11,0.9,9,2022,10,27,20,MB,,,,
-32.503679,152.371271,UOF1801,6,1.1,7,2022,10,27,21,MB,,,,
-32.503622,152.371297,UOF1801,15,1.1,8,2022,10,27,22,MB,,,,
-32.508041,152.359929,UOF1801,31,1.2,6,2022,10,27,23,MB,,,,
-32.508022,152.359929,UOF1801,29,1,9,2022,10,28,0,MB,,,,
-32.50806,152.359954,UOF1801,28,1,8,2022,10,28,1,MB,,,,
-32.508098,152.359954,UOF1801,26,0.9,8,2022,10,28,2,MB,,,,
-32.538959,152.317484,UOF1801,6,0.9,8,2022,10,28,3,MB,,,,
-32.549666,152.307413,UOF1801,9,1,8,2022,10,28,4,MB,,,,
-32.549697,152.307413,UOF1801,5,1,7,2022,10,28,5,MB,,,,
-32.570468,152.294036,UOF1801,19,1.3,7,2022,10,28,6,MB,,,,
-32.572013,152.287755,UOF1801,50,1.2,7,2022,10,28,8,MB,,,,
-32.571988,152.287551,UOF1801,3,1.1,8,2022,10,28,9,MB,,,,
-32.572007,152.287551,UOF1801,2,0.8,10,2022,10,28,10,MB,,,,
-32.572102,152.287653,UOF1801,5,0.8,9,2022,10,28,11,MB,,,,
-32.572255,152.287094,UOF1801,0,0.8,9,2022,10,28,12,MB,,,,
-32.572083,152.287704,UOF1801,1,1,8,2022,10,28,13,MB,,,,
-32.571969,152.28778,UOF1801,12,0.8,10,2022,10,28,14,MB,,,,
-32.572077,152.287704,UOF1801,0,0.9,10,2022,10,28,15,MB,,,,
-32.572096,152.287679,UOF1801,0,0.9,10,2022,10,28,16,MB,,,,
-32.572102,152.287729,UOF1801,0,0.9,10,2022,10,28,17,MB,,,,
-32.572128,152.287729,UOF1801,4,0.9,10,2022,10,28,18,MB,,,,
-32.56755,152.293757,UOF1801,16,0.7,11,2022,10,28,19,MB,,,,
-32.543689,152.30721,UOF1801,15,0.7,11,2022,10,28,20,MB,,,,
-32.542952,152.309677,UOF1801,0,1.1,7,2022,10,28,21,MB,,,,
-32.543403,152.308024,UOF1801,13,0.9,8,2022,10,28,22,MB,,,,
-32.547485,152.307871,UOF1801,17,0.9,8,2022,10,28,23,MB,,,,
-32.53866,152.316619,UOF1801,20,1,9,2022,10,29,0,MB,,,,
-32.539086,152.316747,UOF1801,6,1.4,6,2022,10,29,1,MB,,,,
-32.543473,152.307947,UOF1801,12,0.8,9,2022,10,29,2,MB,,,,
-32.543333,152.308049,UOF1801,0,1.1,7,2022,10,29,3,MB,,,,
-32.543378,152.307947,UOF1801,40,1,7,2022,10,29,4,MB,,,,
-32.543524,152.307998,UOF1801,10,0.9,8,2022,10,29,5,MB,,,,
-32.519015,152.345637,UOF1801,0,0.9,8,2022,10,29,6,MB,,,,
-32.511703,152.349502,UOF1801,4,1.1,8,2022,10,29,7,MB,,,,
-32.508022,152.360488,UOF1801,0,1.3,6,2022,10,29,8,MB,,,,
-32.506261,152.366109,UOF1801,0,0.9,9,2022,10,29,9,MB,,,,
-32.507939,152.360616,UOF1801,23,0.9,9,2022,10,29,10,MB,,,,
-32.508035,152.360565,UOF1801,9,1.1,8,2022,10,29,11,MB,,,,
-32.507977,152.360616,UOF1801,11,1.3,6,2022,10,29,12,MB,,,,
-32.508028,152.36059,UOF1801,21,0.9,9,2022,10,29,14,MB,,,,
-32.508028,152.360565,UOF1801,7,1.3,7,2022,10,29,15,MB,,,,
-32.508066,152.360666,UOF1801,0,1.5,6,2022,10,29,16,MB,,,,
-32.500596,152.379562,UOF1801,4,0.7,11,2022,10,29,17,MB,,,,
-32.495452,152.385716,UOF1801,8,0.9,10,2022,10,29,18,MB,,,,
-32.494054,152.397008,UOF1801,0,0.7,12,2022,10,29,19,MB,,,,
-32.492846,152.400085,UOF1801,0,0.8,12,2022,10,29,20,MB,,,,
-32.494461,152.392405,UOF1801,3,1.5,6,2022,10,29,21,MB,,,,
-32.476462,152.403391,UOF1801,11,0.8,10,2022,10,29,22,MB,,,,
-32.485515,152.349629,UOF1801,21,1,8,2022,10,29,23,MB,,,,
-32.509223,152.319442,UOF1801,15,0.9,10,2022,10,30,0,MB,,,,
-32.54381,152.306371,UOF1801,0,0.9,8,2022,10,30,2,MB,,,,
-32.549144,152.307464,UOF1801,5,0.9,9,2022,10,30,3,MB,,,,
-32.549093,152.307439,UOF1801,17,0.8,9,2022,10,30,4,MB,,,,
-32.54854,152.306955,UOF1801,104,1,7,2022,10,30,5,MB,,,,
-32.549723,152.307184,UOF1801,1,1,8,2022,10,30,6,MB,,,,
-32.541095,152.312728,UOF1801,25,0.8,10,2022,10,30,7,MB,,,,
-32.53742,152.31901,UOF1801,0,0.8,10,2022,10,30,8,MB,,,,
-32.537376,152.31901,UOF1801,3,1,9,2022,10,30,9,MB,,,,
-32.544033,152.305938,UOF1801,3,1,8,2022,10,30,10,MB,,,,
-32.543785,152.308863,UOF1801,53,0.9,8,2022,10,30,11,MB,,,,
-32.543982,152.308659,UOF1801,0,1.1,7,2022,10,30,12,MB,,,,
-32.543937,152.308609,UOF1801,1,1.1,7,2022,10,30,13,MB,,,,
-32.543861,152.308685,UOF1801,5,0.8,10,2022,10,30,14,MB,,,,
-32.543816,152.308685,UOF1801,0,1.2,8,2022,10,30,15,MB,,,,
-32.543905,152.308659,UOF1801,0,0.9,9,2022,10,30,16,MB,,,,
-32.543886,152.308634,UOF1801,0,0.7,11,2022,10,30,17,MB,,,,
-32.548934,152.307286,UOF1801,0,0.9,10,2022,10,30,18,MB,,,,
-32.548928,152.30721,UOF1801,0,0.9,10,2022,10,30,19,MB,,,,
-32.549125,152.307413,UOF1801,0,0.7,11,2022,10,30,20,MB,,,,
-32.549055,152.307439,UOF1801,0,0.9,8,2022,10,30,21,MB,,,,
-32.549036,152.307464,UOF1801,0,0.8,9,2022,10,30,22,MB,,,,
-32.581576,152.287679,UOF1801,12,0.9,9,2022,10,30,23,MB,,,,
-32.580558,152.286636,UOF1801,32,0.9,9,2022,10,31,0,MB,,,,
-32.580463,152.286687,UOF1801,19,1,8,2022,10,31,1,MB,,,,
-32.580546,152.28661,UOF1801,1,0.9,8,2022,10,31,2,MB,,,,
-32.555114,152.302937,UOF1801,12,0.8,9,2022,10,31,3,MB,,,,
-32.541152,152.31283,UOF1801,24,0.8,10,2022,10,31,4,MB,,,,
-32.525182,152.323003,UOF1801,4,0.7,10,2022,10,31,5,MB,,,,
-32.547841,152.307617,UOF1801,4,1,8,2022,10,31,6,MB,,,,
-32.549068,152.307388,UOF1801,23,0.9,9,2022,10,31,7,MB,,,,
-32.549093,152.30749,UOF1801,8,0.9,9,2022,10,31,8,MB,,,,
-32.549469,152.307973,UOF1801,0,1.3,7,2022,10,31,9,MB,,,,
-32.549716,152.307668,UOF1801,19,0.8,9,2022,10,31,10,MB,,,,
-32.548845,152.307718,UOF1801,0,0.8,9,2022,10,31,11,MB,,,,
-32.549036,152.307388,UOF1801,0,0.9,8,2022,10,31,12,MB,,,,
-32.548954,152.307566,UOF1801,0,1.1,7,2022,10,31,13,MB,,,,
-32.548973,152.307362,UOF1801,17,0.8,10,2022,10,31,14,MB,,,,
-32.549023,152.307464,UOF1801,21,1.1,8,2022,10,31,15,MB,,,,
-32.549055,152.307464,UOF1801,0,0.7,11,2022,10,31,16,MB,,,,
-32.549074,152.307312,UOF1801,0,1.2,7,2022,10,31,17,MB,,,,
-32.547033,152.3081,UOF1801,0,0.8,11,2022,10,31,18,MB,,,,
-32.54381,152.308176,UOF1801,0,0.8,11,2022,10,31,19,MB,,,,
-32.543619,152.307362,UOF1801,0,0.7,11,2022,10,31,20,MB,,,,
-32.5436,152.307388,UOF1801,0,1,7,2022,10,31,21,MB,,,,
-32.54341,152.307413,UOF1801,5,0.8,10,2022,10,31,22,MB,,,,
-32.54353,152.307312,UOF1801,16,1,8,2022,10,31,23,MB,,,,
-32.53922,152.317713,UOF1801,17,1.3,7,2022,11,1,0,MB,,,,
-32.539385,152.317738,UOF1801,9,0.9,8,2022,11,1,1,MB,,,,
-32.539385,152.317713,UOF1801,3,1,8,2022,11,1,2,MB,,,,
-32.53983,152.318247,UOF1801,16,0.9,8,2022,11,1,3,MB,,,,
-32.527165,152.321909,UOF1801,11,0.8,10,2022,11,1,4,MB,,,,
-32.525328,152.32285,UOF1801,17,0.9,9,2022,11,1,5,MB,,,,
-32.538749,152.31606,UOF1801,4,0.9,8,2022,11,1,6,MB,,,,
-32.545342,152.293019,UOF1801,0,0.9,9,2022,11,1,7,MB,,,,
-32.543657,152.292383,UOF1801,6,0.9,9,2022,11,1,8,MB,,,,
-32.54367,152.292383,UOF1801,21,1,9,2022,11,1,9,MB,,,,
-32.544033,152.306879,UOF1801,11,0.9,9,2022,11,1,10,MB,,,,
-32.543804,152.314687,UOF1801,3,0.8,9,2022,11,1,11,MB,,,,
-32.549106,152.307413,UOF1801,0,1,8,2022,11,1,12,MB,,,,
-32.544185,152.307896,UOF1801,0,1.1,7,2022,11,1,13,MB,,,,
-32.544179,152.307846,UOF1801,0,1,8,2022,11,1,14,MB,,,,
-32.544052,152.307795,UOF1801,0,1.2,8,2022,11,1,15,MB,,,,
-32.544064,152.306905,UOF1801,2,0.9,10,2022,11,1,16,MB,,,,
-32.543861,152.307515,UOF1801,0,0.9,9,2022,11,1,17,MB,,,,
-32.543626,152.309956,UOF1801,10,1,10,2022,11,1,18,MB,,,,
-32.539271,152.317713,UOF1801,4,0.7,11,2022,11,1,19,MB,,,,
-32.538571,152.317891,UOF1801,0,0.6,12,2022,11,1,20,MB,,,,
-32.538991,152.316569,UOF1801,0,1.1,7,2022,11,1,21,MB,,,,
-32.539232,152.316874,UOF1801,0,0.8,8,2022,11,1,22,MB,,,,
-32.539124,152.316823,UOF1801,13,1.2,6,2022,11,1,23,MB,,,,
-32.539201,152.31695,UOF1801,16,1.1,7,2022,11,2,0,MB,,,,
-32.539226,152.316899,UOF1801,3,0.8,9,2022,11,2,1,MB,,,,
-32.539264,152.316874,UOF1801,0,0.9,8,2022,11,2,2,MB,,,,
-32.539271,152.317153,UOF1801,95,1.2,6,2022,11,2,3,MB,,,,
-32.527655,152.323054,UOF1801,34,1,8,2022,11,2,4,MB,,,,
-32.502465,152.308761,UOF1801,123,1.1,7,2022,11,2,5,MB,,,,
-32.539156,152.316772,UOF1801,0,0.9,8,2022,11,2,6,MB,,,,
-32.544249,152.307032,UOF1801,17,0.8,10,2022,11,2,7,MB,,,,
-32.544236,152.306981,UOF1801,0,0.8,10,2022,11,2,8,MB,,,,
-32.544319,152.307006,UOF1801,4,1,9,2022,11,2,9,MB,,,,
-32.544236,152.307006,UOF1801,4,0.9,8,2022,11,2,10,MB,,,,
-32.544287,152.307083,UOF1801,10,1.2,7,2022,11,2,11,MB,,,,
-32.544281,152.307083,UOF1801,0,0.9,8,2022,11,2,12,MB,,,,
-32.5443,152.307006,UOF1801,6,1.2,6,2022,11,2,13,MB,,,,
-32.544204,152.307057,UOF1801,0,1,8,2022,11,2,14,MB,,,,
-32.55039,152.309143,UOF1801,0,1,9,2022,11,2,15,MB,,,,
-32.549125,152.30749,UOF1801,3,0.7,12,2022,11,2,16,MB,,,,
-32.550174,152.308761,UOF1801,4,0.7,11,2022,11,2,17,MB,,,,
-32.543835,152.310185,UOF1801,3,1,10,2022,11,2,18,MB,,,,
-32.539042,152.31667,UOF1801,0,0.7,11,2022,11,2,19,MB,,,,
-32.538419,152.317509,UOF1801,0,0.7,11,2022,11,2,20,MB,,,,
-32.542284,152.309829,UOF1801,6,1,8,2022,11,2,21,MB,,,,
-32.523885,152.323104,UOF1801,14,0.9,9,2022,11,2,22,MB,,,,
-32.510902,152.330937,UOF1801,3,1,8,2022,11,2,23,MB,,,,
-32.498116,152.341618,UOF1801,16,0.9,10,2022,11,3,0,MB,,,,
-32.509745,152.319239,UOF1801,26,1,8,2022,11,3,1,MB,,,,
-32.509827,152.319239,UOF1801,5,0.9,8,2022,11,3,2,MB,,,,
-32.501238,152.308202,UOF1801,12,1,8,2022,11,3,3,MB,,,,
-32.516878,152.322825,UOF1801,4,0.9,8,2022,11,3,4,MB,,,,
-32.544293,152.306955,UOF1801,0,0.9,9,2022,11,3,5,MB,,,,
-32.544312,152.307032,UOF1801,11,0.9,8,2022,11,3,6,MB,,,,
-32.544293,152.307032,UOF1801,0,0.9,8,2022,11,3,7,MB,,,,
-32.544287,152.307032,UOF1801,0,0.8,10,2022,11,3,8,MB,,,,
-32.544344,152.30693,UOF1801,0,1,8,2022,11,3,9,MB,,,,
-32.544363,152.306981,UOF1801,0,0.9,8,2022,11,3,10,MB,,,,
-32.571676,152.293986,UOF1801,0,1.3,6,2022,11,3,11,MB,,,,
-32.592575,152.269877,UOF1801,0,0.9,8,2022,11,3,12,MB,,,,
-32.59335,152.274785,UOF1801,9,0.8,10,2022,11,3,13,MB,,,,
-32.596078,152.273818,UOF1801,14,0.9,9,2022,11,3,14,MB,,,,
-32.594902,152.274734,UOF1801,0,1,9,2022,11,3,15,MB,,,,
-32.595016,152.274734,UOF1801,8,0.7,11,2022,11,3,16,MB,,,,
-32.594965,152.274785,UOF1801,14,0.8,11,2022,11,3,17,MB,,,,
-32.59494,152.274785,UOF1801,0,1,10,2022,11,3,18,MB,,,,
-32.592346,152.278269,UOF1801,0,0.8,11,2022,11,3,19,MB,,,,
-32.591913,152.278193,UOF1801,11,0.8,10,2022,11,3,20,MB,,,,
-32.593687,152.278472,UOF1801,6,1.1,7,2022,11,3,21,MB,,,,
-32.593134,152.278371,UOF1801,7,0.9,8,2022,11,3,22,MB,,,,
-32.593274,152.278422,UOF1801,17,1,8,2022,11,3,23,MB,,,,
-32.566673,152.295715,UOF1801,14,0.9,10,2022,11,4,0,MB,,,,
-32.544128,152.306472,UOF1801,19,0.8,9,2022,11,4,1,MB,,,,
-32.538991,152.316823,UOF1801,17,0.9,8,2022,11,4,2,MB,,,,
-32.539175,152.316772,UOF1801,2,1.3,7,2022,11,4,3,MB,,,,
-32.539188,152.316747,UOF1801,0,0.9,8,2022,11,4,4,MB,,,,
-32.539188,152.316874,UOF1801,13,1.3,8,2022,11,4,5,MB,,,,
-32.527706,152.322392,UOF1801,18,0.9,9,2022,11,4,6,MB,,,,
-32.515333,152.326283,UOF1801,9,0.9,8,2022,11,4,7,MB,,,,
-32.514278,152.325749,UOF1801,0,0.9,9,2022,11,4,8,MB,,,,
-32.543944,152.306752,UOF1801,4,0.9,9,2022,11,4,9,MB,,,,
-32.543918,152.306701,UOF1801,2,0.9,8,2022,11,4,10,MB,,,,
-32.54442,152.307032,UOF1801,9,1.1,7,2022,11,4,11,MB,,,,
-32.544376,152.306955,UOF1801,6,0.9,8,2022,11,4,12,MB,,,,
-32.544376,152.30693,UOF1801,20,0.9,9,2022,11,4,13,MB,,,,
-32.544338,152.307032,UOF1801,0,0.9,9,2022,11,4,14,MB,,,,
-32.544249,152.306955,UOF1801,1,1,9,2022,11,4,15,MB,,,,
-32.544344,152.306905,UOF1801,0,0.7,12,2022,11,4,16,MB,,,,
-32.544363,152.307057,UOF1801,0,1,8,2022,11,4,17,MB,,,,
-32.546964,152.296274,UOF1801,0,1,10,2022,11,4,18,MB,,,,
-32.544319,152.306955,UOF1801,0,0.7,11,2022,11,4,19,MB,,,,
-32.544312,152.307057,UOF1801,34,0.9,9,2022,11,4,20,MB,,,,
-32.544281,152.307006,UOF1801,0,1,8,2022,11,4,21,MB,,,,
-32.544293,152.306981,UOF1801,13,0.9,9,2022,11,4,22,MB,,,,
-32.543772,152.307108,UOF1801,8,1.2,7,2022,11,4,23,MB,,,,
-32.543753,152.307184,UOF1801,23,0.9,9,2022,11,5,0,MB,,,,
-32.549392,152.30754,UOF1801,6,0.8,9,2022,11,5,1,MB,,,,
-32.549125,152.307464,UOF1801,10,0.8,9,2022,11,5,2,MB,,,,
-32.541737,152.31077,UOF1801,0,1.2,6,2022,11,5,3,MB,,,,
-32.54444,152.307032,UOF1801,0,0.9,8,2022,11,5,4,MB,,,,
-32.544331,152.306981,UOF1801,0,1.2,8,2022,11,5,5,MB,,,,
-32.539487,152.320027,UOF1801,4,0.9,9,2022,11,5,6,MB,,,,
-32.527286,152.32903,UOF1801,28,1.5,4,2022,11,5,7,MB,,,,
-32.524209,152.337219,UOF1801,6,1.2,8,2022,11,5,8,MB,,,,
-32.511175,152.356648,UOF1801,0,1,9,2022,11,5,9,MB,,,,
-32.502223,152.373408,UOF1801,10,0.9,8,2022,11,5,10,MB,,,,
-32.502192,152.373204,UOF1801,8,0.9,8,2022,11,5,11,MB,,,,
-32.502166,152.373153,UOF1801,0,1,7,2022,11,5,12,MB,,,,
-32.50216,152.373153,UOF1801,3,1.2,7,2022,11,5,13,MB,,,,
-32.502122,152.373128,UOF1801,8,1,8,2022,11,5,14,MB,,,,
-32.502128,152.373153,UOF1801,0,1,9,2022,11,5,15,MB,,,,
-32.502198,152.373102,UOF1801,6,0.8,10,2022,11,5,16,MB,,,,
-32.502192,152.373255,UOF1801,4,0.7,11,2022,11,5,17,MB,,,,
-32.502179,152.373179,UOF1801,9,1.1,11,2022,11,5,18,MB,,,,
-32.50003,152.38091,UOF1801,0,0.7,12,2022,11,5,19,MB,,,,
-32.490474,152.397491,UOF1801,5,0.8,10,2022,11,5,20,MB,,,,
-32.488217,152.399576,UOF1801,0,0.7,10,2022,11,5,21,MB,,,,
-32.488141,152.399576,UOF1801,0,0.8,9,2022,11,5,22,MB,,,,
-32.48802,152.399576,UOF1801,15,1.1,7,2022,11,5,23,MB,,,,
-32.488084,152.399602,UOF1801,18,0.9,9,2022,11,6,0,MB,,,,
-32.488179,152.399551,UOF1801,8,1.1,8,2022,11,6,1,MB,,,,
-32.488141,152.399551,UOF1801,0,1,8,2022,11,6,2,MB,,,,
-32.488084,152.399551,UOF1801,2,1.1,7,2022,11,6,3,MB,,,,
-32.487937,152.399627,UOF1801,5,0.9,8,2022,11,6,4,MB,,,,
-32.488249,152.399525,UOF1801,12,0.9,9,2022,11,6,5,MB,,,,
-32.488313,152.399424,UOF1801,12,0.9,8,2022,11,6,6,MB,,,,
-32.487988,152.399602,UOF1801,0,0.7,10,2022,11,6,7,MB,,,,
-32.488198,152.3995,UOF1801,0,0.9,9,2022,11,6,8,MB,,,,
-32.489972,152.398991,UOF1801,0,0.8,10,2022,11,6,9,MB,,,,
-32.488077,152.403162,UOF1801,10,1.1,8,2022,11,6,10,MB,,,,
-32.490951,152.399169,UOF1801,1,1,7,2022,11,6,11,MB,,,,
-32.490951,152.399169,UOF1801,0,0.9,8,2022,11,6,12,MB,,,,
-32.490932,152.399169,UOF1801,8,0.8,9,2022,11,6,13,MB,,,,
-32.489966,152.399882,UOF1801,14,1,9,2022,11,6,14,MB,,,,
-32.48926,152.398763,UOF1801,0,1.2,7,2022,11,6,15,MB,,,,
-32.489362,152.398763,UOF1801,4,0.8,10,2022,11,6,16,MB,,,,
-32.489387,152.398483,UOF1801,9,0.9,9,2022,11,6,17,MB,,,,
-32.4894,152.398483,UOF1801,12,1,10,2022,11,6,18,MB,,,,
-32.487454,152.398508,UOF1801,0,0.7,11,2022,11,6,19,MB,,,,
-32.472215,152.379867,UOF1801,11,0.7,11,2022,11,6,20,MB,,,,
-32.501976,152.329615,UOF1801,23,1,8,2022,11,6,21,MB,,,,
-32.528214,152.322113,UOF1801,6,1,7,2022,11,6,22,MB,,,,
-32.528151,152.322647,UOF1801,21,1,8,2022,11,6,23,MB,,,,
-32.528736,152.322214,UOF1801,479,1.1,8,2022,11,7,0,MB,,,,
-32.528221,152.322748,UOF1801,0,0.8,9,2022,11,7,1,MB,,,,
-32.528138,152.32285,UOF1801,23,0.9,8,2022,11,7,2,MB,,,,
-32.530071,152.322901,UOF1801,52,1,7,2022,11,7,3,MB,,,,
-32.565986,152.296071,UOF1801,6,0.8,9,2022,11,7,4,MB,,,,
-32.581754,152.287729,UOF1801,15,1,8,2022,11,7,5,MB,,,,
-32.587704,152.28422,UOF1801,8,1,8,2022,11,7,6,MB,,,,
-32.564944,152.290273,UOF1801,18,0.8,10,2022,11,7,7,MB,,,,
-32.552145,152.304972,UOF1801,0,0.9,9,2022,11,7,8,MB,,,,
-32.549055,152.307337,UOF1801,0,0.9,9,2022,11,7,9,MB,,,,
-32.549125,152.307413,UOF1801,0,1.1,7,2022,11,7,10,MB,,,,
-32.549443,152.307388,UOF1801,14,1,7,2022,11,7,11,MB,,,,
-32.549138,152.307464,UOF1801,0,0.9,8,2022,11,7,12,MB,,,,
-32.549074,152.307439,UOF1801,4,0.8,9,2022,11,7,13,MB,,,,
-32.549023,152.307362,UOF1801,0,0.9,9,2022,11,7,14,MB,,,,
-32.549081,152.307439,UOF1801,0,0.9,9,2022,11,7,15,MB,,,,
-32.549087,152.307464,UOF1801,4,0.7,12,2022,11,7,16,MB,,,,
-32.549093,152.307413,UOF1801,25,0.7,11,2022,11,7,17,MB,,,,
-32.549119,152.307439,UOF1801,0,0.9,11,2022,11,7,18,MB,,,,
-32.549151,152.307439,UOF1801,0,0.7,11,2022,11,7,19,MB,,,,
-32.544707,152.305964,UOF1801,4,0.9,8,2022,11,7,20,MB,,,,
-32.527401,152.322469,UOF1801,9,0.7,10,2022,11,7,21,MB,,,,
-32.50963,152.319188,UOF1801,0,0.8,9,2022,11,7,22,MB,,,,
-32.509548,152.319163,UOF1801,35,1.1,7,2022,11,7,23,MB,,,,
-32.50312,152.304234,UOF1801,16,0.9,9,2022,11,8,0,MB,,,,
-32.525957,152.322647,UOF1801,31,0.9,9,2022,11,8,1,MB,,,,
-32.543804,152.307184,UOF1801,15,0.8,10,2022,11,8,2,MB,,,,
-32.543772,152.30721,UOF1801,0,1.1,7,2022,11,8,3,MB,,,,
-32.543816,152.30721,UOF1801,0,0.9,8,2022,11,8,4,MB,,,,
-32.543785,152.307134,UOF1801,14,0.9,9,2022,11,8,5,MB,,,,
-32.543899,152.312347,UOF1801,22,0.8,9,2022,11,8,6,MB,,,,
-32.546474,152.313237,UOF1801,8,0.8,10,2022,11,8,7,MB,,,,
-32.545679,152.312779,UOF1801,0,0.9,9,2022,11,8,8,MB,,,,
-32.545838,152.312932,UOF1801,17,0.9,9,2022,11,8,9,MB,,,,
-32.545864,152.312932,UOF1801,13,0.8,9,2022,11,8,10,MB,,,,
-32.545851,152.312957,UOF1801,14,1,7,2022,11,8,11,MB,,,,
-32.545813,152.312983,UOF1801,3,1,7,2022,11,8,12,MB,,,,
-32.545889,152.312957,UOF1801,11,0.8,10,2022,11,8,13,MB,,,,
-32.545845,152.312957,UOF1801,11,0.9,10,2022,11,8,14,MB,,,,
-32.545806,152.312957,UOF1801,2,1,9,2022,11,8,15,MB,,,,
-32.545845,152.313059,UOF1801,18,1.2,7,2022,11,8,16,MB,,,,
-32.545864,152.312957,UOF1801,9,0.8,10,2022,11,8,17,MB,,,,
-32.54587,152.312906,UOF1801,2,0.9,10,2022,11,8,18,MB,,,,
-32.54587,152.312983,UOF1801,5,0.7,11,2022,11,8,19,MB,,,,
-32.545832,152.312957,UOF1801,5,0.8,9,2022,11,8,20,MB,,,,
-32.545749,152.312957,UOF1801,12,0.7,10,2022,11,8,21,MB,,,,
-32.54636,152.312957,UOF1801,1,1,8,2022,11,8,22,MB,,,,
-32.545832,152.312932,UOF1801,19,1,8,2022,11,8,23,MB,,,,
-32.545813,152.312957,UOF1801,26,0.9,9,2022,11,9,0,MB,,,,
-32.545864,152.312957,UOF1801,0,0.8,9,2022,11,9,1,MB,,,,
-32.54449,152.30838,UOF1801,4,0.9,9,2022,11,9,2,MB,,,,
-32.541985,152.310643,UOF1801,3,1.1,7,2022,11,9,3,MB,,,,
-32.544954,152.311813,UOF1801,105,1.1,7,2022,11,9,4,MB,,,,
-32.545647,152.312143,UOF1801,8,1,8,2022,11,9,5,MB,,,,
-32.546372,152.312983,UOF1801,1,0.9,8,2022,11,9,6,MB,,,,
-32.545756,152.312703,UOF1801,4,0.8,10,2022,11,9,7,MB,,,,
-32.546372,152.312957,UOF1801,0,0.9,9,2022,11,9,8,MB,,,,
-32.545152,152.312881,UOF1801,8,1,8,2022,11,9,9,MB,,,,
-32.545425,152.312779,UOF1801,0,0.8,10,2022,11,9,10,MB,,,,
-32.545005,152.312754,UOF1801,0,1,7,2022,11,9,11,MB,,,,
-32.545565,152.313034,UOF1801,6,1.1,7,2022,11,9,12,MB,,,,
-32.545539,152.313034,UOF1801,19,0.9,9,2022,11,9,13,MB,,,,
-32.545609,152.31283,UOF1801,9,1.1,8,2022,11,9,14,MB,,,,
-32.545082,152.31255,UOF1801,0,0.8,10,2022,11,9,15,MB,,,,
-32.545247,152.312525,UOF1801,0,0.9,9,2022,11,9,16,MB,,,,
-32.545209,152.31255,UOF1801,4,0.7,11,2022,11,9,17,MB,,,,
-32.545209,152.312525,UOF1801,9,0.9,11,2022,11,9,18,MB,,,,
-32.545241,152.31255,UOF1801,2,1.3,8,2022,11,9,19,MB,,,,
-32.545349,152.313008,UOF1801,1,0.9,9,2022,11,9,20,MB,,,,
-32.546728,152.308354,UOF1801,0,0.8,10,2022,11,9,21,MB,,,,
-32.545463,152.313034,UOF1801,11,0.9,8,2022,11,9,22,MB,,,,
-32.545425,152.313008,UOF1801,8,0.9,9,2022,11,9,23,MB,,,,
-32.545501,152.313059,UOF1801,17,0.8,10,2022,11,10,0,MB,,,,
-32.545495,152.313034,UOF1801,14,1,7,2022,11,10,1,MB,,,,
-32.545425,152.313008,UOF1801,12,0.9,8,2022,11,10,2,MB,,,,
-32.561529,152.301055,UOF1801,7,0.9,9,2022,11,10,3,MB,,,,
-32.577589,152.290095,UOF1801,5,0.8,9,2022,11,10,4,MB,,,,
-32.577246,152.290756,UOF1801,4,1,8,2022,11,10,5,MB,,,,
-32.593738,152.278218,UOF1801,20,0.8,9,2022,11,10,6,MB,,,,
-32.589046,152.282847,UOF1801,12,0.8,10,2022,11,10,7,MB,,,,
-32.580005,152.282567,UOF1801,5,1,8,2022,11,10,8,MB,,,,
-32.580031,152.282567,UOF1801,7,0.9,9,2022,11,10,9,MB,,,,
-32.56392,152.297419,UOF1801,5,0.7,10,2022,11,10,10,MB,,,,
-32.543899,152.307337,UOF1801,0,1.5,6,2022,11,10,11,MB,,,,
-32.54552,152.313034,UOF1801,0,0.9,8,2022,11,10,12,MB,,,,
-32.545565,152.313034,UOF1801,3,0.9,10,2022,11,10,13,MB,,,,
-32.545508,152.313084,UOF1801,0,0.9,9,2022,11,10,14,MB,,,,
-32.545514,152.313008,UOF1801,4,0.8,9,2022,11,10,15,MB,,,,
-32.545489,152.312983,UOF1801,2,0.7,10,2022,11,10,16,MB,,,,
-32.545476,152.312983,UOF1801,21,0.9,9,2022,11,10,17,MB,,,,
-32.54552,152.313008,UOF1801,2,0.9,9,2022,11,10,18,MB,,,,
-32.54552,152.312983,UOF1801,4,0.9,8,2022,11,10,19,MB,,,,
-32.540707,152.318603,UOF1801,0,0.9,8,2022,11,10,20,MB,,,,
-32.543689,152.307235,UOF1801,11,0.7,10,2022,11,10,21,MB,,,,
-32.544287,152.307032,UOF1801,9,0.8,9,2022,11,10,22,MB,,,,
-32.544357,152.307006,UOF1801,17,1.4,8,2022,11,10,23,MB,,,,
-32.545489,152.311635,UOF1801,12,1,8,2022,11,11,0,MB,,,,
-32.544796,152.312983,UOF1801,0,0.9,8,2022,11,11,1,MB,,,,
-32.510069,152.319493,UOF1801,0,1.2,7,2022,11,11,2,MB,,,,
-32.496927,152.312728,UOF1801,0,0.8,9,2022,11,11,3,MB,,,,
-32.495738,152.331115,UOF1801,22,1.1,7,2022,11,11,4,MB,,,,
-32.474103,152.371297,UOF1801,0,0.9,9,2022,11,11,5,MB,,,,
-32.480588,152.411198,UOF1801,54,0.8,9,2022,11,11,6,MB,,,,
-32.481961,152.412292,UOF1801,24,1,8,2022,11,11,7,MB,,,,
-32.480518,152.411605,UOF1801,28,0.9,9,2022,11,11,8,MB,,,,
-32.479952,152.412902,UOF1801,21,0.9,9,2022,11,11,9,MB,,,,
-32.479997,152.413004,UOF1801,34,0.7,10,2022,11,11,10,MB,,,,
-32.479971,152.412979,UOF1801,20,1,7,2022,11,11,11,MB,,,,
-32.479831,152.412902,UOF1801,0,1.6,6,2022,11,11,12,MB,,,,
-32.479965,152.413004,UOF1801,31,1.1,7,2022,11,11,13,MB,,,,
-32.479933,152.412979,UOF1801,18,1.6,6,2022,11,11,14,MB,,,,
-32.479914,152.412979,UOF1801,16,0.9,8,2022,11,11,15,MB,,,,
-32.480543,152.411529,UOF1801,39,0.7,10,2022,11,11,16,MB,,,,
-32.480632,152.411631,UOF1801,41,0.9,9,2022,11,11,17,MB,,,,
-32.480429,152.411529,UOF1801,36,1,9,2022,11,11,18,MB,,,,
-32.480353,152.411682,UOF1801,60,1.1,7,2022,11,11,19,MB,,,,
-32.480442,152.411758,UOF1801,119,1.1,7,2022,11,11,20,MB,,,,
-32.480238,152.411656,UOF1801,37,1.1,7,2022,11,11,21,MB,,,,
-32.480391,152.41158,UOF1801,31,1.1,7,2022,11,11,22,MB,,,,
-32.481135,152.406341,UOF1801,52,0.9,9,2022,11,11,23,MB,,,,
-32.480372,152.411554,UOF1801,49,0.9,9,2022,11,12,0,MB,,,,
-32.48041,152.411554,UOF1801,31,1,7,2022,11,12,1,MB,,,,
-32.480333,152.411605,UOF1801,63,1.5,5,2022,11,12,3,MB,,,,
-32.480403,152.411605,UOF1801,42,1.1,7,2022,11,12,4,MB,,,,
-32.480378,152.411554,UOF1801,44,1.2,7,2022,11,12,5,MB,,,,
-32.480397,152.411173,UOF1801,76,1.4,6,2022,11,12,6,MB,,,,
-32.488522,152.400161,UOF1801,18,0.8,9,2022,11,12,7,MB,,,,
-32.489451,152.398457,UOF1801,11,1.1,8,2022,11,12,8,MB,,,,
-32.490163,152.399805,UOF1801,13,1.1,8,2022,11,12,9,MB,,,,
-32.498027,152.382614,UOF1801,28,0.9,8,2022,11,12,10,MB,,,,
-32.503482,152.371704,UOF1801,19,1.6,5,2022,11,12,11,MB,,,,
-32.518143,152.348485,UOF1801,9,1.2,7,2022,11,12,12,MB,,,,
-32.538063,152.321655,UOF1801,16,1,8,2022,11,12,13,MB,,,,
-32.544408,152.306981,UOF1801,0,1.4,6,2022,11,12,14,MB,,,,
-32.544433,152.306955,UOF1801,15,1.2,7,2022,11,12,15,MB,,,,
-32.543251,152.308939,UOF1801,13,0.8,9,2022,11,12,16,MB,,,,
-32.547326,152.312601,UOF1801,12,0.9,10,2022,11,12,17,MB,,,,
-32.544528,152.306981,UOF1801,4,1,9,2022,11,12,18,MB,,,,
-32.544452,152.307006,UOF1801,7,1,7,2022,11,12,19,MB,,,,
-32.54444,152.307032,UOF1801,1,0.9,8,2022,11,12,20,MB,,,,
-32.544446,152.306955,UOF1801,6,0.9,9,2022,11,12,21,MB,,,,
-32.544535,152.306981,UOF1801,1,1,8,2022,11,12,22,MB,,,,
-32.544471,152.307032,UOF1801,13,0.9,9,2022,11,12,23,MB,,,,
-32.542214,152.310516,UOF1801,0,1,8,2022,11,13,0,MB,,,,
-32.549933,152.307362,UOF1801,2,1,7,2022,11,13,1,MB,,,,
-32.560843,152.299936,UOF1801,14,1.5,6,2022,11,13,2,MB,,,,
-32.560849,152.299936,UOF1801,0,0.9,8,2022,11,13,3,MB,,,,
-32.560855,152.299936,UOF1801,0,0.9,8,2022,11,13,4,MB,,,,
-32.57633,152.290476,UOF1801,20,0.9,9,2022,11,13,5,MB,,,,
-32.543505,152.306447,UOF1801,14,0.7,11,2022,11,13,6,MB,,,,
-32.513604,152.326639,UOF1801,24,0.7,11,2022,11,13,7,MB,,,,
-32.507971,152.360031,UOF1801,6,0.9,9,2022,11,13,8,MB,,,,
-32.502592,152.370966,UOF1801,41,1,8,2022,11,13,9,MB,,,,
-32.502656,152.371017,UOF1801,44,0.9,8,2022,11,13,10,MB,,,,
-32.502624,152.371068,UOF1801,39,1,7,2022,11,13,12,MB,,,,
-32.502592,152.371042,UOF1801,47,0.8,10,2022,11,13,13,MB,,,,
-32.502535,152.371042,UOF1801,14,1,9,2022,11,13,14,MB,,,,
-32.502605,152.371068,UOF1801,30,0.8,10,2022,11,13,15,MB,,,,
-32.502618,152.371068,UOF1801,37,0.9,9,2022,11,13,16,MB,,,,
-32.502643,152.371093,UOF1801,47,1,9,2022,11,13,17,MB,,,,
-32.502611,152.371068,UOF1801,39,1,10,2022,11,13,18,MB,,,,
-32.502408,152.3715,UOF1801,21,1.1,7,2022,11,13,19,MB,,,,
-32.502605,152.371093,UOF1801,34,0.9,8,2022,11,13,20,MB,,,,
-32.502548,152.371093,UOF1801,34,0.8,10,2022,11,13,21,MB,,,,
-32.502592,152.371068,UOF1801,39,0.9,9,2022,11,13,22,MB,,,,
-32.502624,152.371017,UOF1801,41,1,9,2022,11,13,23,MB,,,,
-32.502662,152.370941,UOF1801,19,1.3,7,2022,11,14,0,MB,,,,
-32.502675,152.371017,UOF1801,31,0.9,8,2022,11,14,1,MB,,,,
-32.502656,152.370992,UOF1801,36,1,8,2022,11,14,2,MB,,,,
-32.502605,152.371042,UOF1801,31,0.9,8,2022,11,14,3,MB,,,,
-32.502592,152.370992,UOF1801,32,0.9,9,2022,11,14,4,MB,,,,
-32.502675,152.371017,UOF1801,27,0.9,9,2022,11,14,5,MB,,,,
-32.502656,152.371042,UOF1801,48,0.8,9,2022,11,14,6,MB,,,,
-32.502535,152.370966,UOF1801,25,0.8,10,2022,11,14,7,MB,,,,
-32.502637,152.371017,UOF1801,27,1,9,2022,11,14,8,MB,,,,
-32.496374,152.390065,UOF1801,13,0.9,9,2022,11,14,9,MB,,,,
-32.491771,152.398508,UOF1801,9,1.2,6,2022,11,14,10,MB,,,,
-32.491835,152.398432,UOF1801,4,1.2,6,2022,11,14,11,MB,,,,
-32.48706,152.401738,UOF1801,19,0.9,9,2022,11,14,12,MB,,,,
-32.485827,152.407562,UOF1801,77,0.9,9,2022,11,14,13,MB,,,,
-32.480422,152.411605,UOF1801,7,1.1,9,2022,11,14,14,MB,,,,
-32.480143,152.412877,UOF1801,29,0.9,9,2022,11,14,15,MB,,,,
-32.480206,152.412928,UOF1801,35,0.9,9,2022,11,14,16,MB,,,,
-32.48027,152.412928,UOF1801,28,0.9,10,2022,11,14,17,MB,,,,
-32.480308,152.41303,UOF1801,23,0.9,9,2022,11,14,18,MB,,,,
-32.472462,152.387954,UOF1801,10,0.7,11,2022,11,14,19,MB,,,,
-32.489584,152.341211,UOF1801,29,1,7,2022,11,14,20,MB,,,,
-32.5237,152.323206,UOF1801,24,0.9,9,2022,11,14,21,MB,,,,
-32.549875,152.307312,UOF1801,21,0.8,9,2022,11,14,22,MB,,,,
-32.545527,152.313008,UOF1801,21,1,9,2022,11,14,23,MB,,,,
-32.548744,152.310592,UOF1801,17,0.8,9,2022,11,15,0,MB,,,,
-32.5609,152.300038,UOF1801,0,0.9,8,2022,11,15,1,MB,,,,
-32.561014,152.300089,UOF1801,60,0.9,8,2022,11,15,2,MB,,,,
-32.560868,152.300038,UOF1801,12,0.9,8,2022,11,15,3,MB,,,,
-32.572427,152.292943,UOF1801,0,0.9,8,2022,11,15,4,MB,,,,
-32.58265,152.269317,UOF1801,54,1,8,2022,11,15,5,MB,,,,
-32.580539,152.284169,UOF1801,0,0.7,11,2022,11,15,6,MB,,,,
-32.581614,152.286204,UOF1801,0,1,9,2022,11,15,8,MB,,,,
-32.580552,152.284042,UOF1801,8,0.9,9,2022,11,15,9,MB,,,,
-32.580527,152.284067,UOF1801,1,0.9,8,2022,11,15,10,MB,,,,
-32.580431,152.284016,UOF1801,9,1.4,6,2022,11,15,11,MB,,,,
-32.580469,152.284118,UOF1801,21,0.9,9,2022,11,15,12,MB,,,,
-32.580507,152.284118,UOF1801,28,0.9,9,2022,11,15,13,MB,,,,
-32.580336,152.284144,UOF1801,0,1,9,2022,11,15,14,MB,,,,
-32.580437,152.284245,UOF1801,15,0.7,11,2022,11,15,15,MB,,,,
-32.580514,152.284296,UOF1801,5,0.8,10,2022,11,15,16,MB,,,,
-32.580514,152.284194,UOF1801,29,0.8,11,2022,11,15,17,MB,,,,
-32.580457,152.284576,UOF1801,1,0.8,10,2022,11,15,18,MB,,,,
-32.564994,152.286076,UOF1801,24,0.7,11,2022,11,15,19,MB,,,,
-32.542233,152.309728,UOF1801,0,1,7,2022,11,15,20,MB,,,,
-32.539118,152.320816,UOF1801,9,0.8,10,2022,11,15,21,MB,,,,
-32.526002,152.32257,UOF1801,22,0.9,9,2022,11,15,22,MB,,,,
-32.541979,152.310516,UOF1801,18,0.9,9,2022,11,15,23,MB,,,,
-32.542742,152.309143,UOF1801,24,0.8,9,2022,11,16,0,MB,,,,
-32.543842,152.307108,UOF1801,0,0.8,9,2022,11,16,1,MB,,,,
-32.543327,152.307235,UOF1801,0,1,7,2022,11,16,2,MB,,,,
-32.54367,152.30721,UOF1801,10,1.1,7,2022,11,16,3,MB,,,,
-32.543842,152.307134,UOF1801,8,0.7,10,2022,11,16,4,MB,,,,
-32.527998,152.322672,UOF1801,11,0.9,8,2022,11,16,5,MB,,,,
-32.509255,152.318094,UOF1801,35,0.9,8,2022,11,16,6,MB,,,,
-32.503648,152.305124,UOF1801,56,0.8,10,2022,11,16,7,MB,,,,
-32.504964,152.319035,UOF1801,7,1.1,8,2022,11,16,8,MB,,,,
-32.505085,152.318985,UOF1801,5,0.9,8,2022,11,16,9,MB,,,,
-32.505078,152.319086,UOF1801,5,0.8,9,2022,11,16,10,MB,,,,
-32.504805,152.318832,UOF1801,15,0.9,8,2022,11,16,11,MB,,,,
-32.504633,152.318781,UOF1801,39,0.8,9,2022,11,16,12,MB,,,,
-32.504728,152.318832,UOF1801,27,0.8,10,2022,11,16,13,MB,,,,
-32.504474,152.318934,UOF1801,0,1.2,8,2022,11,16,14,MB,,,,
-32.504601,152.318908,UOF1801,21,0.7,12,2022,11,16,15,MB,,,,
-32.504372,152.318705,UOF1801,7,0.8,10,2022,11,16,16,MB,,,,
-32.504391,152.318781,UOF1801,12,1,10,2022,11,16,17,MB,,,,
-32.504487,152.318756,UOF1801,26,0.7,11,2022,11,16,18,MB,,,,
-32.504436,152.318756,UOF1801,26,0.7,10,2022,11,16,19,MB,,,,
-32.532417,152.321629,UOF1801,22,1,7,2022,11,16,20,MB,,,,
-32.549081,152.307439,UOF1801,9,0.8,10,2022,11,16,21,MB,,,,
-32.549055,152.307362,UOF1801,24,0.9,9,2022,11,16,22,MB,,,,
-32.54416,152.310084,UOF1801,21,1.1,8,2022,11,16,23,MB,,,,
-32.526072,152.322469,UOF1801,35,0.8,9,2022,11,17,0,MB,,,,
-32.526371,152.322443,UOF1801,15,0.9,8,2022,11,17,1,MB,,,,
-32.526339,152.322418,UOF1801,8,0.9,8,2022,11,17,2,MB,,,,
-32.526307,152.322291,UOF1801,30,0.8,10,2022,11,17,3,MB,,,,
-32.547046,152.308176,UOF1801,14,1.3,8,2022,11,17,4,MB,,,,
-32.559005,152.297953,UOF1801,22,0.9,8,2022,11,17,5,MB,,,,
-32.565471,152.296808,UOF1801,5,0.8,10,2022,11,17,6,MB,,,,
-32.55432,152.302098,UOF1801,1,0.7,11,2022,11,17,7,MB,,,,
-32.549494,152.306523,UOF1801,6,1,9,2022,11,17,8,MB,,,,
-32.543575,152.313339,UOF1801,21,0.9,8,2022,11,17,9,MB,,,,
-32.52569,152.322392,UOF1801,9,1,7,2022,11,17,10,MB,,,,
-32.537344,152.322265,UOF1801,14,1,7,2022,11,17,11,MB,,,,
-32.544338,152.307057,UOF1801,7,0.8,10,2022,11,17,12,MB,,,,
-32.544338,152.307032,UOF1801,16,1,8,2022,11,17,13,MB,,,,
-32.544293,152.307006,UOF1801,1,1,9,2022,11,17,14,MB,,,,
-32.544344,152.307006,UOF1801,17,1,8,2022,11,17,15,MB,,,,
-32.544427,152.306981,UOF1801,13,0.7,11,2022,11,17,16,MB,,,,
-32.544293,152.307057,UOF1801,12,1.2,9,2022,11,17,17,MB,,,,
-32.543575,152.306879,UOF1801,12,0.8,10,2022,11,17,18,MB,,,,
-32.547002,152.310897,UOF1801,26,0.7,10,2022,11,17,19,MB,,,,
-32.543727,152.30721,UOF1801,21,0.8,9,2022,11,17,21,MB,,,,
-32.543785,152.307184,UOF1801,10,1,8,2022,11,17,22,MB,,,,
-32.543422,152.306472,UOF1801,10,1.1,7,2022,11,17,23,MB,,,,
-32.543537,152.306421,UOF1801,23,0.8,9,2022,11,18,0,MB,,,,
-32.543746,152.307312,UOF1801,0,1,7,2022,11,18,1,MB,,,,
-32.543696,152.307261,UOF1801,8,1.1,8,2022,11,18,2,MB,,,,
-32.543727,152.30721,UOF1801,13,0.9,8,2022,11,18,3,MB,,,,
-32.543785,152.307337,UOF1801,21,0.9,9,2022,11,18,4,MB,,,,
-32.543721,152.30721,UOF1801,5,0.9,9,2022,11,18,5,MB,,,,
-32.54669,152.301259,UOF1801,32,0.7,10,2022,11,18,6,MB,,,,
-32.54861,152.291951,UOF1801,0,0.7,11,2022,11,18,7,MB,,,,
-32.509077,152.330098,UOF1801,1,0.8,10,2022,11,18,8,MB,,,,
-32.507545,152.331954,UOF1801,1,0.9,9,2022,11,18,9,MB,,,,
-32.507456,152.332056,UOF1801,1,0.8,9,2022,11,18,10,MB,,,,
-32.50806,152.33109,UOF1801,0,1.5,6,2022,11,18,11,MB,,,,
-32.508225,152.330988,UOF1801,22,0.8,10,2022,11,18,12,MB,,,,
-32.507971,152.331039,UOF1801,59,0.9,9,2022,11,18,13,MB,,,,
-32.508174,152.331064,UOF1801,27,1.1,8,2022,11,18,14,MB,,,,
-32.508308,152.330988,UOF1801,16,0.7,12,2022,11,18,15,MB,,,,
-32.508257,152.331014,UOF1801,27,0.8,11,2022,11,18,16,MB,,,,
-32.508168,152.330963,UOF1801,25,1,10,2022,11,18,17,MB,,,,
-32.510667,152.327885,UOF1801,32,0.8,10,2022,11,18,18,MB,,,,
-32.527623,152.322825,UOF1801,91,1,8,2022,11,18,19,MB,,,,
-32.542596,152.309906,UOF1801,11,1,8,2022,11,18,20,MB,,,,
-32.543568,152.308761,UOF1801,6,1.2,7,2022,11,18,21,MB,,,,
-32.543664,152.307947,UOF1801,16,1,9,2022,11,18,22,MB,,,,
-32.549278,152.307337,UOF1801,46,0.8,10,2022,11,18,23,MB,,,,
-32.544198,152.307235,UOF1801,17,0.8,9,2022,11,19,0,MB,,,,
-32.544211,152.307235,UOF1801,11,0.9,8,2022,11,19,1,MB,,,,
-32.543721,152.308151,UOF1801,10,1.1,7,2022,11,19,2,MB,,,,
-32.544204,152.307235,UOF1801,17,0.8,9,2022,11,19,3,MB,,,,
-32.544122,152.307108,UOF1801,0,0.7,10,2022,11,19,4,MB,,,,
-32.544236,152.30721,UOF1801,2,0.9,8,2022,11,19,5,MB,,,,
-32.519186,152.343475,UOF1801,35,0.8,9,2022,11,19,6,MB,,,,
-32.515302,152.339355,UOF1801,16,1,8,2022,11,19,7,MB,,,,
-32.514297,152.339965,UOF1801,15,0.9,9,2022,11,19,8,MB,,,,
-32.514373,152.340271,UOF1801,1,1,8,2022,11,19,9,MB,,,,
-32.514246,152.340347,UOF1801,28,0.8,9,2022,11,19,10,MB,,,,
-32.514303,152.340423,UOF1801,12,1,8,2022,11,19,11,MB,,,,
-32.514291,152.340499,UOF1801,66,1,8,2022,11,19,12,MB,,,,
-32.514399,152.340652,UOF1801,40,1,8,2022,11,19,13,MB,,,,
-32.514322,152.339965,UOF1801,15,1,9,2022,11,19,14,MB,,,,
-32.514386,152.339889,UOF1801,12,0.8,10,2022,11,19,15,MB,,,,
-32.514392,152.339914,UOF1801,25,0.7,11,2022,11,19,16,MB,,,,
-32.514361,152.33994,UOF1801,9,1,10,2022,11,19,17,MB,,,,
-32.514373,152.340016,UOF1801,13,1.1,7,2022,11,19,18,MB,,,,
-32.514361,152.33994,UOF1801,6,0.9,8,2022,11,19,20,MB,,,,
-32.514329,152.33994,UOF1801,6,0.9,8,2022,11,19,21,MB,,,,
-32.514081,152.340016,UOF1801,0,0.9,9,2022,11,19,22,MB,,,,
-32.51424,152.340067,UOF1801,23,0.9,9,2022,11,19,23,MB,,,,
-32.514214,152.340194,UOF1801,4,0.9,8,2022,11,20,0,MB,,,,
-32.514208,152.340042,UOF1801,15,0.7,11,2022,11,20,1,MB,,,,
-32.514545,152.339991,UOF1801,36,1,8,2022,11,20,2,MB,,,,
-32.516287,152.343399,UOF1801,24,1.1,7,2022,11,20,3,MB,,,,
-32.537052,152.323155,UOF1801,38,1.3,8,2022,11,20,4,MB,,,,
-32.543918,152.307439,UOF1801,0,0.9,8,2022,11,20,5,MB,,,,
-32.554072,152.303675,UOF1801,15,0.8,11,2022,11,20,6,MB,,,,
-32.576604,152.292511,UOF1801,2,0.7,11,2022,11,20,7,MB,,,,
-32.579541,152.29129,UOF1801,8,0.8,10,2022,11,20,8,MB,,,,
-32.583305,152.283406,UOF1801,10,0.9,9,2022,11,20,9,MB,,,,
-32.587577,152.28511,UOF1801,0,0.8,10,2022,11,20,10,MB,,,,
-32.587527,152.285135,UOF1801,0,1.1,7,2022,11,20,11,MB,,,,
-32.587539,152.285135,UOF1801,0,0.9,9,2022,11,20,12,MB,,,,
-32.587584,152.285135,UOF1801,13,0.9,8,2022,11,20,13,MB,,,,
-32.587552,152.285135,UOF1801,8,1,9,2022,11,20,14,MB,,,,
-32.58759,152.285135,UOF1801,4,0.7,12,2022,11,20,15,MB,,,,
-32.587615,152.285135,UOF1801,13,0.8,10,2022,11,20,16,MB,,,,
-32.587565,152.285161,UOF1801,4,1,10,2022,11,20,17,MB,,,,
-32.587514,152.285161,UOF1801,5,0.7,10,2022,11,20,18,MB,,,,
-32.580266,152.291798,UOF1801,0,0.8,9,2022,11,20,19,MB,,,,
-32.579598,152.291163,UOF1801,0,0.8,9,2022,11,20,20,MB,,,,
-32.579681,152.291188,UOF1801,10,0.8,9,2022,11,20,21,MB,,,,
-32.577487,152.292434,UOF1801,23,1,8,2022,11,20,22,MB,,,,
-32.579636,152.291214,UOF1801,12,1.5,6,2022,11,20,23,MB,,,,
-32.561161,152.299173,UOF1801,0,0.9,9,2022,11,21,0,MB,,,,
-32.542882,152.309829,UOF1801,0,0.9,8,2022,11,21,1,MB,,,,
-32.541547,152.310872,UOF1801,5,1,7,2022,11,21,2,MB,,,,
-32.524762,152.322494,UOF1801,4,1,8,2022,11,21,3,MB,,,,
-32.524419,152.322799,UOF1801,10,1,8,2022,11,21,4,MB,,,,
-32.51321,152.321324,UOF1801,20,0.9,8,2022,11,21,5,MB,,,,
-32.495503,152.318222,UOF1801,30,0.7,10,2022,11,21,6,MB,,,,
-32.496419,152.335032,UOF1801,0,0.8,10,2022,11,21,7,MB,,,,
-32.472799,152.39449,UOF1801,3,1,9,2022,11,21,8,MB,,,,
-32.476996,152.419286,UOF1801,20,1.1,7,2022,11,21,9,MB,,,,
-32.479977,152.412953,UOF1801,32,1.1,6,2022,11,21,10,MB,,,,
-32.479908,152.412953,UOF1801,13,1,8,2022,11,21,11,MB,,,,
-32.479946,152.412979,UOF1801,21,1.2,7,2022,11,21,12,MB,,,,
-32.479933,152.41303,UOF1801,24,0.9,9,2022,11,21,13,MB,,,,
-32.479882,152.412953,UOF1801,8,0.9,9,2022,11,21,14,MB,,,,
-32.479927,152.412826,UOF1801,9,0.8,11,2022,11,21,15,MB,,,,
-32.479997,152.413004,UOF1801,17,0.9,9,2022,11,21,16,MB,,,,
-32.479971,152.412979,UOF1801,22,1,10,2022,11,21,17,MB,,,,
-32.479952,152.412953,UOF1801,20,0.7,10,2022,11,21,18,MB,,,,
-32.487569,152.408426,UOF1801,27,1,8,2022,11,21,19,MB,,,,
-32.495662,152.391108,UOF1801,0,0.7,10,2022,11,21,20,MB,,,,
-32.500876,152.376459,UOF1801,19,1,8,2022,11,21,21,MB,,,,
-32.50675,152.358785,UOF1801,5,1.1,7,2022,11,21,22,MB,,,,
-32.506718,152.35881,UOF1801,5,1.3,6,2022,11,21,23,MB,,,,
-32.508098,152.359954,UOF1801,26,0.8,10,2022,11,22,0,MB,,,,
-32.500564,152.345077,UOF1801,7,0.7,11,2022,11,22,1,MB,,,,
-32.533262,152.320968,UOF1801,14,1,8,2022,11,22,2,MB,,,,
-32.550003,152.307032,UOF1801,1,0.8,9,2022,11,22,3,MB,,,,
-32.548884,152.307362,UOF1801,11,0.9,9,2022,11,22,4,MB,,,,
-32.548966,152.307413,UOF1801,0,1,8,2022,11,22,5,MB,,,,
-32.548076,152.298334,UOF1801,20,0.8,9,2022,11,22,6,MB,,,,
-32.547726,152.298868,UOF1801,3,0.9,9,2022,11,22,7,MB,,,,
-32.55053,152.306752,UOF1801,9,0.8,10,2022,11,22,8,MB,,,,
-32.550587,152.306777,UOF1801,0,0.9,9,2022,11,22,9,MB,,,,
-32.550505,152.306777,UOF1801,8,0.8,9,2022,11,22,10,MB,,,,
-32.550492,152.306828,UOF1801,0,1,7,2022,11,22,11,MB,,,,
-32.550492,152.306803,UOF1801,3,0.8,10,2022,11,22,12,MB,,,,
-32.550524,152.306752,UOF1801,8,0.9,10,2022,11,22,13,MB,,,,
-32.550479,152.306752,UOF1801,0,1,9,2022,11,22,14,MB,,,,
-32.550473,152.306803,UOF1801,2,0.8,10,2022,11,22,15,MB,,,,
-32.550518,152.306828,UOF1801,0,0.8,10,2022,11,22,16,MB,,,,
-32.550511,152.30693,UOF1801,1,1.1,8,2022,11,22,17,MB,,,,
-32.549551,152.307617,UOF1801,0,1,8,2022,11,22,18,MB,,,,
-32.543804,152.30721,UOF1801,0,0.8,9,2022,11,22,19,MB,,,,
-32.54374,152.307235,UOF1801,0,0.9,9,2022,11,22,20,MB,,,,
-32.543746,152.307184,UOF1801,15,0.8,9,2022,11,22,21,MB,,,,
-32.543816,152.307134,UOF1801,8,0.9,9,2022,11,22,22,MB,,,,
-32.543746,152.307184,UOF1801,3,0.8,10,2022,11,22,23,MB,,,,
-32.541331,152.311686,UOF1801,0,0.9,8,2022,11,23,0,MB,,,,
-32.525366,152.323155,UOF1801,5,0.8,10,2022,11,23,1,MB,,,,
-32.51445,152.322163,UOF1801,11,1,8,2022,11,23,2,MB,,,,
-32.499216,152.308481,UOF1801,20,0.7,10,2022,11,23,3,MB,,,,
-32.502872,152.303904,UOF1801,22,0.9,9,2022,11,23,4,MB,,,,
-32.529219,152.322952,UOF1801,10,0.7,10,2022,11,23,5,MB,,,,
-32.543746,152.306269,UOF1801,19,0.7,11,2022,11,23,6,MB,,,,
-32.543143,152.310516,UOF1801,10,0.9,9,2022,11,23,7,MB,,,,
-32.543168,152.310516,UOF1801,7,0.8,10,2022,11,23,8,MB,,,,
-32.543289,152.310516,UOF1801,0,0.9,9,2022,11,23,9,MB,,,,
-32.5432,152.310618,UOF1801,0,0.9,8,2022,11,23,10,MB,,,,
-32.543251,152.310516,UOF1801,34,1.1,7,2022,11,23,11,MB,,,,
-32.543111,152.310592,UOF1801,14,0.9,9,2022,11,23,12,MB,,,,
-32.543111,152.310516,UOF1801,2,1.4,6,2022,11,23,14,MB,,,,
-32.543219,152.310618,UOF1801,15,1.8,6,2022,11,23,15,MB,,,,
-32.543117,152.310694,UOF1801,37,1.6,5,2022,11,23,17,MB,,,,
-32.543104,152.310643,UOF1801,17,1.1,6,2022,11,23,18,MB,,,,
-32.543276,152.310567,UOF1801,0,1.1,6,2022,11,23,19,MB,,,,
-32.561021,152.300979,UOF1801,0,1.4,5,2022,11,23,20,MB,,,,
-32.579681,152.291163,UOF1801,11,0.8,9,2022,11,23,21,MB,,,,
-32.579636,152.291163,UOF1801,23,1.2,7,2022,11,23,22,MB,,,,
-32.581289,152.290374,UOF1801,29,1.2,7,2022,11,23,23,MB,,,,
-32.577322,152.289306,UOF1801,0,1.3,6,2022,11,24,0,MB,,,,
-32.541846,152.310109,UOF1801,1,1.2,5,2022,11,24,1,MB,,,,
-32.543664,152.307184,UOF1801,17,1.1,5,2022,11,24,2,MB,,,,
-32.533231,152.320917,UOF1801,45,1.1,7,2022,11,24,3,MB,,,,
-32.508804,152.321019,UOF1801,7,1,8,2022,11,24,4,MB,,,,
-32.486265,152.348205,UOF1801,10,0.8,9,2022,11,24,5,MB,,,,
-32.464159,152.38915,UOF1801,17,0.9,9,2022,11,24,6,MB,,,,
-32.463619,152.389556,UOF1801,12,0.9,9,2022,11,24,7,MB,,,,
-32.474274,152.399068,UOF1801,9,0.9,9,2022,11,24,8,MB,,,,
-32.496495,152.384343,UOF1801,6,0.9,8,2022,11,24,9,MB,,,,
-32.494117,152.385309,UOF1801,0,0.9,8,2022,11,24,10,MB,,,,
-32.494085,152.385284,UOF1801,5,1.2,6,2022,11,24,11,MB,,,,
-32.49413,152.385335,UOF1801,2,0.8,10,2022,11,24,12,MB,,,,
-32.493965,152.38536,UOF1801,0,0.9,9,2022,11,24,13,MB,,,,
-32.494251,152.385284,UOF1801,0,0.8,10,2022,11,24,14,MB,,,,
-32.494327,152.385284,UOF1801,0,0.9,9,2022,11,24,15,MB,,,,
-32.494289,152.385259,UOF1801,0,0.8,10,2022,11,24,16,MB,,,,
-32.494454,152.385437,UOF1801,2,1,10,2022,11,24,17,MB,,,,
-32.494263,152.385335,UOF1801,0,0.9,8,2022,11,24,18,MB,,,,
-32.494302,152.385411,UOF1801,26,0.9,8,2022,11,24,19,MB,,,,
-32.508174,152.359751,UOF1801,9,1.1,7,2022,11,24,20,MB,,,,
-32.50806,152.360005,UOF1801,26,0.8,9,2022,11,24,21,MB,,,,
-32.508092,152.360107,UOF1801,35,1.4,7,2022,11,24,22,MB,,,,
-32.508022,152.360158,UOF1801,33,0.9,9,2022,11,24,23,MB,,,,
-32.508111,152.360132,UOF1801,20,0.9,8,2022,11,25,0,MB,,,,
-32.507399,152.359166,UOF1801,5,0.9,8,2022,11,25,1,MB,,,,
-32.508092,152.360158,UOF1801,22,1,8,2022,11,25,2,MB,,,,
-32.508117,152.360132,UOF1801,26,0.8,9,2022,11,25,3,MB,,,,
-32.507996,152.359878,UOF1801,0,1.1,7,2022,11,25,4,MB,,,,
-32.508162,152.360107,UOF1801,31,0.7,10,2022,11,25,5,MB,,,,
-32.53585,152.324122,UOF1801,3,0.8,10,2022,11,25,6,MB,,,,
-32.549195,152.30749,UOF1801,0,1.2,7,2022,11,25,7,MB,,,,
-32.539162,152.316085,UOF1801,12,0.8,10,2022,11,25,8,MB,,,,
-32.539213,152.316797,UOF1801,0,0.8,9,2022,11,25,9,MB,,,,
-32.539194,152.316848,UOF1801,0,0.9,8,2022,11,25,10,MB,,,,
-32.54882,152.307108,UOF1801,0,0.9,8,2022,11,25,11,MB,,,,
-32.549201,152.307566,UOF1801,2,0.8,10,2022,11,25,12,MB,,,,
-32.549278,152.307464,UOF1801,0,0.9,10,2022,11,25,13,MB,,,,
-32.549507,152.307947,UOF1801,0,1,9,2022,11,25,14,MB,,,,
-32.549329,152.30749,UOF1801,1,0.8,11,2022,11,25,15,MB,,,,
-32.549303,152.30749,UOF1801,6,0.9,9,2022,11,25,16,MB,,,,
-32.549303,152.30754,UOF1801,1,0.7,12,2022,11,25,17,MB,,,,
-32.549367,152.307896,UOF1801,1,0.7,12,2022,11,25,18,MB,,,,
-32.544338,152.307006,UOF1801,0,1,7,2022,11,25,19,MB,,,,
-32.5443,152.307006,UOF1801,9,1,8,2022,11,25,20,MB,,,,
-32.53941,152.315526,UOF1801,16,0.8,9,2022,11,25,21,MB,,,,
-32.525938,152.322367,UOF1801,0,1,9,2022,11,25,22,MB,,,,
-32.532544,152.321578,UOF1801,37,0.9,9,2022,11,25,23,MB,,,,
-32.543543,152.307184,UOF1801,4,0.8,9,2022,11,26,0,MB,,,,
-32.543702,152.307134,UOF1801,0,0.8,10,2022,11,26,1,MB,,,,
-32.543766,152.307184,UOF1801,0,1.1,7,2022,11,26,2,MB,,,,
-32.543835,152.307184,UOF1801,7,1,7,2022,11,26,3,MB,,,,
-32.543785,152.306905,UOF1801,9,1,8,2022,11,26,4,MB,,,,
-32.543734,152.308202,UOF1801,25,0.8,9,2022,11,26,5,MB,,,,
-32.541305,152.315272,UOF1801,17,0.7,11,2022,11,26,6,MB,,,,
-32.542157,152.312957,UOF1801,6,1,9,2022,11,26,7,MB,,,,
-32.54039,152.312932,UOF1801,15,0.9,9,2022,11,26,8,MB,,,,
-32.544745,152.306955,UOF1801,0,0.8,9,2022,11,26,9,MB,,,,
-32.544427,152.306955,UOF1801,0,1.2,6,2022,11,26,10,MB,,,,
-32.544427,152.306981,UOF1801,0,1,8,2022,11,26,11,MB,,,,
-32.544395,152.307006,UOF1801,2,0.9,9,2022,11,26,12,MB,,,,
-32.542831,152.308761,UOF1801,0,0.9,10,2022,11,26,13,MB,,,,
-32.544433,152.307006,UOF1801,0,0.8,10,2022,11,26,14,MB,,,,
-32.541203,152.314153,UOF1801,2,0.7,11,2022,11,26,15,MB,,,,
-32.541934,152.315119,UOF1801,12,0.9,10,2022,11,26,16,MB,,,,
-32.541973,152.315144,UOF1801,6,1,9,2022,11,26,17,MB,,,,
-32.541718,152.31517,UOF1801,15,0.7,11,2022,11,26,18,MB,,,,
-32.541731,152.315195,UOF1801,0,0.9,8,2022,11,26,19,MB,,,,
-32.54175,152.315246,UOF1801,19,0.9,9,2022,11,26,20,MB,,,,
-32.541699,152.31517,UOF1801,22,0.8,9,2022,11,26,21,MB,,,,
-32.541725,152.31517,UOF1801,14,1.5,6,2022,11,26,22,MB,,,,
-32.541737,152.315246,UOF1801,25,0.9,9,2022,11,26,23,MB,,,,
-32.543263,152.315628,UOF1801,0,1,7,2022,11,27,0,MB,,,,
-32.549087,152.307439,UOF1801,21,0.9,8,2022,11,27,1,MB,,,,
-32.549074,152.307388,UOF1801,16,1.1,7,2022,11,27,2,MB,,,,
-32.549023,152.307464,UOF1801,28,0.9,9,2022,11,27,3,MB,,,,
-32.549113,152.307439,UOF1801,0,0.9,9,2022,11,27,4,MB,,,,
-32.541877,152.310338,UOF1801,50,0.8,9,2022,11,27,5,MB,,,,
-32.509586,152.318527,UOF1801,1,0.8,10,2022,11,27,6,MB,,,,
-32.510094,152.319569,UOF1801,7,0.9,8,2022,11,27,9,MB,,,,
-32.510101,152.31962,UOF1801,0,1.1,7,2022,11,27,10,MB,,,,
-32.510247,152.31962,UOF1801,27,1,7,2022,11,27,11,MB,,,,
-32.510025,152.319595,UOF1801,18,0.9,9,2022,11,27,12,MB,,,,
-32.509986,152.319569,UOF1801,0,1.1,8,2022,11,27,13,MB,,,,
-32.510438,152.319035,UOF1801,0,0.8,10,2022,11,27,14,MB,,,,
-32.510711,152.319163,UOF1801,13,0.8,10,2022,11,27,15,MB,,,,
-32.510775,152.319163,UOF1801,5,0.8,10,2022,11,27,16,MB,,,,
-32.510838,152.319137,UOF1801,0,0.8,10,2022,11,27,17,MB,,,,
-32.510787,152.319163,UOF1801,0,0.8,10,2022,11,27,18,MB,,,,
-32.510635,152.319035,UOF1801,1,1.2,6,2022,11,27,19,MB,,,,
-32.524845,152.322774,UOF1801,4,0.8,9,2022,11,27,20,MB,,,,
-32.543956,152.306193,UOF1801,13,1.1,7,2022,11,27,21,MB,,,,
-32.544389,152.306955,UOF1801,7,1.3,7,2022,11,27,22,MB,,,,
-32.544427,152.307032,UOF1801,0,1,8,2022,11,27,23,MB,,,,
-32.54444,152.307032,UOF1801,0,1.1,6,2022,11,28,0,MB,,,,
-32.54444,152.306981,UOF1801,43,0.9,8,2022,11,28,1,MB,,,,
-32.544261,152.306981,UOF1801,40,0.9,8,2022,11,28,2,MB,,,,
-32.544376,152.306955,UOF1801,5,0.9,9,2022,11,28,3,MB,,,,
-32.563888,152.29958,UOF1801,0,0.9,9,2022,11,28,4,MB,,,,
-32.556723,152.301996,UOF1801,7,0.9,9,2022,11,28,5,MB,,,,
-32.534388,152.320638,UOF1801,1,0.8,10,2022,11,28,6,MB,,,,
-32.509916,152.333404,UOF1801,0,0.9,9,2022,11,28,7,MB,,,,
-32.497722,152.350036,UOF1801,10,1,8,2022,11,28,8,MB,,,,
-32.511271,152.359064,UOF1801,0,1.1,7,2022,11,28,9,MB,,,,
-32.527547,152.333099,UOF1801,0,1.1,7,2022,11,28,10,MB,,,,
-32.538291,152.320307,UOF1801,7,0.9,8,2022,11,28,11,MB,,,,
-32.544478,152.306955,UOF1801,6,0.8,10,2022,11,28,12,MB,,,,
-32.544376,152.306981,UOF1801,0,1.2,8,2022,11,28,13,MB,,,,
-32.544414,152.307032,UOF1801,0,1.3,6,2022,11,28,14,MB,,,,
-32.544211,152.308074,UOF1801,0,0.7,11,2022,11,28,15,MB,,,,
-32.544192,152.3081,UOF1801,12,0.9,10,2022,11,28,16,MB,,,,
-32.544192,152.3081,UOF1801,3,1,8,2022,11,28,17,MB,,,,
-32.544147,152.308125,UOF1801,0,0.7,11,2022,11,28,18,MB,,,,
-32.543721,152.307184,UOF1801,0,0.9,8,2022,11,28,19,MB,,,,
-32.545832,152.309829,UOF1801,0,0.8,9,2022,11,28,20,MB,,,,
-32.545508,152.310033,UOF1801,0,0.8,9,2022,11,28,21,MB,,,,
-32.545622,152.310084,UOF1801,3,0.9,9,2022,11,28,22,MB,,,,
-32.545597,152.310084,UOF1801,3,0.9,8,2022,11,28,23,MB,,,,
-32.537452,152.318654,UOF1801,4,0.9,8,2022,11,29,0,MB,,,,
-32.506159,152.314331,UOF1801,18,0.8,9,2022,11,29,1,MB,,,,
-32.499293,152.306701,UOF1801,15,0.8,10,2022,11,29,2,MB,,,,
-32.497748,152.310897,UOF1801,19,0.8,10,2022,11,29,3,MB,,,,
-32.497627,152.310897,UOF1801,20,1,8,2022,11,29,4,MB,,,,
-32.502936,152.305353,UOF1801,21,0.6,12,2022,11,29,5,MB,,,,
-32.508626,152.329182,UOF1801,7,0.8,10,2022,11,29,6,MB,,,,
-32.507933,152.328572,UOF1801,0,1,9,2022,11,29,7,MB,,,,
-32.510279,152.329564,UOF1801,6,1.1,8,2022,11,29,8,MB,,,,
-32.510279,152.329538,UOF1801,16,1,8,2022,11,29,9,MB,,,,
-32.510355,152.329437,UOF1801,0,0.9,8,2022,11,29,10,MB,,,,
-32.510279,152.329335,UOF1801,13,0.9,9,2022,11,29,11,MB,,,,
-32.510253,152.329157,UOF1801,11,0.8,10,2022,11,29,12,MB,,,,
-32.51019,152.329132,UOF1801,0,1.1,8,2022,11,29,13,MB,,,,
-32.510209,152.329157,UOF1801,9,0.9,10,2022,11,29,14,MB,,,,
-32.510311,152.32931,UOF1801,0,0.7,11,2022,11,29,15,MB,,,,
-32.51026,152.329208,UOF1801,14,0.9,10,2022,11,29,16,MB,,,,
-32.510241,152.329182,UOF1801,0,0.7,12,2022,11,29,17,MB,,,,
-32.51026,152.32931,UOF1801,13,0.8,10,2022,11,29,18,MB,,,,
-32.525856,152.322113,UOF1801,0,1,7,2022,11,29,19,MB,,,,
-32.545953,152.308761,UOF1801,11,0.9,9,2022,11,29,20,MB,,,,
-32.560868,152.299962,UOF1801,3,0.9,9,2022,11,29,21,MB,,,,
-32.560817,152.300038,UOF1801,6,0.8,10,2022,11,29,22,MB,,,,
-32.560919,152.299987,UOF1801,3,0.8,9,2022,11,29,23,MB,,,,
-32.560874,152.299962,UOF1801,0,1,7,2022,11,30,0,MB,,,,
-32.585625,152.281295,UOF1801,55,1.2,7,2022,11,30,1,MB,,,,
-32.571161,152.293604,UOF1801,13,0.8,10,2022,11,30,2,MB,,,,
-32.549011,152.307947,UOF1801,5,0.7,10,2022,11,30,3,MB,,,,
-32.548992,152.307896,UOF1801,0,1,7,2022,11,30,4,MB,,,,
-32.548839,152.307566,UOF1801,15,0.7,10,2022,11,30,5,MB,,,,
-32.538489,152.316569,UOF1801,1,0.7,11,2022,11,30,6,MB,,,,
-32.532849,152.321629,UOF1801,0,1.4,7,2022,11,30,7,MB,,,,
-32.524838,152.322672,UOF1801,12,0.8,10,2022,11,30,8,MB,,,,
-32.493888,152.335362,UOF1801,11,0.8,10,2022,11,30,9,MB,,,,
-32.472265,152.380401,UOF1801,0,0.9,8,2022,11,30,10,MB,,,,
-32.472571,152.380452,UOF1801,9,0.9,9,2022,11,30,11,MB,,,,
-32.472558,152.380477,UOF1801,7,0.8,10,2022,11,30,12,MB,,,,
-32.472501,152.380427,UOF1801,0,1,9,2022,11,30,13,MB,,,,
-32.472526,152.38035,UOF1801,11,0.6,13,2022,11,30,14,MB,,,,
-32.472507,152.380325,UOF1801,24,0.7,11,2022,11,30,15,MB,,,,
-32.472501,152.380376,UOF1801,1,0.8,11,2022,11,30,16,MB,,,,
-32.474974,152.407104,UOF1801,0,0.7,11,2022,11,30,17,MB,,,,
-32.475864,152.417556,UOF1801,30,0.7,11,2022,11,30,18,MB,,,,
-32.471922,152.422083,UOF1801,10,1,8,2022,11,30,19,MB,,,,
-32.479539,152.41308,UOF1801,45,0.8,9,2022,11,30,20,MB,,,,
-32.47882,152.411529,UOF1801,39,0.9,8,2022,11,30,21,MB,,,,
-32.478884,152.411504,UOF1801,42,1,8,2022,11,30,22,MB,,,,
-32.478897,152.411554,UOF1801,33,0.8,9,2022,11,30,23,MB,,,,
-32.478954,152.411504,UOF1801,47,0.9,8,2022,12,1,0,MB,,,,
-32.478858,152.411504,UOF1801,37,1,7,2022,12,1,1,MB,,,,
-32.478878,152.411554,UOF1801,52,0.8,9,2022,12,1,2,MB,,,,
-32.505046,152.370152,UOF1801,8,0.8,10,2022,12,1,3,MB,,,,
-32.526886,152.334574,UOF1801,12,0.9,9,2022,12,1,4,MB,,,,
-32.542933,152.308939,UOF1801,28,0.8,9,2022,12,1,5,MB,,,,
-32.543715,152.307134,UOF1801,8,0.7,11,2022,12,1,6,MB,,,,
-32.546805,152.305277,UOF1801,2,1,9,2022,12,1,7,MB,,,,
-32.547644,152.30693,UOF1801,0,1,8,2022,12,1,8,MB,,,,
-32.532843,152.321146,UOF1801,0,0.8,9,2022,12,1,9,MB,,,,
-32.526167,152.322392,UOF1801,0,1.1,7,2022,12,1,10,MB,,,,
-32.525608,152.322469,UOF1801,14,0.9,9,2022,12,1,11,MB,,,,
-32.526123,152.322367,UOF1801,0,1,8,2022,12,1,12,MB,,,,
-32.538927,152.316696,UOF1801,0,1.1,8,2022,12,1,13,MB,,,,
-32.548267,152.307388,UOF1801,0,0.7,11,2022,12,1,14,MB,,,,
-32.53489,152.32313,UOF1801,8,0.9,10,2022,12,1,15,MB,,,,
-32.526072,152.322341,UOF1801,7,0.8,11,2022,12,1,16,MB,,,,
-32.525983,152.322291,UOF1801,15,0.7,11,2022,12,1,17,MB,,,,
-32.52618,152.322596,UOF1801,6,0.8,10,2022,12,1,18,MB,,,,
-32.526072,152.322443,UOF1801,7,1,8,2022,12,1,19,MB,,,,
-32.525805,152.322672,UOF1801,5,0.8,10,2022,12,1,20,MB,,,,
-32.524438,152.322875,UOF1801,55,1,8,2022,12,1,21,MB,,,,
-32.524495,152.322697,UOF1801,15,1.2,7,2022,12,1,22,MB,,,,
-32.52452,152.322748,UOF1801,22,0.8,9,2022,12,1,23,MB,,,,
-32.526148,152.322443,UOF1801,8,0.8,9,2022,12,2,0,MB,,,,
-32.526104,152.32257,UOF1801,11,0.8,9,2022,12,2,1,MB,,,,
-32.52426,152.322875,UOF1801,11,0.8,9,2022,12,2,2,MB,,,,
-32.524247,152.322952,UOF1801,38,1,8,2022,12,2,3,MB,,,,
-32.528055,152.322621,UOF1801,0,0.9,8,2022,12,2,4,MB,,,,
-32.524603,152.322621,UOF1801,21,0.9,8,2022,12,2,5,MB,,,,
-32.518302,152.326461,UOF1801,5,0.8,10,2022,12,2,6,MB,,,,
-32.511798,152.324503,UOF1801,15,1,9,2022,12,2,7,MB,,,,
-32.511798,152.324452,UOF1801,15,1.1,7,2022,12,2,8,MB,,,,
-32.510546,152.322113,UOF1801,0,1,8,2022,12,2,9,MB,,,,
-32.489177,152.306879,UOF1801,12,1.1,7,2022,12,2,10,MB,,,,
-32.496336,152.307769,UOF1801,5,2.8,3,2022,12,2,11,MB,,,,
-32.528246,152.322774,UOF1801,0,1.4,6,2022,12,2,12,MB,,,,
-32.523808,152.322621,UOF1801,0,1.5,6,2022,12,2,13,MB,,,,
-32.523999,152.322545,UOF1801,0,1,8,2022,12,2,14,MB,,,,
-32.523885,152.32257,UOF1801,1,0.8,10,2022,12,2,15,MB,,,,
-32.523923,152.32257,UOF1801,24,1,10,2022,12,2,16,MB,,,,
-32.523974,152.322621,UOF1801,0,0.8,9,2022,12,2,17,MB,,,,
-32.523967,152.32257,UOF1801,3,0.7,11,2022,12,2,18,MB,,,,
-32.523885,152.322596,UOF1801,0,1,8,2022,12,2,19,MB,,,,
-32.53847,152.316365,UOF1801,4,0.8,10,2022,12,2,20,MB,,,,
-32.548998,152.30782,UOF1801,14,1,8,2022,12,2,21,MB,,,,
-32.54896,152.307846,UOF1801,12,1,8,2022,12,2,22,MB,,,,
-32.549004,152.307846,UOF1801,0,0.9,8,2022,12,2,23,MB,,,,
-32.584348,152.282821,UOF1801,13,0.8,9,2022,12,3,0,MB,,,,
-32.549507,152.30665,UOF1801,1,1.1,7,2022,12,3,1,MB,,,,
-32.543912,152.306294,UOF1801,10,0.9,8,2022,12,3,2,MB,,,,
-32.544325,152.306981,UOF1801,1,1.3,7,2022,12,3,3,MB,,,,
-32.543835,152.307134,UOF1801,3,0.9,9,2022,12,3,4,MB,,,,
-32.544115,152.306523,UOF1801,2,0.8,10,2022,12,3,5,MB,,,,
-32.548947,152.307896,UOF1801,1,0.9,9,2022,12,3,6,MB,,,,
-32.549392,152.307973,UOF1801,8,1,9,2022,12,3,7,MB,,,,
-32.531921,152.325164,UOF1801,2,0.8,9,2022,12,3,8,MB,,,,
-32.525995,152.327046,UOF1801,13,0.8,9,2022,12,3,9,MB,,,,
-32.52789,152.325037,UOF1801,0,1,7,2022,12,3,10,MB,,,,
-32.527858,152.325063,UOF1801,5,1,8,2022,12,3,11,MB,,,,
-32.527782,152.325088,UOF1801,43,0.9,9,2022,12,3,12,MB,,,,
-32.52768,152.325012,UOF1801,0,1.2,8,2022,12,3,13,MB,,,,
-32.527858,152.325063,UOF1801,0,0.9,9,2022,12,3,14,MB,,,,
-32.526173,152.322291,UOF1801,6,0.8,10,2022,12,3,15,MB,,,,
-32.526084,152.322291,UOF1801,4,1.1,9,2022,12,3,16,MB,,,,
-32.526084,152.322545,UOF1801,0,0.7,12,2022,12,3,17,MB,,,,
-32.52611,152.32257,UOF1801,0,0.7,11,2022,12,3,18,MB,,,,
-32.526123,152.322443,UOF1801,0,1.2,6,2022,12,3,19,MB,,,,
-32.526224,152.322341,UOF1801,0,1.3,6,2022,12,3,20,MB,,,,
-32.52611,152.32257,UOF1801,0,1,8,2022,12,3,21,MB,,,,
-32.526059,152.322469,UOF1801,14,0.9,9,2022,12,3,22,MB,,,,
-32.526078,152.322494,UOF1801,14,0.8,9,2022,12,3,23,MB,,,,
-32.54374,152.306371,UOF1801,7,0.8,9,2022,12,4,0,MB,,,,
-32.543651,152.307362,UOF1801,14,1.1,7,2022,12,4,1,MB,,,,
-32.543772,152.307261,UOF1801,0,0.9,8,2022,12,4,2,MB,,,,
-32.543778,152.307184,UOF1801,4,1,8,2022,12,4,3,MB,,,,
-32.541852,152.310084,UOF1801,5,0.9,9,2022,12,4,4,MB,,,,
-32.542132,152.31077,UOF1801,10,0.7,10,2022,12,4,5,MB,,,,
-32.50827,152.336634,UOF1801,1,0.7,11,2022,12,4,6,MB,,,,
-32.478579,152.39477,UOF1801,2,0.8,10,2022,12,4,7,MB,,,,
-32.481122,152.399525,UOF1801,26,0.9,8,2022,12,4,8,MB,,,,
-32.478858,152.411605,UOF1801,38,0.8,9,2022,12,4,9,MB,,,,
-32.478941,152.411758,UOF1801,42,0.9,8,2022,12,4,10,MB,,,,
-32.478909,152.411631,UOF1801,50,0.8,9,2022,12,4,11,MB,,,,
-32.478884,152.411682,UOF1801,39,0.8,10,2022,12,4,12,MB,,,,
-32.478744,152.411707,UOF1801,20,1.1,8,2022,12,4,13,MB,,,,
-32.478827,152.411707,UOF1801,41,0.8,11,2022,12,4,14,MB,,,,
-32.478909,152.411605,UOF1801,45,0.8,10,2022,12,4,15,MB,,,,
-32.478846,152.411733,UOF1801,54,1,10,2022,12,4,16,MB,,,,
-32.478795,152.411707,UOF1801,44,0.7,11,2022,12,4,17,MB,,,,
-32.478846,152.411707,UOF1801,39,0.8,10,2022,12,4,18,MB,,,,
-32.480569,152.419362,UOF1801,10,0.7,10,2022,12,4,19,MB,,,,
-32.472704,152.390726,UOF1801,9,0.8,9,2022,12,4,20,MB,,,,
-32.481618,152.353673,UOF1801,32,0.9,9,2022,12,4,21,MB,,,,
-32.509484,152.318171,UOF1801,13,1,9,2022,12,4,22,MB,,,,
-32.510934,152.319391,UOF1801,0,0.8,9,2022,12,4,23,MB,,,,
-32.533002,152.321248,UOF1801,8,1,9,2022,12,5,0,MB,,,,
-32.549087,152.307413,UOF1801,10,1.2,6,2022,12,5,1,MB,,,,
-32.549208,152.307439,UOF1801,0,0.8,9,2022,12,5,2,MB,,,,
-32.549087,152.307413,UOF1801,4,0.9,9,2022,12,5,3,MB,,,,
-32.549017,152.307413,UOF1801,0,0.9,8,2022,12,5,4,MB,,,,
-32.543212,152.308583,UOF1801,22,0.8,10,2022,12,5,5,MB,,,,
-32.517463,152.338236,UOF1801,14,0.8,10,2022,12,5,6,MB,,,,
-32.514354,152.339813,UOF1801,26,0.9,9,2022,12,5,7,MB,,,,
-32.514704,152.339838,UOF1801,28,1.1,7,2022,12,5,8,MB,,,,
-32.510355,152.360794,UOF1801,0,0.8,10,2022,12,5,9,MB,,,,
-32.489997,152.395762,UOF1801,0,0.8,9,2022,12,5,10,MB,,,,
-32.490048,152.396169,UOF1801,7,0.9,8,2022,12,5,11,MB,,,,
-32.490048,152.396245,UOF1801,14,1.1,8,2022,12,5,12,MB,,,,
-32.48994,152.396245,UOF1801,0,1.4,7,2022,12,5,13,MB,,,,
-32.490125,152.396041,UOF1801,1,0.9,10,2022,12,5,14,MB,,,,
-32.490137,152.396067,UOF1801,5,0.9,9,2022,12,5,15,MB,,,,
-32.490093,152.396016,UOF1801,0,1.5,7,2022,12,5,16,MB,,,,
-32.490105,152.396016,UOF1801,0,1.1,8,2022,12,5,17,MB,,,,
-32.490156,152.396169,UOF1801,1,0.8,9,2022,12,5,18,MB,,,,
-32.490328,152.396067,UOF1801,1,0.7,10,2022,12,5,19,MB,,,,
-32.490322,152.396194,UOF1801,4,0.9,8,2022,12,5,20,MB,,,,
-32.506604,152.366745,UOF1801,15,0.9,9,2022,12,5,21,MB,,,,
-32.50813,152.359954,UOF1801,10,1.5,6,2022,12,5,22,MB,,,,
-32.508124,152.359954,UOF1801,8,1,7,2022,12,5,23,MB,,,,
-32.508111,152.35998,UOF1801,25,0.7,11,2022,12,6,0,MB,,,,
-32.518894,152.346883,UOF1801,11,1,8,2022,12,6,1,MB,,,,
-32.538667,152.316518,UOF1801,0,1.1,7,2022,12,6,2,MB,,,,
-32.543969,152.306269,UOF1801,6,0.9,9,2022,12,6,3,MB,,,,
-32.543816,152.306396,UOF1801,0,0.8,9,2022,12,6,4,MB,,,,
-32.559654,152.300216,UOF1801,11,0.8,10,2022,12,6,5,MB,,,,
-32.568815,152.293502,UOF1801,0,0.9,9,2022,12,6,6,MB,,,,
-32.568981,152.293553,UOF1801,6,0.8,10,2022,12,6,7,MB,,,,
-32.566628,152.289815,UOF1801,5,0.7,10,2022,12,6,8,MB,,,,
-32.542202,152.310897,UOF1801,39,0.9,9,2022,12,6,9,MB,,,,
-32.525207,152.323206,UOF1801,0,0.9,9,2022,12,6,10,MB,,,,
-32.525334,152.323384,UOF1801,4,0.8,9,2022,12,6,11,MB,,,,
-32.525302,152.323384,UOF1801,0,1,9,2022,12,6,12,MB,,,,
-32.525233,152.323359,UOF1801,0,0.8,10,2022,12,6,13,MB,,,,
-32.52536,152.32341,UOF1801,0,0.7,11,2022,12,6,14,MB,,,,
-32.525341,152.323435,UOF1801,0,0.8,10,2022,12,6,15,MB,,,,
-32.525252,152.323435,UOF1801,0,0.9,11,2022,12,6,16,MB,,,,
-32.525302,152.32346,UOF1801,0,0.8,10,2022,12,6,17,MB,,,,
-32.525385,152.323664,UOF1801,28,0.8,9,2022,12,6,18,MB,,,,
-32.538641,152.316263,UOF1801,0,0.9,9,2022,12,6,19,MB,,,,
-32.538152,152.316645,UOF1801,47,1,8,2022,12,6,20,MB,,,,
-32.528259,152.322341,UOF1801,0,1,8,2022,12,6,21,MB,,,,
-32.523955,152.322621,UOF1801,29,0.8,9,2022,12,6,22,MB,,,,
-32.52447,152.322596,UOF1801,6,0.8,9,2022,12,6,23,MB,,,,
-32.538864,152.315856,UOF1801,10,1,7,2022,12,7,0,MB,,,,
-32.542602,152.309982,UOF1801,211,1.2,6,2022,12,7,1,MB,,,,
-32.54175,152.310084,UOF1801,13,1.2,7,2022,12,7,2,MB,,,,
-32.543734,152.307184,UOF1801,4,0.9,9,2022,12,7,3,MB,,,,
-32.543753,152.307184,UOF1801,7,0.8,9,2022,12,7,4,MB,,,,
-32.543721,152.307184,UOF1801,0,0.9,8,2022,12,7,5,MB,,,,
-32.539925,152.314381,UOF1801,0,0.9,9,2022,12,7,6,MB,,,,
-32.558013,152.301081,UOF1801,0,0.8,10,2022,12,7,7,MB,,,,
-32.564123,152.299479,UOF1801,4,0.7,10,2022,12,7,8,MB,,,,
-32.563863,152.299428,UOF1801,0,1,7,2022,12,7,9,MB,,,,
-32.563888,152.298894,UOF1801,0,1.2,6,2022,12,7,10,MB,,,,
-32.563964,152.29897,UOF1801,15,0.8,10,2022,12,7,11,MB,,,,
-32.563914,152.29897,UOF1801,0,1,9,2022,12,7,12,MB,,,,
-32.563983,152.29897,UOF1801,16,1.1,8,2022,12,7,13,MB,,,,
-32.563945,152.299046,UOF1801,17,0.9,10,2022,12,7,14,MB,,,,
-32.563958,152.298995,UOF1801,6,0.9,9,2022,12,7,15,MB,,,,
-32.563952,152.299021,UOF1801,2,1.2,9,2022,12,7,16,MB,,,,
-32.563939,152.29897,UOF1801,6,0.7,11,2022,12,7,17,MB,,,,
-32.563964,152.298945,UOF1801,0,1.1,8,2022,12,7,18,MB,,,,
-32.58101,152.285542,UOF1801,12,0.9,9,2022,12,7,19,MB,,,,
-32.574919,152.28834,UOF1801,50,0.9,8,2022,12,7,20,MB,,,,
-32.551122,152.305582,UOF1801,53,1.1,8,2022,12,7,21,MB,,,,
-32.542558,152.310567,UOF1801,5,0.8,9,2022,12,7,22,MB,,,,
-32.538864,152.317179,UOF1801,0,0.9,8,2022,12,7,23,MB,,,,
-32.509618,152.318527,UOF1801,13,0.8,9,2022,12,8,0,MB,,,,
-32.509955,152.319035,UOF1801,4,1.3,7,2022,12,8,1,MB,,,,
-32.539366,152.315882,UOF1801,2,0.7,10,2022,12,8,2,MB,,,,
-32.542297,152.310211,UOF1801,10,0.9,9,2022,12,8,3,MB,,,,
-32.548661,152.307032,UOF1801,13,0.7,10,2022,12,8,4,MB,,,,
-32.542202,152.310338,UOF1801,0,0.7,11,2022,12,8,5,MB,,,,
-32.535742,152.32402,UOF1801,0,0.9,9,2022,12,8,6,MB,,,,
-32.530529,152.325495,UOF1801,15,0.9,9,2022,12,8,7,MB,,,,
-32.532207,152.325037,UOF1801,3,0.9,9,2022,12,8,8,MB,,,,
-32.53653,152.32168,UOF1801,57,0.9,8,2022,12,8,9,MB,,,,
-32.542799,152.310668,UOF1801,0,1.1,7,2022,12,8,10,MB,,,,
-32.54395,152.308863,UOF1801,8,0.8,10,2022,12,8,11,MB,,,,
-32.543893,152.308837,UOF1801,0,0.9,9,2022,12,8,12,MB,,,,
-32.543963,152.308812,UOF1801,0,0.8,10,2022,12,8,13,MB,,,,
-32.543969,152.308761,UOF1801,0,0.7,12,2022,12,8,14,MB,,,,
-32.543925,152.308761,UOF1801,10,0.7,11,2022,12,8,15,MB,,,,
-32.543925,152.308888,UOF1801,0,1.1,8,2022,12,8,16,MB,,,,
-32.543893,152.308659,UOF1801,0,0.8,10,2022,12,8,17,MB,,,,
-32.545756,152.310007,UOF1801,4,0.9,9,2022,12,8,18,MB,,,,
-32.545806,152.310033,UOF1801,8,0.9,8,2022,12,8,19,MB,,,,
-32.542602,152.310694,UOF1801,10,1,8,2022,12,8,20,MB,,,,
-32.543842,152.308685,UOF1801,5,0.8,10,2022,12,8,21,MB,,,,
-32.543937,152.308837,UOF1801,22,0.9,9,2022,12,8,22,MB,,,,
-32.55315,152.306345,UOF1801,1,0.9,8,2022,12,8,23,MB,,,,
-32.5491,152.307464,UOF1801,14,0.8,9,2022,12,9,0,MB,,,,
-32.5458,152.308939,UOF1801,9,0.9,8,2022,12,9,1,MB,,,,
-32.538609,152.317891,UOF1801,0,0.8,9,2022,12,9,2,MB,,,,
-32.512555,152.32079,UOF1801,14,0.9,9,2022,12,9,3,MB,,,,
-32.504322,152.305302,UOF1801,6,0.8,9,2022,12,9,4,MB,,,,
-32.481554,152.293273,UOF1801,1,0.8,9,2022,12,9,5,MB,,,,
-32.480467,152.290298,UOF1801,0,1.4,7,2022,12,9,6,MB,,,,
-32.477466,152.292434,UOF1801,34,1.2,8,2022,12,9,7,MB,,,,
-32.477301,152.292739,UOF1801,7,0.8,9,2022,12,9,8,MB,,,,
-32.477962,152.293451,UOF1801,17,0.9,8,2022,12,9,9,MB,,,,
-32.477078,152.293045,UOF1801,7,1.1,7,2022,12,9,10,MB,,,,
-32.477441,152.292689,UOF1801,13,0.9,9,2022,12,9,11,MB,,,,
-32.489387,152.306421,UOF1801,24,1.1,8,2022,12,9,12,MB,,,,
-32.500488,152.308685,UOF1801,6,0.8,10,2022,12,9,13,MB,,,,
-32.500615,152.308659,UOF1801,4,0.8,10,2022,12,9,14,MB,,,,
-32.500539,152.308634,UOF1801,16,1.1,9,2022,12,9,15,MB,,,,
-32.500335,152.309219,UOF1801,7,0.9,11,2022,12,9,16,MB,,,,
-32.500297,152.309219,UOF1801,4,0.7,11,2022,12,9,17,MB,,,,
-32.500208,152.309244,UOF1801,9,1.2,7,2022,12,9,18,MB,,,,
-32.500221,152.30927,UOF1801,16,0.7,10,2022,12,9,19,MB,,,,
-32.508944,152.318934,UOF1801,9,1,8,2022,12,9,20,MB,,,,
-32.538616,152.316212,UOF1801,5,0.8,9,2022,12,9,21,MB,,,,
-32.543797,152.308583,UOF1801,21,0.8,10,2022,12,9,22,MB,,,,
-32.542081,152.31016,UOF1801,2,0.8,9,2022,12,9,23,MB,,,,
-32.542316,152.310084,UOF1801,2,1,7,2022,12,10,0,MB,,,,
-32.545756,152.308761,UOF1801,30,1,8,2022,12,10,1,MB,,,,
-32.542742,152.310872,UOF1801,0,0.8,10,2022,12,10,2,MB,,,,
-32.542672,152.310846,UOF1801,14,0.9,9,2022,12,10,3,MB,,,,
-32.542182,152.310338,UOF1801,0,0.8,9,2022,12,10,4,MB,,,,
-32.54938,152.307922,UOF1801,0,0.8,9,2022,12,10,5,MB,,,,
-32.576623,152.289917,UOF1801,0,1,9,2022,12,10,6,MB,,,,
-32.582383,152.283406,UOF1801,6,0.8,10,2022,12,10,7,MB,,,,
-32.581086,152.284245,UOF1801,9,0.7,10,2022,12,10,8,MB,,,,
-32.581118,152.284194,UOF1801,3,1,7,2022,12,10,9,MB,,,,
-32.581092,152.284194,UOF1801,0,1.2,6,2022,12,10,10,MB,,,,
-32.581067,152.28422,UOF1801,12,0.8,10,2022,12,10,11,MB,,,,
-32.581124,152.28422,UOF1801,0,0.9,9,2022,12,10,12,MB,,,,
-32.580984,152.28422,UOF1801,0,1,9,2022,12,10,13,MB,,,,
-32.55013,152.306269,UOF1801,0,1,10,2022,12,10,14,MB,,,,
-32.542825,152.310643,UOF1801,5,0.9,9,2022,12,10,15,MB,,,,
-32.537605,152.320587,UOF1801,10,0.7,11,2022,12,10,16,MB,,,,
-32.538705,152.318069,UOF1801,0,0.7,12,2022,12,10,17,MB,,,,
-32.538686,152.318044,UOF1801,1,0.9,8,2022,12,10,18,MB,,,,
-32.538953,152.317433,UOF1801,0,0.8,9,2022,12,10,19,MB,,,,
-32.543384,152.307744,UOF1801,0,1.1,8,2022,12,10,20,MB,,,,
-32.542589,152.309677,UOF1801,16,0.9,10,2022,12,10,21,MB,,,,
-32.542888,152.310668,UOF1801,34,1,8,2022,12,10,22,MB,,,,
-32.542945,152.310668,UOF1801,0,1,7,2022,12,10,23,MB,,,,
-32.543651,152.310643,UOF1801,35,0.8,9,2022,12,11,0,MB,,,,
-32.542507,152.310719,UOF1801,24,1,7,2022,12,11,1,MB,,,,
-32.545158,152.306472,UOF1801,11,1,9,2022,12,11,2,MB,,,,
-32.529505,152.323003,UOF1801,23,0.9,9,2022,12,11,3,MB,,,,
-32.524495,152.322647,UOF1801,23,0.9,8,2022,12,11,4,MB,,,,
-32.524495,152.322697,UOF1801,12,0.8,10,2022,12,11,5,MB,,,,
-32.504493,152.326029,UOF1801,1,0.9,9,2022,12,11,6,MB,,,,
-32.486418,152.333786,UOF1801,27,0.8,10,2022,12,11,7,MB,,,,
-32.486049,152.333582,UOF1801,12,0.8,9,2022,12,11,8,MB,,,,
-32.489349,152.333786,UOF1801,5,1.2,6,2022,12,11,9,MB,,,,
-32.489304,152.333455,UOF1801,14,0.9,8,2022,12,11,10,MB,,,,
-32.489164,152.333455,UOF1801,8,0.9,9,2022,12,11,11,MB,,,,
-32.48926,152.333379,UOF1801,0,1.1,8,2022,12,11,12,MB,,,,
-32.489114,152.333658,UOF1801,0,0.9,9,2022,12,11,13,MB,,,,
-32.48898,152.333709,UOF1801,39,0.9,9,2022,12,11,14,MB,,,,
-32.489292,152.333709,UOF1801,28,0.7,11,2022,12,11,15,MB,,,,
-32.489177,152.333608,UOF1801,6,0.9,10,2022,12,11,16,MB,,,,
-32.489209,152.333658,UOF1801,0,0.7,11,2022,12,11,17,MB,,,,
-32.489126,152.333684,UOF1801,12,1,7,2022,12,11,18,MB,,,,
-32.48905,152.333658,UOF1801,4,0.8,9,2022,12,11,19,MB,,,,
-32.499235,152.333251,UOF1801,13,0.8,9,2022,12,11,20,MB,,,,
-32.524457,152.322647,UOF1801,12,1.4,7,2022,12,11,21,MB,,,,
-32.527318,152.321935,UOF1801,34,0.8,10,2022,12,11,22,MB,,,,
-32.542577,152.309728,UOF1801,0,0.9,8,2022,12,11,23,MB,,,,
-32.543893,152.308761,UOF1801,25,0.9,9,2022,12,12,0,MB,,,,
-32.543689,152.309092,UOF1801,5,0.9,8,2022,12,12,1,MB,,,,
-32.543766,152.307235,UOF1801,8,0.9,9,2022,12,12,2,MB,,,,
-32.549691,152.307591,UOF1801,3,0.9,9,2022,12,12,3,MB,,,,
-32.528119,152.322341,UOF1801,49,0.7,10,2022,12,12,4,MB,,,,
-32.536212,152.319595,UOF1801,9,0.7,11,2022,12,12,5,MB,,,,
-32.544134,152.309219,UOF1801,0,0.9,9,2022,12,12,6,MB,,,,
-32.544179,152.309219,UOF1801,8,0.8,10,2022,12,12,7,MB,,,,
-32.544172,152.309244,UOF1801,4,0.9,8,2022,12,12,8,MB,,,,
-32.544096,152.309219,UOF1801,0,0.9,8,2022,12,12,9,MB,,,,
-32.54416,152.309219,UOF1801,3,1,7,2022,12,12,10,MB,,,,
-32.544153,152.309244,UOF1801,7,0.8,10,2022,12,12,11,MB,,,,
-32.544497,152.309219,UOF1801,0,1,9,2022,12,12,12,MB,,,,
-32.54395,152.308837,UOF1801,0,0.8,10,2022,12,12,13,MB,,,,
-32.543982,152.308761,UOF1801,7,0.7,11,2022,12,12,14,MB,,,,
-32.543855,152.308888,UOF1801,3,1,9,2022,12,12,15,MB,,,,
-32.543855,152.309041,UOF1801,0,0.9,9,2022,12,12,16,MB,,,,
-32.54367,152.309422,UOF1801,45,0.8,10,2022,12,12,17,MB,,,,
-32.543893,152.309041,UOF1801,3,1,7,2022,12,12,18,MB,,,,
-32.544122,152.309092,UOF1801,8,0.8,10,2022,12,12,19,MB,,,,
-32.544261,152.309143,UOF1801,0,1.4,6,2022,12,12,20,MB,,,,
-32.539213,152.315856,UOF1801,25,1.1,8,2022,12,12,21,MB,,,,
-32.53543,152.323206,UOF1801,30,0.8,9,2022,12,12,22,MB,,,,
-32.538628,152.316518,UOF1801,0,0.8,9,2022,12,12,23,MB,,,,
-32.525207,152.323308,UOF1801,61,0.9,9,2022,12,13,0,MB,,,,
-32.572821,152.292968,UOF1801,23,0.9,9,2022,12,13,1,MB,,,,
-32.579382,152.291341,UOF1801,21,0.8,10,2022,12,13,2,MB,,,,
-32.545736,152.308634,UOF1801,2,0.9,9,2022,12,13,3,MB,,,,
-32.537446,152.318959,UOF1801,16,0.7,11,2022,12,13,4,MB,,,,
-32.525239,152.323308,UOF1801,1,0.6,12,2022,12,13,5,MB,,,,
-32.525264,152.323308,UOF1801,0,0.9,9,2022,12,13,6,MB,,,,
-32.525277,152.323308,UOF1801,14,0.9,9,2022,12,13,7,MB,,,,
-32.525372,152.323155,UOF1801,12,0.9,8,2022,12,13,8,MB,,,,
-32.525398,152.323206,UOF1801,8,0.9,8,2022,12,13,9,MB,,,,
-32.525372,152.323155,UOF1801,0,1.1,7,2022,12,13,10,MB,,,,
-32.525328,152.323232,UOF1801,5,0.8,10,2022,12,13,11,MB,,,,
-32.525353,152.323181,UOF1801,0,1.3,7,2022,12,13,12,MB,,,,
-32.525436,152.323155,UOF1801,9,0.8,11,2022,12,13,13,MB,,,,
-32.525436,152.323181,UOF1801,0,0.7,11,2022,12,13,14,MB,,,,
-32.525353,152.323181,UOF1801,0,1.1,9,2022,12,13,15,MB,,,,
-32.525436,152.323232,UOF1801,0,0.7,11,2022,12,13,16,MB,,,,
-32.525372,152.323206,UOF1801,8,0.8,10,2022,12,13,17,MB,,,,
-32.528017,152.322875,UOF1801,10,1.8,4,2022,12,13,18,MB,,,,
-32.542538,152.309549,UOF1801,5,1,8,2022,12,13,19,MB,,,,
-32.543219,152.31016,UOF1801,5,0.9,8,2022,12,13,20,MB,,,,
-32.538895,152.316391,UOF1801,15,1.3,7,2022,12,13,21,MB,,,,
-32.537999,152.317993,UOF1801,25,1.2,6,2022,12,13,22,MB,,,,
-32.543702,152.307006,UOF1801,24,1,7,2022,12,13,23,MB,,,,
-32.542469,152.311203,UOF1801,138,0.9,9,2022,12,14,0,MB,,,,
-32.538965,152.315602,UOF1801,12,0.9,8,2022,12,14,1,MB,,,,
-32.539086,152.315526,UOF1801,31,1.1,7,2022,12,14,2,MB,,,,
-32.537541,152.319137,UOF1801,61,1,7,2022,12,14,3,MB,,,,
-32.502605,152.307947,UOF1801,14,0.7,10,2022,12,14,4,MB,,,,
-32.498758,152.333048,UOF1801,12,0.9,9,2022,12,14,5,MB,,,,
-32.468139,152.384826,UOF1801,0,1,9,2022,12,14,6,MB,,,,
-32.464293,152.386886,UOF1801,16,0.8,10,2022,12,14,7,MB,,,,
-32.464274,152.386937,UOF1801,12,0.8,9,2022,12,14,8,MB,,,,
-32.46435,152.386886,UOF1801,17,0.9,8,2022,12,14,9,MB,,,,
-32.46428,152.386912,UOF1801,17,1,7,2022,12,14,10,MB,,,,
-32.464172,152.386962,UOF1801,1,0.9,9,2022,12,14,11,MB,,,,
-32.46421,152.386988,UOF1801,0,1.3,7,2022,12,14,12,MB,,,,
-32.46428,152.387013,UOF1801,0,0.8,11,2022,12,14,13,MB,,,,
-32.464331,152.38709,UOF1801,15,0.7,11,2022,12,14,14,MB,,,,
-32.46428,152.387064,UOF1801,0,1.3,8,2022,12,14,15,MB,,,,
-32.464197,152.386988,UOF1801,7,0.9,9,2022,12,14,16,MB,,,,
-32.464413,152.387115,UOF1801,35,0.8,10,2022,12,14,17,MB,,,,
-32.464534,152.386734,UOF1801,17,1.1,7,2022,12,14,18,MB,,,,
-32.464623,152.386632,UOF1801,0,0.8,10,2022,12,14,19,MB,,,,
-32.464655,152.386632,UOF1801,22,0.9,9,2022,12,14,20,MB,,,,
-32.464572,152.386683,UOF1801,8,0.8,10,2022,12,14,21,MB,,,,
-32.467211,152.384216,UOF1801,14,0.9,9,2022,12,14,22,MB,,,,
-32.498949,152.384343,UOF1801,0,1,9,2022,12,14,23,MB,,,,
-32.526892,152.335489,UOF1801,7,0.8,9,2022,12,15,0,MB,,,,
-32.542113,152.310719,UOF1801,18,0.9,8,2022,12,15,1,MB,,,,
-32.547904,152.30754,UOF1801,4,0.9,9,2022,12,15,2,MB,,,,
-32.560766,152.299911,UOF1801,8,1,8,2022,12,15,3,MB,,,,
-32.560735,152.299936,UOF1801,9,0.6,12,2022,12,15,4,MB,,,,
-32.560735,152.299911,UOF1801,7,0.7,11,2022,12,15,5,MB,,,,
-32.570475,152.287577,UOF1801,0,1,8,2022,12,15,6,MB,,,,
-32.553925,152.30014,UOF1801,0,0.9,8,2022,12,15,7,MB,,,,
-32.548566,152.306879,UOF1801,2,1,8,2022,12,15,8,MB,,,,
-32.53269,152.322036,UOF1801,0,1.1,7,2022,12,15,9,MB,,,,
-32.52529,152.323359,UOF1801,0,0.8,9,2022,12,15,10,MB,,,,
-32.525277,152.323359,UOF1801,4,0.8,10,2022,12,15,11,MB,,,,
-32.525436,152.322672,UOF1801,0,1,9,2022,12,15,12,MB,,,,
-32.543969,152.308837,UOF1801,3,0.7,12,2022,12,15,13,MB,,,,
-32.543925,152.308888,UOF1801,0,0.7,11,2022,12,15,14,MB,,,,
-32.543778,152.308888,UOF1801,0,0.8,11,2022,12,15,15,MB,,,,
-32.543931,152.308888,UOF1801,0,0.8,9,2022,12,15,16,MB,,,,
-32.543918,152.308888,UOF1801,0,0.7,11,2022,12,15,17,MB,,,,
-32.54306,152.310338,UOF1801,13,1,8,2022,12,15,18,MB,,,,
-32.543759,152.309524,UOF1801,1,0.9,9,2022,12,15,19,MB,,,,
-32.542647,152.310872,UOF1801,3,0.9,9,2022,12,15,20,MB,,,,
-32.549443,152.307718,UOF1801,16,1,8,2022,12,15,21,MB,,,,
-32.548928,152.307617,UOF1801,35,0.9,7,2022,12,15,22,MB,,,,
-32.549087,152.307439,UOF1801,11,1.1,7,2022,12,15,23,MB,,,,
-32.549055,152.307515,UOF1801,30,0.9,8,2022,12,16,0,MB,,,,
-32.54313,152.309219,UOF1801,12,0.8,9,2022,12,16,1,MB,,,,
-32.538686,152.316899,UOF1801,1,0.9,9,2022,12,16,2,MB,,,,
-32.52782,152.322901,UOF1801,68,1.1,7,2022,12,16,3,MB,,,,
-32.528424,152.322697,UOF1801,56,0.9,8,2022,12,16,4,MB,,,,
-32.528265,152.322469,UOF1801,0,0.9,9,2022,12,16,5,MB,,,,
-32.543505,152.307973,UOF1801,0,1,9,2022,12,16,6,MB,,,,
-32.536645,152.320561,UOF1801,13,1.1,7,2022,12,16,7,MB,,,,
-32.536588,152.320688,UOF1801,3,1.2,7,2022,12,16,8,MB,,,,
-32.536581,152.320638,UOF1801,5,1.1,7,2022,12,16,9,MB,,,,
-32.537993,152.318069,UOF1801,10,0.9,9,2022,12,16,10,MB,,,,
-32.539099,152.316823,UOF1801,7,0.8,10,2022,12,16,11,MB,,,,
-32.53929,152.31695,UOF1801,6,1.1,8,2022,12,16,12,MB,,,,
-32.539353,152.316975,UOF1801,2,0.8,10,2022,12,16,13,MB,,,,
-32.538832,152.317713,UOF1801,6,0.9,9,2022,12,16,14,MB,,,,
-32.538787,152.317713,UOF1801,4,1,10,2022,12,16,15,MB,,,,
-32.538838,152.317738,UOF1801,0,0.7,11,2022,12,16,16,MB,,,,
-32.538826,152.317738,UOF1801,10,0.7,11,2022,12,16,17,MB,,,,
-32.538845,152.317688,UOF1801,8,1,7,2022,12,16,18,MB,,,,
-32.539016,152.315526,UOF1801,0,1.2,7,2022,12,16,19,MB,,,,
-32.538775,152.315628,UOF1801,2,1.2,7,2022,12,16,20,MB,,,,
-32.543905,152.308074,UOF1801,47,0.8,9,2022,12,16,21,MB,,,,
-32.544427,152.307617,UOF1801,0,0.9,8,2022,12,16,22,MB,,,,
-32.544484,152.307642,UOF1801,6,1.1,7,2022,12,16,23,MB,,,,
-32.544452,152.307617,UOF1801,12,1,8,2022,12,17,0,MB,,,,
-32.549068,152.307439,UOF1801,5,0.9,8,2022,12,17,1,MB,,,,
-32.549875,152.307312,UOF1801,0,1,8,2022,12,17,2,MB,,,,
-32.534178,152.320638,UOF1801,2,1,7,2022,12,17,3,MB,,,,
-32.508791,152.31784,UOF1801,3,0.7,10,2022,12,17,4,MB,,,,
-32.503037,152.304158,UOF1801,0,0.8,10,2022,12,17,5,MB,,,,
-32.491263,152.322748,UOF1801,30,0.8,10,2022,12,17,6,MB,,,,
-32.488948,152.336049,UOF1801,26,0.8,9,2022,12,17,7,MB,,,,
-32.483449,152.348434,UOF1801,8,0.8,10,2022,12,17,8,MB,,,,
-32.48788,152.340474,UOF1801,0,0.9,8,2022,12,17,9,MB,,,,
-32.488465,152.335311,UOF1801,15,1.1,7,2022,12,17,10,MB,,,,
-32.488363,152.335311,UOF1801,54,0.9,8,2022,12,17,11,MB,,,,
-32.488452,152.335464,UOF1801,27,1.2,8,2022,12,17,12,MB,,,,
-32.488497,152.335388,UOF1801,0,0.9,9,2022,12,17,13,MB,,,,
-32.488472,152.335362,UOF1801,5,0.9,8,2022,12,17,14,MB,,,,
-32.488548,152.335362,UOF1801,20,1,10,2022,12,17,15,MB,,,,
-32.490023,152.334828,UOF1801,12,0.7,11,2022,12,17,16,MB,,,,
-32.527871,152.322647,UOF1801,0,0.9,9,2022,12,17,17,MB,,,,
-32.528411,152.322697,UOF1801,15,0.9,9,2022,12,17,18,MB,,,,
-32.528367,152.322723,UOF1801,6,0.8,9,2022,12,17,19,MB,,,,
-32.527807,152.322647,UOF1801,17,1.2,7,2022,12,17,20,MB,,,,
-32.528335,152.322799,UOF1801,64,1,8,2022,12,17,21,MB,,,,
-32.528443,152.322774,UOF1801,33,0.9,8,2022,12,17,22,MB,,,,
-32.541725,152.310236,UOF1801,30,0.8,9,2022,12,17,23,MB,,,,
-32.543804,152.308685,UOF1801,0,1.2,7,2022,12,18,0,MB,,,,
-32.543829,152.308609,UOF1801,13,1.1,7,2022,12,18,1,MB,,,,
-32.543867,152.308634,UOF1801,4,0.9,9,2022,12,18,2,MB,,,,
-32.549672,152.307922,UOF1801,2,0.9,8,2022,12,18,3,MB,,,,
-32.548973,152.307439,UOF1801,0,0.8,9,2022,12,18,4,MB,,,,
-32.548915,152.307413,UOF1801,8,0.9,8,2022,12,18,5,MB,,,,
-32.549678,152.307896,UOF1801,0,1.1,8,2022,12,18,6,MB,,,,
-32.580012,152.291595,UOF1801,11,0.9,9,2022,12,18,7,MB,,,,
-32.556723,152.301971,UOF1801,9,0.8,10,2022,12,18,8,MB,,,,
-32.542469,152.309626,UOF1801,0,0.9,8,2022,12,18,9,MB,,,,
-32.525856,152.323384,UOF1801,7,0.8,9,2022,12,18,10,MB,,,,
-32.525735,152.323333,UOF1801,14,0.8,10,2022,12,18,11,MB,,,,
-32.525728,152.32341,UOF1801,0,1.2,8,2022,12,18,12,MB,,,,
-32.525767,152.323359,UOF1801,6,0.7,12,2022,12,18,13,MB,,,,
-32.525843,152.323359,UOF1801,1,0.9,9,2022,12,18,14,MB,,,,
-32.525754,152.323308,UOF1801,0,1.1,10,2022,12,18,15,MB,,,,
-32.534445,152.320612,UOF1801,5,0.8,10,2022,12,18,16,MB,,,,
-32.544007,152.306905,UOF1801,10,0.8,10,2022,12,18,17,MB,,,,
-32.541572,152.316518,UOF1801,11,1,8,2022,12,18,18,MB,,,,
-32.536174,152.32046,UOF1801,18,1,8,2022,12,18,19,MB,,,,
-32.531431,152.323104,UOF1801,0,1.2,7,2022,12,18,20,MB,,,,
-32.531082,152.323435,UOF1801,75,1,7,2022,12,18,21,MB,,,,
-32.531387,152.32313,UOF1801,24,1,7,2022,12,18,22,MB,,,,
-32.531304,152.323104,UOF1801,22,0.8,9,2022,12,18,23,MB,,,,
-32.531342,152.323181,UOF1801,21,1.2,7,2022,12,19,0,MB,,,,
-32.525213,152.323282,UOF1801,20,0.8,9,2022,12,19,1,MB,,,,
-32.52541,152.323333,UOF1801,14,0.7,10,2022,12,19,2,MB,,,,
-32.52529,152.323359,UOF1801,2,0.9,8,2022,12,19,3,MB,,,,
-32.52522,152.323282,UOF1801,6,0.7,10,2022,12,19,4,MB,,,,
-32.525245,152.32257,UOF1801,0,0.8,10,2022,12,19,5,MB,,,,
-32.515728,152.350112,UOF1801,0,0.9,8,2022,12,19,7,MB,,,,
-32.506121,152.351816,UOF1801,0,1.2,7,2022,12,19,8,MB,,,,
-32.496654,152.369542,UOF1801,35,1,8,2022,12,19,9,MB,,,,
-32.493996,152.382944,UOF1801,8,1.1,7,2022,12,19,10,MB,,,,
-32.493831,152.383021,UOF1801,0,1.1,8,2022,12,19,11,MB,,,,
-32.493876,152.383097,UOF1801,19,1.3,7,2022,12,19,12,MB,,,,
-32.493857,152.383021,UOF1801,0,0.8,11,2022,12,19,13,MB,,,,
-32.493965,152.383021,UOF1801,4,0.9,9,2022,12,19,14,MB,,,,
-32.493933,152.382792,UOF1801,0,1.3,8,2022,12,19,15,MB,,,,
-32.494168,152.383021,UOF1801,9,0.8,9,2022,12,19,16,MB,,,,
-32.494054,152.38297,UOF1801,6,0.8,10,2022,12,19,17,MB,,,,
-32.493965,152.382995,UOF1801,8,1,8,2022,12,19,18,MB,,,,
-32.493895,152.383071,UOF1801,25,1.2,7,2022,12,19,19,MB,,,,
-32.493965,152.382995,UOF1801,1,1.5,6,2022,12,19,20,MB,,,,
-32.494136,152.382919,UOF1801,20,0.9,8,2022,12,19,21,MB,,,,
-32.493895,152.383173,UOF1801,27,0.9,8,2022,12,19,22,MB,,,,
-32.4942,152.383071,UOF1801,31,1.1,7,2022,12,19,23,MB,,,,
-32.493996,152.382995,UOF1801,28,1.3,7,2022,12,20,0,MB,,,,
-32.494219,152.382944,UOF1801,0,0.8,9,2022,12,20,1,MB,,,,
-32.494187,152.382868,UOF1801,3,1,8,2022,12,20,2,MB,,,,
-32.494187,152.382868,UOF1801,6,0.9,8,2022,12,20,3,MB,,,,
-32.494333,152.382817,UOF1801,0,0.9,8,2022,12,20,4,MB,,,,
-32.494276,152.382741,UOF1801,0,0.9,9,2022,12,20,5,MB,,,,
-32.483188,152.406977,UOF1801,43,0.9,9,2022,12,20,6,MB,,,,
-32.483614,152.397898,UOF1801,28,0.7,10,2022,12,20,7,MB,,,,
-32.493958,152.383021,UOF1801,7,1,7,2022,12,20,8,MB,,,,
-32.493907,152.382995,UOF1801,10,1.2,7,2022,12,20,9,MB,,,,
-32.494238,152.382995,UOF1801,11,0.9,8,2022,12,20,10,MB,,,,
-32.494054,152.383021,UOF1801,13,1,8,2022,12,20,11,MB,,,,
-32.494009,152.383046,UOF1801,0,1.3,7,2022,12,20,12,MB,,,,
-32.49406,152.383071,UOF1801,0,0.9,11,2022,12,20,13,MB,,,,
-32.494174,152.38297,UOF1801,7,0.9,9,2022,12,20,14,MB,,,,
-32.494085,152.383046,UOF1801,13,1.1,9,2022,12,20,15,MB,,,,
-32.494155,152.382944,UOF1801,0,1.1,7,2022,12,20,16,MB,,,,
-32.494035,152.383046,UOF1801,12,0.9,8,2022,12,20,17,MB,,,,
-32.494079,152.383021,UOF1801,17,0.9,9,2022,12,20,18,MB,,,,
-32.502802,152.373916,UOF1801,3,0.8,9,2022,12,20,19,MB,,,,
-32.538819,152.320103,UOF1801,8,1.1,8,2022,12,20,20,MB,,,,
-32.549195,152.307617,UOF1801,15,0.9,9,2022,12,20,21,MB,,,,
-32.549106,152.30749,UOF1801,0,0.8,9,2022,12,20,22,MB,,,,
-32.549081,152.307515,UOF1801,0,0.8,10,2022,12,20,23,MB,,,,
-32.551134,152.305582,UOF1801,5,1,8,2022,12,21,0,MB,,,,
-32.560188,152.299809,UOF1801,0,0.8,9,2022,12,21,1,MB,,,,
-32.530039,152.322596,UOF1801,0,0.9,9,2022,12,21,2,MB,,,,
-32.524457,152.322697,UOF1801,31,0.9,8,2022,12,21,3,MB,,,,
-32.523223,152.322596,UOF1801,0,0.9,8,2022,12,21,4,MB,,,,
-32.478401,152.297444,UOF1801,16,0.7,9,2022,12,21,7,MB,,,,
-32.479469,152.292739,UOF1801,8,1,7,2022,12,21,8,MB,,,,
-32.479373,152.292892,UOF1801,0,0.9,8,2022,12,21,9,MB,,,,
-32.47842,152.293045,UOF1801,10,1,8,2022,12,21,10,MB,,,,
-32.47842,152.292994,UOF1801,22,0.9,9,2022,12,21,11,MB,,,,
-32.478363,152.292968,UOF1801,0,1,9,2022,12,21,12,MB,,,,
-32.481357,152.295257,UOF1801,6,0.7,12,2022,12,21,13,MB,,,,
-32.48603,152.304896,UOF1801,31,0.7,11,2022,12,21,14,MB,,,,
-32.486056,152.304997,UOF1801,0,1,11,2022,12,21,15,MB,,,,
-32.486081,152.304972,UOF1801,0,0.9,9,2022,12,21,16,MB,,,,
-32.486081,152.304997,UOF1801,0,0.8,9,2022,12,21,17,MB,,,,
-32.48521,152.304896,UOF1801,1,0.9,8,2022,12,21,18,MB,,,,
-32.485331,152.304692,UOF1801,0,0.8,9,2022,12,21,19,MB,,,,
-32.498924,152.306777,UOF1801,17,1.1,7,2022,12,21,20,MB,,,,
-32.527915,152.322418,UOF1801,16,1,8,2022,12,21,21,MB,,,,
-32.543619,152.306218,UOF1801,0,1.1,7,2022,12,21,22,MB,,,,
-32.543588,152.306269,UOF1801,3,0.8,10,2022,12,21,23,MB,,,,
-32.549163,152.306955,UOF1801,19,1,8,2022,12,22,0,MB,,,,
-32.543638,152.306269,UOF1801,0,0.9,8,2022,12,22,1,MB,,,,
-32.542672,152.309804,UOF1801,14,0.9,9,2022,12,22,2,MB,,,,
-32.543607,152.306218,UOF1801,6,0.7,10,2022,12,22,3,MB,,,,
-32.543085,152.306396,UOF1801,178,0.9,8,2022,12,22,4,MB,,,,
-32.543568,152.306142,UOF1801,0,1.3,8,2022,12,22,5,MB,,,,
-32.54896,152.303166,UOF1801,2,0.8,9,2022,12,22,6,MB,,,,
-32.560067,152.300318,UOF1801,29,0.7,9,2022,12,22,7,MB,,,,
-32.560487,152.300394,UOF1801,0,0.8,8,2022,12,22,8,MB,,,,
-32.549825,152.307846,UOF1801,59,1.6,5,2022,12,22,9,MB,,,,
-32.544268,152.307947,UOF1801,3,1.4,6,2022,12,22,10,MB,,,,
-32.544039,152.307083,UOF1801,0,1.7,6,2022,12,22,11,MB,,,,
-32.544274,152.307006,UOF1801,0,1.1,8,2022,12,22,12,MB,,,,
-32.544331,152.307006,UOF1801,0,0.7,11,2022,12,22,13,MB,,,,
-32.544268,152.307057,UOF1801,2,0.8,10,2022,12,22,14,MB,,,,
-32.544281,152.307057,UOF1801,14,0.9,11,2022,12,22,15,MB,,,,
-32.544261,152.307134,UOF1801,9,1.1,7,2022,12,22,16,MB,,,,
-32.544255,152.307057,UOF1801,0,1.1,8,2022,12,22,17,MB,,,,
-32.544236,152.307032,UOF1801,0,0.7,10,2022,12,22,18,MB,,,,
-32.544217,152.307006,UOF1801,0,0.8,9,2022,12,22,19,MB,,,,
-32.54636,152.310185,UOF1801,14,1.1,7,2022,12,22,20,MB,,,,
-32.546417,152.309804,UOF1801,15,0.9,9,2022,12,22,21,MB,,,,
-32.546474,152.309728,UOF1801,0,0.9,8,2022,12,22,22,MB,,,,
-32.552838,152.304056,UOF1801,0,0.9,9,2022,12,22,23,MB,,,,
-32.552845,152.304082,UOF1801,0,1,8,2022,12,23,0,MB,,,,
-32.552895,152.304031,UOF1801,0,0.8,10,2022,12,23,1,MB,,,,
-32.575637,152.290985,UOF1801,8,0.9,9,2022,12,23,2,MB,,,,
-32.542062,152.310618,UOF1801,27,0.9,8,2022,12,23,3,MB,,,,
-32.524495,152.322672,UOF1801,8,0.8,9,2022,12,23,4,MB,,,,
-32.516128,152.323308,UOF1801,8,1.3,8,2022,12,23,5,MB,,,,
-32.4876,152.369898,UOF1801,21,0.8,9,2022,12,23,6,MB,,,,
-32.482025,152.385971,UOF1801,8,0.7,10,2022,12,23,7,MB,,,,
-32.481046,152.386352,UOF1801,29,0.8,8,2022,12,23,8,MB,,,,
-32.496457,152.386454,UOF1801,36,1,7,2022,12,23,9,MB,,,,
-32.509808,152.359446,UOF1801,0,1.1,8,2022,12,23,11,MB,,,,
-32.515054,152.349171,UOF1801,0,0.9,9,2022,12,23,12,MB,,,,
-32.513941,152.353546,UOF1801,0,0.7,11,2022,12,23,13,MB,,,,
-32.513935,152.353571,UOF1801,5,0.7,11,2022,12,23,14,MB,,,,
-32.513973,152.353597,UOF1801,0,1.4,6,2022,12,23,15,MB,,,,
-32.514074,152.353546,UOF1801,0,0.8,10,2022,12,23,16,MB,,,,
-32.513985,152.353597,UOF1801,6,1.1,7,2022,12,23,17,MB,,,,
-32.509541,152.358683,UOF1801,3,0.8,9,2022,12,23,18,MB,,,,
-32.510056,152.357564,UOF1801,7,0.8,9,2022,12,23,19,MB,,,,
-32.513998,152.353469,UOF1801,12,0.9,9,2022,12,23,20,MB,,,,
-32.509675,152.358428,UOF1801,12,0.9,8,2022,12,23,21,MB,,,,
-32.510075,152.357538,UOF1801,4,0.9,8,2022,12,23,22,MB,,,,
-32.513935,152.353368,UOF1801,0,1.5,6,2022,12,23,23,MB,,,,
-32.515759,152.351994,UOF1801,14,0.9,9,2022,12,24,0,MB,,,,
-32.539449,152.31606,UOF1801,25,1.1,7,2022,12,24,1,MB,,,,
-32.54402,152.30632,UOF1801,1,0.9,9,2022,12,24,2,MB,,,,
-32.54388,152.306777,UOF1801,10,0.8,9,2022,12,24,3,MB,,,,
-32.543925,152.306777,UOF1801,2,0.9,8,2022,12,24,4,MB,,,,
-32.543734,152.305913,UOF1801,0,1.3,8,2022,12,24,5,MB,,,,
-32.541776,152.310211,UOF1801,18,0.8,9,2022,12,24,6,MB,,,,
-32.522041,152.342559,UOF1801,0,0.7,10,2022,12,24,7,MB,,,,
-32.518786,152.345713,UOF1801,0,1.1,6,2022,12,24,8,MB,,,,
-32.518786,152.345687,UOF1801,0,1,7,2022,12,24,9,MB,,,,
-32.518735,152.345713,UOF1801,3,0.9,9,2022,12,24,10,MB,,,,
-32.518748,152.345789,UOF1801,0,1.1,8,2022,12,24,11,MB,,,,
-32.518728,152.345687,UOF1801,0,0.8,10,2022,12,24,12,MB,,,,
-32.518697,152.345713,UOF1801,4,0.8,10,2022,12,24,13,MB,,,,
-32.51876,152.345891,UOF1801,0,1.1,8,2022,12,24,14,MB,,,,
-32.518716,152.345916,UOF1801,38,1.1,8,2022,12,24,15,MB,,,,
-32.518748,152.345789,UOF1801,0,0.8,10,2022,12,24,16,MB,,,,
-32.51869,152.345713,UOF1801,0,0.9,8,2022,12,24,17,MB,,,,
-32.518773,152.345687,UOF1801,8,0.9,8,2022,12,24,18,MB,,,,
-32.518748,152.345713,UOF1801,0,1.1,7,2022,12,24,19,MB,,,,
-32.520229,152.344441,UOF1801,8,0.8,10,2022,12,24,20,MB,,,,
-32.527216,152.322418,UOF1801,20,0.9,9,2022,12,24,21,MB,,,,
-32.525557,152.323155,UOF1801,84,1.1,6,2022,12,24,22,MB,,,,
-32.542914,152.309575,UOF1801,8,0.9,8,2022,12,24,23,MB,,,,
-32.543371,152.306167,UOF1801,5,0.9,8,2022,12,25,0,MB,,,,
-32.543575,152.306091,UOF1801,6,0.9,8,2022,12,25,1,MB,,,,
-32.543651,152.306193,UOF1801,13,1,8,2022,12,25,2,MB,,,,
-32.543518,152.306218,UOF1801,17,0.8,9,2022,12,25,3,MB,,,,
-32.543594,152.306294,UOF1801,16,0.9,9,2022,12,25,4,MB,,,,
-32.54978,152.30721,UOF1801,0,1.2,8,2022,12,25,5,MB,,,,
-32.550072,152.30632,UOF1801,0,0.7,10,2022,12,25,6,MB,,,,
-32.548712,152.307973,UOF1801,19,0.8,8,2022,12,25,7,MB,,,,
-32.548807,152.308074,UOF1801,0,0.9,7,2022,12,25,8,MB,,,,
-32.548725,152.308024,UOF1801,1,1.4,5,2022,12,25,9,MB,,,,
-32.548744,152.308074,UOF1801,2,0.9,8,2022,12,25,10,MB,,,,
-32.550009,152.30749,UOF1801,18,0.9,9,2022,12,25,11,MB,,,,
-32.548725,152.308049,UOF1801,0,0.8,10,2022,12,25,12,MB,,,,
-32.548731,152.308074,UOF1801,10,0.7,11,2022,12,25,13,MB,,,,
-32.548737,152.308125,UOF1801,0,0.7,11,2022,12,25,14,MB,,,,
-32.548782,152.3081,UOF1801,0,0.7,11,2022,12,25,15,MB,,,,
-32.548795,152.3081,UOF1801,4,0.8,10,2022,12,25,16,MB,,,,
-32.548718,152.308074,UOF1801,0,0.9,8,2022,12,25,17,MB,,,,
-32.548667,152.308049,UOF1801,0,1.7,7,2022,12,25,18,MB,,,,
-32.54875,152.307998,UOF1801,13,1.1,7,2022,12,25,19,MB,,,,
-32.548725,152.308074,UOF1801,3,0.9,9,2022,12,25,20,MB,,,,
-32.542316,152.31077,UOF1801,20,0.9,8,2022,12,25,21,MB,,,,
-32.538654,152.317408,UOF1801,0,1.1,8,2022,12,25,22,MB,,,,
-32.524349,152.322799,UOF1801,15,0.9,8,2022,12,25,23,MB,,,,
-32.532194,152.321706,UOF1801,16,0.8,9,2022,12,26,0,MB,,,,
-32.543893,152.306294,UOF1801,11,0.9,9,2022,12,26,1,MB,,,,
-32.548712,152.306905,UOF1801,0,1.2,6,2022,12,26,2,MB,,,,
-32.54896,152.307515,UOF1801,3,0.8,9,2022,12,26,3,MB,,,,
-32.548909,152.307515,UOF1801,0,1.7,6,2022,12,26,4,MB,,,,
-32.536085,152.319569,UOF1801,12,1.4,7,2022,12,26,5,MB,,,,
-32.496184,152.335184,UOF1801,14,0.7,10,2022,12,26,6,MB,,,,
-32.471719,152.386428,UOF1801,5,0.7,9,2022,12,26,7,MB,,,,
-32.4828,152.417429,UOF1801,0,0.9,7,2022,12,26,8,MB,,,,
-32.480365,152.412394,UOF1801,24,1.2,6,2022,12,26,9,MB,,,,
-32.479895,152.412979,UOF1801,29,1,8,2022,12,26,10,MB,,,,
-32.479812,152.412953,UOF1801,0,1.3,7,2022,12,26,11,MB,,,,
-32.479971,152.412928,UOF1801,18,0.8,10,2022,12,26,12,MB,,,,
-32.479939,152.412928,UOF1801,19,0.7,11,2022,12,26,13,MB,,,,
-32.479946,152.412979,UOF1801,31,0.9,10,2022,12,26,14,MB,,,,
-32.479977,152.413004,UOF1801,20,0.9,9,2022,12,26,15,MB,,,,
-32.479977,152.412979,UOF1801,17,1,8,2022,12,26,16,MB,,,,
-32.47992,152.412979,UOF1801,0,0.9,8,2022,12,26,17,MB,,,,
-32.479939,152.412953,UOF1801,16,0.7,10,2022,12,26,18,MB,,,,
-32.479908,152.412902,UOF1801,33,1,8,2022,12,26,19,MB,,,,
-32.482851,152.412495,UOF1801,21,0.9,9,2022,12,26,20,MB,,,,
-32.490392,152.395558,UOF1801,21,0.8,10,2022,12,26,21,MB,,,,
-32.500075,152.380833,UOF1801,0,0.9,8,2022,12,26,22,MB,,,,
-32.50724,152.361455,UOF1801,15,0.8,10,2022,12,26,23,MB,,,,
-32.517094,152.349807,UOF1801,8,0.9,9,2022,12,27,0,MB,,,,
-32.538444,152.316238,UOF1801,4,0.9,9,2022,12,27,1,MB,,,,
-32.543944,152.307032,UOF1801,1,0.9,9,2022,12,27,2,MB,,,,
-32.549074,152.30749,UOF1801,4,0.9,8,2022,12,27,3,MB,,,,
-32.549055,152.30749,UOF1801,14,0.7,11,2022,12,27,4,MB,,,,
-32.541706,152.310312,UOF1801,7,1.2,8,2022,12,27,5,MB,,,,
-32.511767,152.320154,UOF1801,0,0.9,8,2022,12,27,6,MB,,,,
-32.499839,152.319849,UOF1801,0,1.3,6,2022,12,27,8,MB,,,,
-32.499979,152.319849,UOF1801,27,1.1,7,2022,12,27,9,MB,,,,
-32.499979,152.3199,UOF1801,13,0.9,9,2022,12,27,10,MB,,,,
-32.499852,152.319875,UOF1801,0,1.1,9,2022,12,27,11,MB,,,,
-32.499846,152.319747,UOF1801,7,0.7,11,2022,12,27,12,MB,,,,
-32.499909,152.319722,UOF1801,9,0.7,11,2022,12,27,13,MB,,,,
-32.499877,152.319722,UOF1801,10,0.7,11,2022,12,27,14,MB,,,,
-32.499941,152.319569,UOF1801,9,0.8,10,2022,12,27,15,MB,,,,
-32.499998,152.31962,UOF1801,6,0.8,9,2022,12,27,16,MB,,,,
-32.499941,152.319646,UOF1801,19,0.9,8,2022,12,27,17,MB,,,,
-32.499986,152.319544,UOF1801,3,0.8,9,2022,12,27,18,MB,,,,
-32.499954,152.319544,UOF1801,18,1,8,2022,12,27,19,MB,,,,
-32.499903,152.31962,UOF1801,19,0.9,9,2022,12,27,20,MB,,,,
-32.511716,152.320434,UOF1801,25,1.1,7,2022,12,27,21,MB,,,,
-32.528659,152.322469,UOF1801,0,0.8,9,2022,12,27,22,MB,,,,
-32.528774,152.322596,UOF1801,38,0.8,10,2022,12,27,23,MB,,,,
-32.540161,152.314254,UOF1801,14,0.9,8,2022,12,28,0,MB,,,,
-32.544102,152.306345,UOF1801,0,0.9,8,2022,12,28,1,MB,,,,
-32.555775,152.302607,UOF1801,13,1.2,8,2022,12,28,2,MB,,,,
-32.528519,152.322952,UOF1801,26,0.7,11,2022,12,28,3,MB,,,,
-32.52864,152.322647,UOF1801,10,0.7,10,2022,12,28,4,MB,,,,
-32.528666,152.322469,UOF1801,0,1.2,8,2022,12,28,5,MB,,,,
-32.545743,152.308558,UOF1801,12,1.2,7,2022,12,28,6,MB,,,,
-32.521303,152.335235,UOF1801,31,0.8,9,2022,12,28,7,MB,,,,
-32.514431,152.349121,UOF1801,0,1,7,2022,12,28,8,MB,,,,
-32.514494,152.349171,UOF1801,0,1.3,6,2022,12,28,9,MB,,,,
-32.514589,152.349146,UOF1801,4,1.1,7,2022,12,28,10,MB,,,,
-32.514545,152.349171,UOF1801,0,1.3,7,2022,12,28,11,MB,,,,
-32.514659,152.349171,UOF1801,0,0.9,9,2022,12,28,12,MB,,,,
-32.514704,152.34907,UOF1801,0,1.2,9,2022,12,28,13,MB,,,,
-32.514526,152.349146,UOF1801,0,1.1,9,2022,12,28,14,MB,,,,
-32.514539,152.349121,UOF1801,3,0.9,9,2022,12,28,15,MB,,,,
-32.514685,152.349095,UOF1801,10,1.2,6,2022,12,28,16,MB,,,,
-32.514437,152.349121,UOF1801,0,1,8,2022,12,28,17,MB,,,,
-32.514437,152.349197,UOF1801,7,0.8,9,2022,12,28,18,MB,,,,
-32.514615,152.34907,UOF1801,0,0.9,8,2022,12,28,19,MB,,,,
-32.514481,152.349095,UOF1801,4,1.5,7,2022,12,28,20,MB,,,,
-32.523211,152.338974,UOF1801,22,0.8,9,2022,12,28,21,MB,,,,
-32.525722,152.336481,UOF1801,0,0.8,9,2022,12,28,22,MB,,,,
-32.544306,152.307032,UOF1801,14,0.8,10,2022,12,28,23,MB,,,,
-32.544338,152.307006,UOF1801,3,0.9,8,2022,12,29,0,MB,,,,
-32.549132,152.307413,UOF1801,0,0.9,9,2022,12,29,1,MB,,,,
-32.543327,152.307439,UOF1801,4,1.1,8,2022,12,29,2,MB,,,,
-32.524457,152.322748,UOF1801,12,0.8,10,2022,12,29,3,MB,,,,
-32.509497,152.319468,UOF1801,2,0.8,10,2022,12,29,4,MB,,,,
-32.506248,152.314305,UOF1801,0,1.3,7,2022,12,29,5,MB,,,,
-32.489705,152.341262,UOF1801,15,1,8,2022,12,29,6,MB,,,,
-32.472431,152.387929,UOF1801,5,0.8,10,2022,12,29,7,MB,,,,
-32.472901,152.435358,UOF1801,6,1.1,7,2022,12,29,8,MB,,,,
-32.479971,152.413004,UOF1801,26,1,7,2022,12,29,9,MB,,,,
-32.479927,152.413004,UOF1801,28,0.9,9,2022,12,29,10,MB,,,,
-32.479901,152.413004,UOF1801,0,1.2,8,2022,12,29,11,MB,,,,
-32.479946,152.413055,UOF1801,30,1.1,8,2022,12,29,12,MB,,,,
-32.480009,152.412953,UOF1801,24,0.9,9,2022,12,29,13,MB,,,,
-32.479952,152.412979,UOF1801,19,1.5,7,2022,12,29,14,MB,,,,
-32.47999,152.412953,UOF1801,20,0.9,9,2022,12,29,15,MB,,,,
-32.480066,152.413004,UOF1801,8,1.2,6,2022,12,29,16,MB,,,,
-32.479958,152.41303,UOF1801,13,1,8,2022,12,29,17,MB,,,,
-32.479685,152.413182,UOF1801,43,1.2,7,2022,12,29,18,MB,,,,
-32.479895,152.412928,UOF1801,22,1,8,2022,12,29,19,MB,,,,
-32.481338,152.410181,UOF1801,46,1,8,2022,12,29,20,MB,,,,
-32.494569,152.393091,UOF1801,11,0.8,9,2022,12,29,21,MB,,,,
-32.509262,152.359725,UOF1801,3,0.9,8,2022,12,29,22,MB,,,,
-32.509217,152.3597,UOF1801,9,0.8,9,2022,12,29,23,MB,,,,
-32.515225,152.352834,UOF1801,9,0.8,10,2022,12,30,0,MB,,,,
-32.543308,152.310033,UOF1801,0,0.9,9,2022,12,30,1,MB,,,,
-32.543187,152.307108,UOF1801,36,1,8,2022,12,30,2,MB,,,,
-32.543022,152.307083,UOF1801,26,0.7,11,2022,12,30,3,MB,,,,
-32.556507,152.302124,UOF1801,1,0.7,11,2022,12,30,4,MB,,,,
-32.56137,152.300064,UOF1801,18,1.1,8,2022,12,30,5,MB,,,,
-32.569814,152.294164,UOF1801,8,0.8,9,2022,12,30,6,MB,,,,
-32.537459,152.32046,UOF1801,9,0.8,10,2022,12,30,7,MB,,,,
-32.523948,152.32257,UOF1801,0,0.9,8,2022,12,30,8,MB,,,,
-32.528564,152.322647,UOF1801,0,0.9,8,2022,12,30,9,MB,,,,
-32.52761,152.322163,UOF1801,21,0.8,10,2022,12,30,10,MB,,,,
-32.541979,152.316365,UOF1801,0,1.5,6,2022,12,30,11,MB,,,,
-32.542081,152.316391,UOF1801,3,1.2,6,2022,12,30,12,MB,,,,
-32.542049,152.316391,UOF1801,5,1.6,7,2022,12,30,13,MB,,,,
-32.542106,152.316391,UOF1801,0,1,10,2022,12,30,14,MB,,,,
-32.542151,152.316441,UOF1801,0,1.2,8,2022,12,30,15,MB,,,,
-32.542074,152.316416,UOF1801,4,0.9,8,2022,12,30,16,MB,,,,
-32.542074,152.316416,UOF1801,9,1.1,6,2022,12,30,17,MB,,,,
-32.542043,152.316365,UOF1801,21,0.9,8,2022,12,30,18,MB,,,,
-32.542062,152.31634,UOF1801,1,0.9,9,2022,12,30,19,MB,,,,
-32.542049,152.31634,UOF1801,6,1,8,2022,12,30,20,MB,,,,
-32.54203,152.316467,UOF1801,35,0.8,9,2022,12,30,21,MB,,,,
-32.54456,152.30693,UOF1801,0,0.8,9,2022,12,30,22,MB,,,,
-32.543492,152.306294,UOF1801,32,0.8,9,2022,12,30,23,MB,,,,
-32.543486,152.306167,UOF1801,11,0.9,8,2022,12,31,0,MB,,,,
-32.542806,152.309448,UOF1801,0,0.9,9,2022,12,31,1,MB,,,,
-32.548992,152.307388,UOF1801,0,0.9,8,2022,12,31,2,MB,,,,
-32.527254,152.322291,UOF1801,8,0.7,11,2022,12,31,3,MB,,,,
-32.509255,152.319442,UOF1801,0,0.8,10,2022,12,31,4,MB,,,,
-32.509071,152.319137,UOF1801,14,0.8,10,2022,12,31,5,MB,,,,
-32.499362,152.308456,UOF1801,6,0.9,8,2022,12,31,6,MB,,,,
-32.490023,152.331573,UOF1801,0,1.1,8,2022,12,31,7,MB,,,,
-32.483233,152.347849,UOF1801,0,1.1,7,2022,12,31,8,MB,,,,
-32.484377,152.348129,UOF1801,8,0.8,9,2022,12,31,9,MB,,,,
-32.484269,152.34818,UOF1801,29,0.8,10,2022,12,31,10,MB,,,,
-32.484263,152.348129,UOF1801,0,1,9,2022,12,31,11,MB,,,,
-32.484313,152.348154,UOF1801,6,0.7,11,2022,12,31,12,MB,,,,
-32.484186,152.347951,UOF1801,0,1.3,6,2022,12,31,13,MB,,,,
-32.484205,152.348205,UOF1801,7,1.1,10,2022,12,31,14,MB,,,,
-32.484301,152.348154,UOF1801,10,0.9,9,2022,12,31,15,MB,,,,
-32.500958,152.331446,UOF1801,15,0.9,9,2022,12,31,16,MB,,,,
-32.509618,152.319391,UOF1801,5,0.9,8,2022,12,31,17,MB,,,,
-32.509611,152.31929,UOF1801,10,0.7,11,2022,12,31,18,MB,,,,
-32.509719,152.31929,UOF1801,21,1.1,8,2022,12,31,19,MB,,,,
-32.509599,152.319366,UOF1801,9,1.1,8,2022,12,31,20,MB,,,,
-32.522416,152.323104,UOF1801,18,0.9,9,2022,12,31,21,MB,,,,
-32.529422,152.322672,UOF1801,3,0.9,9,2022,12,31,22,MB,,,,
-32.529295,152.32257,UOF1801,1,1.2,7,2022,12,31,23,MB,,,,
-32.544185,152.307896,UOF1801,16,1,8,2023,1,1,0,MB,,,,
-32.543835,152.307286,UOF1801,0,0.8,9,2023,1,1,1,MB,,,,
-32.542837,152.310618,UOF1801,13,1.3,6,2023,1,1,2,MB,,,,
-32.544134,152.307795,UOF1801,12,0.7,10,2023,1,1,3,MB,,,,
-32.544312,152.308024,UOF1801,0,1,8,2023,1,1,4,MB,,,,
-32.547002,152.308074,UOF1801,4,0.9,9,2023,1,1,5,MB,,,,
-32.533313,152.327072,UOF1801,8,0.8,9,2023,1,1,6,MB,,,,
-32.513718,152.348485,UOF1801,2,0.8,9,2023,1,1,7,MB,,,,
-32.500685,152.367787,UOF1801,0,0.9,8,2023,1,1,8,MB,,,,
-32.506572,152.358912,UOF1801,7,1.2,6,2023,1,1,9,MB,,,,
-32.499553,152.372212,UOF1801,14,1.1,8,2023,1,1,10,MB,,,,
-32.498892,152.369237,UOF1801,0,1.2,8,2023,1,1,11,MB,,,,
-32.498949,152.36916,UOF1801,10,0.8,11,2023,1,1,12,MB,,,,
-32.498924,152.369237,UOF1801,16,0.9,9,2023,1,1,13,MB,,,,
-32.498924,152.369135,UOF1801,7,1.1,9,2023,1,1,14,MB,,,,
-32.498975,152.369288,UOF1801,6,0.8,10,2023,1,1,15,MB,,,,
-32.498892,152.369237,UOF1801,79,0.7,10,2023,1,1,16,MB,,,,
-32.498917,152.369211,UOF1801,4,0.9,8,2023,1,1,17,MB,,,,
-32.497843,152.36944,UOF1801,8,0.8,10,2023,1,1,18,MB,,,,
-32.497798,152.369517,UOF1801,8,0.9,9,2023,1,1,19,MB,,,,
-32.497786,152.369491,UOF1801,27,0.8,10,2023,1,1,20,MB,,,,
-32.498078,152.369491,UOF1801,10,0.9,8,2023,1,1,21,MB,,,,
-32.498002,152.369313,UOF1801,14,0.8,8,2023,1,1,22,MB,,,,
-32.497754,152.36944,UOF1801,2,1.2,6,2023,1,1,23,MB,,,,
-32.498485,152.369288,UOF1801,0,1,8,2023,1,2,0,MB,,,,
-32.506293,152.363896,UOF1801,13,0.8,9,2023,1,2,1,MB,,,,
-32.539722,152.320231,UOF1801,2,0.9,8,2023,1,2,2,MB,,,,
-32.543759,152.305964,UOF1801,16,0.8,9,2023,1,2,3,MB,,,,
-32.543378,152.307566,UOF1801,37,0.8,10,2023,1,2,4,MB,,,,
-32.543861,152.306294,UOF1801,10,0.8,10,2023,1,2,5,MB,,,,
-32.553404,152.305938,UOF1801,0,0.9,8,2023,1,2,6,MB,,,,
-32.527979,152.321757,UOF1801,0,1.3,6,2023,1,2,7,MB,,,,
-32.509541,152.335744,UOF1801,5,1.1,7,2023,1,2,8,MB,,,,
-32.500075,152.3553,UOF1801,18,0.8,9,2023,1,2,9,MB,,,,
-32.497239,152.36883,UOF1801,15,0.8,10,2023,1,2,10,MB,,,,
-32.497188,152.369135,UOF1801,0,1.2,8,2023,1,2,11,MB,,,,
-32.497309,152.369237,UOF1801,7,0.7,12,2023,1,2,12,MB,,,,
-32.497315,152.36916,UOF1801,4,0.9,9,2023,1,2,13,MB,,,,
-32.498243,152.368855,UOF1801,6,1,10,2023,1,2,14,MB,,,,
-32.498218,152.368881,UOF1801,7,0.7,11,2023,1,2,15,MB,,,,
-32.498167,152.36883,UOF1801,8,0.8,9,2023,1,2,16,MB,,,,
-32.498186,152.368804,UOF1801,8,0.9,8,2023,1,2,17,MB,,,,
-32.498294,152.369237,UOF1801,20,1.2,7,2023,1,2,18,MB,,,,
-32.497798,152.369593,UOF1801,52,1,7,2023,1,2,19,MB,,,,
-32.49797,152.369389,UOF1801,30,1,8,2023,1,2,20,MB,,,,
-32.498015,152.369364,UOF1801,8,0.8,9,2023,1,2,21,MB,,,,
-32.497805,152.369517,UOF1801,4,0.8,9,2023,1,2,22,MB,,,,
-32.497932,152.369288,UOF1801,6,1.2,7,2023,1,2,23,MB,,,,
-32.498294,152.369135,UOF1801,0,1.1,7,2023,1,3,0,MB,,,,
-32.499369,152.370101,UOF1801,2,0.7,10,2023,1,3,1,MB,,,,
-32.483264,152.398025,UOF1801,21,0.9,8,2023,1,3,2,MB,,,,
-32.457464,152.430018,UOF1801,75,0.8,10,2023,1,3,3,MB,,,,
-32.462926,152.383936,UOF1801,8,0.8,10,2023,1,3,5,MB,,,,
-32.4732,152.374247,UOF1801,12,0.7,10,2023,1,3,6,MB,,,,
-32.508931,152.320638,UOF1801,11,0.9,9,2023,1,3,7,MB,,,,
-32.528195,152.322494,UOF1801,0,1.4,6,2023,1,3,8,MB,,,,
-32.528602,152.32257,UOF1801,0,0.8,9,2023,1,3,9,MB,,,,
-32.52775,152.322163,UOF1801,1,0.9,9,2023,1,3,10,MB,,,,
-32.528545,152.322596,UOF1801,8,1,9,2023,1,3,11,MB,,,,
-32.528786,152.32257,UOF1801,0,0.9,9,2023,1,3,12,MB,,,,
-32.528653,152.32257,UOF1801,6,0.7,11,2023,1,3,13,MB,,,,
-32.528628,152.322545,UOF1801,4,0.9,11,2023,1,3,14,MB,,,,
-32.528691,152.322723,UOF1801,11,0.7,11,2023,1,3,15,MB,,,,
-32.528755,152.322621,UOF1801,0,0.7,11,2023,1,3,16,MB,,,,
-32.52864,152.32257,UOF1801,0,1.1,7,2023,1,3,17,MB,,,,
-32.528869,152.322418,UOF1801,2,1,7,2023,1,3,18,MB,,,,
-32.52934,152.322545,UOF1801,5,1,8,2023,1,3,19,MB,,,,
-32.542055,152.310211,UOF1801,22,0.8,10,2023,1,3,20,MB,,,,
-32.544954,152.309015,UOF1801,4,0.9,8,2023,1,3,21,MB,,,,
-32.544751,152.309117,UOF1801,26,0.8,9,2023,1,3,22,MB,,,,
-32.543518,152.309244,UOF1801,0,1.3,6,2023,1,3,23,MB,,,,
-32.543378,152.309168,UOF1801,0,1.1,7,2023,1,4,0,MB,,,,
-32.543499,152.309397,UOF1801,12,0.9,9,2023,1,4,1,MB,,,,
-32.53873,152.316772,UOF1801,10,0.9,8,2023,1,4,2,MB,,,,
-32.527356,152.322113,UOF1801,55,0.7,10,2023,1,4,3,MB,,,,
-32.524876,152.322825,UOF1801,0,0.8,10,2023,1,4,4,MB,,,,
-32.488828,152.306193,UOF1801,21,0.8,10,2023,1,4,5,MB,,,,
-32.508537,152.328038,UOF1801,2,0.9,8,2023,1,4,7,MB,,,,
-32.509497,152.330632,UOF1801,1,0.9,9,2023,1,4,8,MB,,,,
-32.509611,152.330632,UOF1801,2,0.8,10,2023,1,4,9,MB,,,,
-32.509579,152.330632,UOF1801,11,0.8,10,2023,1,4,10,MB,,,,
-32.509586,152.330708,UOF1801,0,0.8,10,2023,1,4,11,MB,,,,
-32.509662,152.330632,UOF1801,0,0.9,9,2023,1,4,12,MB,,,,
-32.509599,152.330632,UOF1801,11,0.9,9,2023,1,4,13,MB,,,,
-32.528767,152.32257,UOF1801,12,1,10,2023,1,4,14,MB,,,,
-32.529333,152.322621,UOF1801,0,0.8,10,2023,1,4,15,MB,,,,
-32.529276,152.322621,UOF1801,5,0.8,9,2023,1,4,16,MB,,,,
-32.529391,152.322392,UOF1801,30,1.2,7,2023,1,4,17,MB,,,,
-32.529244,152.322621,UOF1801,13,1,8,2023,1,4,18,MB,,,,
-32.528685,152.324096,UOF1801,0,1.3,6,2023,1,4,19,MB,,,,
-32.528767,152.324249,UOF1801,32,0.9,9,2023,1,4,20,MB,,,,
-32.528659,152.32402,UOF1801,0,1.5,7,2023,1,4,21,MB,,,,
-32.528545,152.323766,UOF1801,0,1.4,7,2023,1,4,22,MB,,,,
-32.528583,152.324325,UOF1801,5,1.1,7,2023,1,4,23,MB,,,,
-32.544338,152.309855,UOF1801,52,1,8,2023,1,5,0,MB,,,,
-32.544548,152.307032,UOF1801,0,1,7,2023,1,5,1,MB,,,,
-32.544573,152.307057,UOF1801,0,0.9,8,2023,1,5,2,MB,,,,
-32.544605,152.307057,UOF1801,5,0.9,8,2023,1,5,3,MB,,,,
-32.544567,152.306955,UOF1801,0,1,7,2023,1,5,4,MB,,,,
-32.561224,152.300394,UOF1801,4,0.8,10,2023,1,5,5,MB,,,,
-32.542348,152.310618,UOF1801,10,0.9,9,2023,1,5,6,MB,,,,
-32.52124,152.335235,UOF1801,23,1,7,2023,1,5,7,MB,,,,
-32.514984,152.350112,UOF1801,36,1,7,2023,1,5,8,MB,,,,
-32.509656,152.349909,UOF1801,32,0.8,10,2023,1,5,9,MB,,,,
-32.512917,152.35324,UOF1801,41,1,8,2023,1,5,10,MB,,,,
-32.507583,152.361836,UOF1801,13,1,9,2023,1,5,11,MB,,,,
-32.507818,152.361989,UOF1801,25,0.8,11,2023,1,5,12,MB,,,,
-32.507767,152.362014,UOF1801,29,0.7,11,2023,1,5,13,MB,,,,
-32.507774,152.362116,UOF1801,28,0.9,11,2023,1,5,14,MB,,,,
-32.50778,152.362014,UOF1801,19,0.8,9,2023,1,5,15,MB,,,,
-32.507767,152.362014,UOF1801,21,0.8,10,2023,1,5,16,MB,,,,
-32.507767,152.362014,UOF1801,22,0.7,10,2023,1,5,17,MB,,,,
-32.507787,152.361963,UOF1801,23,0.8,9,2023,1,5,18,MB,,,,
-32.507742,152.362065,UOF1801,26,0.9,9,2023,1,5,19,MB,,,,
-32.507755,152.362091,UOF1801,30,0.8,10,2023,1,5,20,MB,,,,
-32.508104,152.360336,UOF1801,0,1.1,7,2023,1,5,21,MB,,,,
-32.507755,152.362014,UOF1801,21,0.9,9,2023,1,5,22,MB,,,,
-32.507761,152.361963,UOF1801,31,1,8,2023,1,5,23,MB,,,,
-32.477695,152.399169,UOF1801,21,0.8,10,2023,1,6,0,MB,,,,
-32.476964,152.419464,UOF1801,62,0.9,9,2023,1,6,1,MB,,,,
-32.463008,152.383809,UOF1801,45,0.7,10,2023,1,6,2,MB,,,,
-32.457096,152.37857,UOF1801,3,0.7,12,2023,1,6,3,MB,,,,
-32.457064,152.378494,UOF1801,23,0.9,9,2023,1,6,4,MB,,,,
-32.461711,152.384826,UOF1801,27,0.8,10,2023,1,6,5,MB,,,,
-32.495065,152.335311,UOF1801,10,0.7,10,2023,1,6,6,MB,,,,
-32.528265,152.322926,UOF1801,31,0.9,8,2023,1,6,7,MB,,,,
-32.543231,152.309397,UOF1801,0,1.5,6,2023,1,6,8,MB,,,,
-32.543708,152.309066,UOF1801,4,1,8,2023,1,6,9,MB,,,,
-32.548445,152.307184,UOF1801,11,0.8,11,2023,1,6,10,MB,,,,
-32.544974,152.307134,UOF1801,0,1.4,6,2023,1,6,11,MB,,,,
-32.545113,152.307134,UOF1801,9,0.9,9,2023,1,6,12,MB,,,,
-32.544134,152.307286,UOF1801,8,0.8,10,2023,1,6,13,MB,,,,
-32.545914,152.308965,UOF1801,0,1,10,2023,1,6,14,MB,,,,
-32.544268,152.307032,UOF1801,8,0.8,10,2023,1,6,15,MB,,,,
-32.544528,152.307006,UOF1801,0,0.9,9,2023,1,6,16,MB,,,,
-32.544522,152.307134,UOF1801,5,0.7,10,2023,1,6,17,MB,,,,
-32.544528,152.307134,UOF1801,2,0.8,9,2023,1,6,18,MB,,,,
-32.544592,152.307184,UOF1801,13,0.8,10,2023,1,6,19,MB,,,,
-32.543619,152.309295,UOF1801,12,0.8,10,2023,1,6,20,MB,,,,
-32.54388,152.309168,UOF1801,0,0.9,8,2023,1,6,21,MB,,,,
-32.544077,152.313593,UOF1801,0,0.9,8,2023,1,6,22,MB,,,,
-32.535513,152.322723,UOF1801,48,1,7,2023,1,6,23,MB,,,,
-32.53241,152.325673,UOF1801,42,1,8,2023,1,7,0,MB,,,,
-32.530738,152.328648,UOF1801,29,0.9,9,2023,1,7,1,MB,,,,
-32.529066,152.329233,UOF1801,14,1.1,7,2023,1,7,2,MB,,,,
-32.535303,152.322189,UOF1801,1,0.8,10,2023,1,7,3,MB,,,,
-32.522359,152.322977,UOF1801,2,0.9,9,2023,1,7,4,MB,,,,
-32.503902,152.313059,UOF1801,25,0.8,10,2023,1,7,5,MB,,,,
-32.505307,152.317408,UOF1801,0,0.9,9,2023,1,7,6,MB,,,,
-32.542335,152.309575,UOF1801,0,1.1,7,2023,1,7,8,MB,,,,
-32.544331,152.309549,UOF1801,17,0.9,9,2023,1,7,9,MB,,,,
-32.544331,152.309448,UOF1801,0,1.6,6,2023,1,7,10,MB,,,,
-32.544389,152.309473,UOF1801,0,0.8,10,2023,1,7,11,MB,,,,
-32.544427,152.309524,UOF1801,0,1.2,6,2023,1,7,12,MB,,,,
-32.542666,152.310592,UOF1801,15,0.8,10,2023,1,7,13,MB,,,,
-32.544611,152.307032,UOF1801,3,0.9,11,2023,1,7,14,MB,,,,
-32.544694,152.307184,UOF1801,7,0.7,11,2023,1,7,15,MB,,,,
-32.544668,152.307057,UOF1801,0,1,7,2023,1,7,16,MB,,,,
-32.544637,152.307057,UOF1801,1,0.8,9,2023,1,7,17,MB,,,,
-32.543874,152.307362,UOF1801,18,0.8,9,2023,1,7,18,MB,,,,
-32.543651,152.309015,UOF1801,20,1.5,7,2023,1,7,19,MB,,,,
-32.544198,152.306091,UOF1801,10,0.9,9,2023,1,7,20,MB,,,,
-32.548934,152.30749,UOF1801,0,1,7,2023,1,7,21,MB,,,,
-32.548903,152.307566,UOF1801,12,1,8,2023,1,7,22,MB,,,,
-32.548699,152.307642,UOF1801,17,1,7,2023,1,7,23,MB,,,,
-32.543963,152.314458,UOF1801,4,1.1,7,2023,1,8,0,MB,,,,
-32.54442,152.306981,UOF1801,6,1.2,8,2023,1,8,1,MB,,,,
-32.544446,152.307134,UOF1801,31,0.8,9,2023,1,8,2,MB,,,,
-32.54444,152.306981,UOF1801,0,0.8,10,2023,1,8,3,MB,,,,
-32.544478,152.307006,UOF1801,0,0.9,9,2023,1,8,4,MB,,,,
-32.54456,152.307032,UOF1801,0,0.8,10,2023,1,8,5,MB,,,,
-32.550276,152.309219,UOF1801,10,0.7,11,2023,1,8,6,MB,,,,
-32.50916,152.318603,UOF1801,5,0.9,8,2023,1,8,7,MB,,,,
-32.482654,152.352554,UOF1801,4,1.1,7,2023,1,8,8,MB,,,,
-32.480562,152.355478,UOF1801,15,1.1,8,2023,1,8,9,MB,,,,
-32.472342,152.387954,UOF1801,6,0.8,11,2023,1,8,10,MB,,,,
-32.480397,152.410817,UOF1801,63,1,8,2023,1,8,11,MB,,,,
-32.492668,152.395736,UOF1801,11,0.7,11,2023,1,8,12,MB,,,,
-32.49364,152.392023,UOF1801,15,0.8,10,2023,1,8,13,MB,,,,
-32.493488,152.3921,UOF1801,0,1.1,8,2023,1,8,14,MB,,,,
-32.493494,152.392074,UOF1801,8,0.9,9,2023,1,8,15,MB,,,,
-32.493583,152.392049,UOF1801,12,0.9,8,2023,1,8,16,MB,,,,
-32.493539,152.392023,UOF1801,12,0.9,9,2023,1,8,17,MB,,,,
-32.498224,152.385131,UOF1801,0,0.8,9,2023,1,8,18,MB,,,,
-32.50078,152.369059,UOF1801,12,1.1,8,2023,1,8,19,MB,,,,
-32.501899,152.343627,UOF1801,21,0.8,10,2023,1,8,20,MB,,,,
-32.5329,152.321299,UOF1801,0,1,8,2023,1,8,21,MB,,,,
-32.543689,152.30899,UOF1801,2,0.8,10,2023,1,8,22,MB,,,,
-32.543721,152.308965,UOF1801,13,1,8,2023,1,8,23,MB,,,,
-32.549093,152.306955,UOF1801,0,1.3,7,2023,1,9,0,MB,,,,
-32.542437,152.310567,UOF1801,0,1,8,2023,1,9,1,MB,,,,
-32.542971,152.310033,UOF1801,32,0.8,9,2023,1,9,2,MB,,,,
-32.542888,152.310033,UOF1801,9,0.8,9,2023,1,9,3,MB,,,,
-32.542996,152.310033,UOF1801,3,1,8,2023,1,9,4,MB,,,,
-32.550429,152.305862,UOF1801,19,0.7,11,2023,1,9,5,MB,,,,
-32.525747,152.322418,UOF1801,3,0.8,9,2023,1,9,6,MB,,,,
-32.505301,152.325241,UOF1801,8,1.2,6,2023,1,9,7,MB,,,,
-32.505415,152.325393,UOF1801,0,0.9,8,2023,1,9,8,MB,,,,
-32.505485,152.325215,UOF1801,6,0.9,9,2023,1,9,9,MB,,,,
-32.505504,152.325012,UOF1801,54,0.9,9,2023,1,9,10,MB,,,,
-32.505479,152.325113,UOF1801,0,1,8,2023,1,9,11,MB,,,,
-32.505536,152.325215,UOF1801,17,0.7,11,2023,1,9,12,MB,,,,
-32.505542,152.325215,UOF1801,10,1,9,2023,1,9,13,MB,,,,
-32.505625,152.325164,UOF1801,0,1.1,8,2023,1,9,14,MB,,,,
-32.505714,152.325164,UOF1801,0,0.8,10,2023,1,9,15,MB,,,,
-32.50558,152.325113,UOF1801,15,0.9,8,2023,1,9,16,MB,,,,
-32.505568,152.32519,UOF1801,8,0.8,9,2023,1,9,17,MB,,,,
-32.505625,152.325139,UOF1801,0,0.8,9,2023,1,9,18,MB,,,,
-32.509084,152.319671,UOF1801,20,0.7,11,2023,1,9,19,MB,,,,
-32.503533,152.304031,UOF1801,36,0.9,9,2023,1,9,20,MB,,,,
-32.509751,152.319417,UOF1801,0,0.8,9,2023,1,9,21,MB,,,,
-32.515753,152.322901,UOF1801,0,0.8,9,2023,1,9,22,MB,,,,
-32.542526,152.3096,UOF1801,10,0.9,8,2023,1,9,23,MB,,,,
-32.543804,152.309015,UOF1801,13,0.9,9,2023,1,10,0,MB,,,,
-32.542786,152.310084,UOF1801,2,1.2,8,2023,1,10,1,MB,,,,
-32.542602,152.310974,UOF1801,20,0.9,9,2023,1,10,2,MB,,,,
-32.543766,152.306701,UOF1801,8,0.7,11,2023,1,10,3,MB,,,,
-32.54416,152.30782,UOF1801,0,0.9,9,2023,1,10,4,MB,,,,
-32.545705,152.30899,UOF1801,24,0.8,10,2023,1,10,5,MB,,,,
-32.527947,152.33348,UOF1801,7,0.7,11,2023,1,10,6,MB,,,,
-32.503425,152.374374,UOF1801,0,0.9,8,2023,1,10,7,MB,,,,
-32.521252,152.341822,UOF1801,4,1.2,6,2023,1,10,8,MB,,,,
-32.53866,152.316543,UOF1801,9,0.9,9,2023,1,10,9,MB,,,,
-32.53901,152.316696,UOF1801,0,1.3,8,2023,1,10,10,MB,,,,
-32.539061,152.316747,UOF1801,0,0.9,9,2023,1,10,11,MB,,,,
-32.539112,152.31667,UOF1801,0,0.7,11,2023,1,10,12,MB,,,,
-32.539061,152.316772,UOF1801,4,0.9,10,2023,1,10,13,MB,,,,
-32.539048,152.316747,UOF1801,6,1,9,2023,1,10,14,MB,,,,
-32.539054,152.316772,UOF1801,25,1,7,2023,1,10,15,MB,,,,
-32.53908,152.316797,UOF1801,0,1,7,2023,1,10,16,MB,,,,
-32.538991,152.316772,UOF1801,2,0.8,9,2023,1,10,17,MB,,,,
-32.539073,152.316772,UOF1801,15,1,8,2023,1,10,18,MB,,,,
-32.53901,152.316747,UOF1801,11,1.1,7,2023,1,10,19,MB,,,,
-32.538476,152.311025,UOF1801,0,1,7,2023,1,10,20,MB,,,,
-32.544522,152.306218,UOF1801,0,1,7,2023,1,10,21,MB,,,,
-32.543785,152.307896,UOF1801,30,0.8,9,2023,1,10,22,MB,,,,
-32.549227,152.307337,UOF1801,0,1.2,7,2023,1,10,23,MB,,,,
-32.549259,152.307337,UOF1801,4,0.8,10,2023,1,11,0,MB,,,,
-32.549265,152.307668,UOF1801,8,0.9,9,2023,1,11,1,MB,,,,
-32.546779,152.308431,UOF1801,7,0.7,11,2023,1,11,2,MB,,,,
-32.542888,152.309855,UOF1801,8,0.7,11,2023,1,11,3,MB,,,,
-32.517679,152.32224,UOF1801,19,1.3,8,2023,1,11,4,MB,,,,
-32.499248,152.30782,UOF1801,23,1,8,2023,1,11,5,MB,,,,
-32.496444,152.33198,UOF1801,24,1.1,8,2023,1,11,6,MB,,,,
-32.472602,152.388488,UOF1801,23,0.9,8,2023,1,11,7,MB,,,,
-32.48144,152.420862,UOF1801,25,1.3,5,2023,1,11,8,MB,,,,
-32.481198,152.418243,UOF1801,22,1.4,7,2023,1,11,9,MB,,,,
-32.481109,152.418243,UOF1801,0,1.2,8,2023,1,11,10,MB,,,,
-32.481166,152.418218,UOF1801,17,1.1,8,2023,1,11,11,MB,,,,
-32.481249,152.418218,UOF1801,28,0.8,10,2023,1,11,12,MB,,,,
-32.481198,152.418141,UOF1801,26,1.1,9,2023,1,11,13,MB,,,,
-32.481166,152.418243,UOF1801,22,0.7,11,2023,1,11,14,MB,,,,
-32.481268,152.418268,UOF1801,13,0.8,9,2023,1,11,15,MB,,,,
-32.481211,152.418294,UOF1801,27,0.9,8,2023,1,11,16,MB,,,,
-32.481255,152.418218,UOF1801,12,0.9,8,2023,1,11,17,MB,,,,
-32.481166,152.418218,UOF1801,32,1.1,7,2023,1,11,18,MB,,,,
-32.475508,152.425847,UOF1801,7,0.9,8,2023,1,11,19,MB,,,,
-32.491663,152.402348,UOF1801,5,0.9,8,2023,1,11,20,MB,,,,
-32.509052,152.362904,UOF1801,2,1,7,2023,1,11,21,MB,,,,
-32.5178,152.34851,UOF1801,0,1.1,8,2023,1,11,22,MB,,,,
-32.538457,152.318628,UOF1801,22,0.9,8,2023,1,11,23,MB,,,,
-32.5436,152.306218,UOF1801,11,0.9,9,2023,1,12,0,MB,,,,
-32.524126,152.322418,UOF1801,0,1.3,6,2023,1,12,1,MB,,,,
-32.542449,152.310796,UOF1801,25,0.8,10,2023,1,12,2,MB,,,,
-32.549201,152.307337,UOF1801,7,0.6,12,2023,1,12,3,MB,,,,
-32.549615,152.307032,UOF1801,0,0.9,9,2023,1,12,4,MB,,,,
-32.542659,152.31016,UOF1801,11,0.8,9,2023,1,12,5,MB,,,,
-32.543575,152.306218,UOF1801,18,0.8,9,2023,1,12,6,MB,,,,
-32.543613,152.306243,UOF1801,6,0.9,8,2023,1,12,7,MB,,,,
-32.543925,152.306269,UOF1801,10,0.9,8,2023,1,12,8,MB,,,,
-32.544185,152.307871,UOF1801,19,0.8,10,2023,1,12,9,MB,,,,
-32.542767,152.310643,UOF1801,39,1.2,8,2023,1,12,10,MB,,,,
-32.544554,152.30665,UOF1801,15,1.1,8,2023,1,12,11,MB,,,,
-32.544548,152.306701,UOF1801,27,0.7,11,2023,1,12,12,MB,,,,
-32.544459,152.30665,UOF1801,4,1.1,9,2023,1,12,13,MB,,,,
-32.54449,152.306777,UOF1801,20,0.8,10,2023,1,12,14,MB,,,,
-32.543677,152.306727,UOF1801,5,0.8,10,2023,1,12,15,MB,,,,
-32.544427,152.306701,UOF1801,0,1.2,7,2023,1,12,16,MB,,,,
-32.54435,152.306701,UOF1801,0,0.9,8,2023,1,12,17,MB,,,,
-32.544528,152.306828,UOF1801,0,0.9,8,2023,1,12,18,MB,,,,
-32.54257,152.309677,UOF1801,15,0.9,8,2023,1,12,19,MB,,,,
-32.544382,152.306574,UOF1801,1,0.9,8,2023,1,12,20,MB,,,,
-32.544522,152.306828,UOF1801,1,0.9,8,2023,1,12,21,MB,,,,
-32.54292,152.309982,UOF1801,28,0.8,9,2023,1,12,22,MB,,,,
-32.543015,152.310058,UOF1801,16,0.9,8,2023,1,12,23,MB,,,,
-32.550053,152.307871,UOF1801,11,0.9,9,2023,1,13,0,MB,,,,
-32.55006,152.307871,UOF1801,17,1,8,2023,1,13,1,MB,,,,
-32.545501,152.309575,UOF1801,47,0.7,11,2023,1,13,2,MB,,,,
-32.508073,152.322341,UOF1801,1,0.6,12,2023,1,13,3,MB,,,,
-32.471928,152.381291,UOF1801,7,1,9,2023,1,13,4,MB,,,,
-32.456307,152.378087,UOF1801,7,0.8,9,2023,1,13,5,MB,,,,
-32.504557,152.372339,UOF1801,0,0.9,8,2023,1,13,7,MB,,,,
-32.513528,152.353673,UOF1801,5,1.1,9,2023,1,13,8,MB,,,,
-32.497957,152.368957,UOF1801,8,0.8,10,2023,1,13,9,MB,,,,
-32.497849,152.369618,UOF1801,12,1.9,7,2023,1,13,10,MB,,,,
-32.498085,152.369669,UOF1801,0,0.7,11,2023,1,13,11,MB,,,,
-32.497976,152.369618,UOF1801,6,0.7,11,2023,1,13,12,MB,,,,
-32.498046,152.369593,UOF1801,31,0.9,10,2023,1,13,13,MB,,,,
-32.498053,152.369618,UOF1801,0,0.7,11,2023,1,13,14,MB,,,,
-32.497957,152.369618,UOF1801,12,0.8,10,2023,1,13,15,MB,,,,
-32.497938,152.369618,UOF1801,9,1,8,2023,1,13,16,MB,,,,
-32.4979,152.369644,UOF1801,3,0.9,8,2023,1,13,17,MB,,,,
-32.497964,152.369567,UOF1801,11,0.9,8,2023,1,13,18,MB,,,,
-32.506591,152.369059,UOF1801,12,0.8,10,2023,1,13,19,MB,,,,
-32.50628,152.368194,UOF1801,7,0.8,9,2023,1,13,20,MB,,,,
-32.511105,152.359268,UOF1801,0,0.8,9,2023,1,13,21,MB,,,,
-32.541788,152.31049,UOF1801,9,1.1,7,2023,1,13,22,MB,,,,
-32.542704,152.310872,UOF1801,18,1,8,2023,1,13,23,MB,,,,
-32.543791,152.306625,UOF1801,0,0.9,8,2023,1,14,0,MB,,,,
-32.543588,152.307439,UOF1801,35,0.9,9,2023,1,14,1,MB,,,,
-32.543556,152.307337,UOF1801,8,0.7,11,2023,1,14,2,MB,,,,
-32.543403,152.309117,UOF1801,0,0.8,10,2023,1,14,3,MB,,,,
-32.543804,152.309092,UOF1801,0,1.1,7,2023,1,14,4,MB,,,,
-32.543607,152.309193,UOF1801,14,0.8,9,2023,1,14,5,MB,,,,
-32.542742,152.311838,UOF1801,34,0.9,8,2023,1,14,6,MB,,,,
-32.509503,152.320968,UOF1801,0,0.9,8,2023,1,14,7,MB,,,,
-32.509624,152.320841,UOF1801,15,1,8,2023,1,14,8,MB,,,,
-32.509611,152.320714,UOF1801,0,0.8,10,2023,1,14,9,MB,,,,
-32.509592,152.320816,UOF1801,0,1.2,8,2023,1,14,10,MB,,,,
-32.509764,152.319366,UOF1801,0,0.8,10,2023,1,14,11,MB,,,,
-32.509878,152.319417,UOF1801,2,0.8,10,2023,1,14,12,MB,,,,
-32.51012,152.319697,UOF1801,69,1,9,2023,1,14,13,MB,,,,
-32.510025,152.319366,UOF1801,0,0.9,9,2023,1,14,14,MB,,,,
-32.509872,152.319417,UOF1801,5,0.9,9,2023,1,14,15,MB,,,,
-32.509859,152.319519,UOF1801,10,1,8,2023,1,14,16,MB,,,,
-32.509726,152.319493,UOF1801,6,0.8,10,2023,1,14,17,MB,,,,
-32.509815,152.319391,UOF1801,22,1,8,2023,1,14,18,MB,,,,
-32.519002,152.322316,UOF1801,16,0.8,10,2023,1,14,19,MB,,,,
-32.539073,152.3155,UOF1801,4,0.8,9,2023,1,14,20,MB,,,,
-32.524698,152.322977,UOF1801,0,0.8,9,2023,1,14,21,MB,,,,
-32.509815,152.319315,UOF1801,26,0.9,8,2023,1,14,22,MB,,,,
-32.502815,152.305684,UOF1801,20,0.8,9,2023,1,14,23,MB,,,,
-32.504372,152.311838,UOF1801,52,0.8,9,2023,1,15,0,MB,,,,
-32.509573,152.319519,UOF1801,0,0.9,8,2023,1,15,1,MB,,,,
-32.50949,152.319468,UOF1801,8,0.7,11,2023,1,15,2,MB,,,,
-32.528558,152.322341,UOF1801,6,0.7,11,2023,1,15,3,MB,,,,
-32.517915,152.348815,UOF1801,0,0.8,10,2023,1,15,4,MB,,,,
-32.496743,152.38915,UOF1801,3,0.8,9,2023,1,15,5,MB,,,,
-32.496597,152.385665,UOF1801,0,0.9,9,2023,1,15,6,MB,,,,
-32.492064,152.397745,UOF1801,0,1.1,8,2023,1,15,7,MB,,,,
-32.492172,152.397949,UOF1801,13,1.2,6,2023,1,15,8,MB,,,,
-32.492165,152.397923,UOF1801,3,0.8,10,2023,1,15,9,MB,,,,
-32.492146,152.397847,UOF1801,0,1,9,2023,1,15,10,MB,,,,
-32.492172,152.397923,UOF1801,2,0.8,11,2023,1,15,11,MB,,,,
-32.492223,152.397974,UOF1801,0,1,9,2023,1,15,12,MB,,,,
-32.492172,152.397974,UOF1801,5,1,9,2023,1,15,13,MB,,,,
-32.492229,152.397898,UOF1801,0,0.7,11,2023,1,15,14,MB,,,,
-32.492254,152.397923,UOF1801,0,0.7,11,2023,1,15,15,MB,,,,
-32.492191,152.397949,UOF1801,11,1,8,2023,1,15,16,MB,,,,
-32.492229,152.397847,UOF1801,1,0.8,9,2023,1,15,17,MB,,,,
-32.49221,152.397872,UOF1801,0,1,8,2023,1,15,18,MB,,,,
-32.491186,152.404637,UOF1801,0,0.9,9,2023,1,15,19,MB,,,,
-32.501448,152.37857,UOF1801,3,0.8,9,2023,1,15,20,MB,,,,
-32.516757,152.347849,UOF1801,0,0.8,9,2023,1,15,21,MB,,,,
-32.538355,152.316136,UOF1801,6,1,7,2023,1,15,22,MB,,,,
-32.538546,152.316391,UOF1801,25,1.1,8,2023,1,15,23,MB,,,,
-32.524775,152.322647,UOF1801,25,0.8,9,2023,1,16,0,MB,,,,
-32.523942,152.322545,UOF1801,13,0.9,8,2023,1,16,1,MB,,,,
-32.51143,152.320154,UOF1801,27,0.8,9,2023,1,16,2,MB,,,,
-32.510037,152.319569,UOF1801,1,0.9,9,2023,1,16,3,MB,,,,
-32.510578,152.318781,UOF1801,10,1,8,2023,1,16,4,MB,,,,
-32.510597,152.319315,UOF1801,11,0.8,9,2023,1,16,5,MB,,,,
-32.525315,152.323359,UOF1801,0,0.8,9,2023,1,16,6,MB,,,,
-32.538851,152.316416,UOF1801,1,1.2,7,2023,1,16,7,MB,,,,
-32.542392,152.315958,UOF1801,16,1.1,7,2023,1,16,8,MB,,,,
-32.542392,152.315984,UOF1801,1,1.3,7,2023,1,16,9,MB,,,,
-32.542322,152.315907,UOF1801,0,1.2,8,2023,1,16,10,MB,,,,
-32.542475,152.315907,UOF1801,0,0.9,10,2023,1,16,11,MB,,,,
-32.542246,152.316034,UOF1801,0,0.9,8,2023,1,16,12,MB,,,,
-32.542399,152.315984,UOF1801,4,0.9,9,2023,1,16,14,MB,,,,
-32.542373,152.316034,UOF1801,20,0.9,9,2023,1,16,15,MB,,,,
-32.54238,152.316034,UOF1801,13,0.9,9,2023,1,16,16,MB,,,,
-32.542507,152.315958,UOF1801,3,0.9,8,2023,1,16,17,MB,,,,
-32.542392,152.315958,UOF1801,11,1.5,6,2023,1,16,18,MB,,,,
-32.542494,152.316009,UOF1801,0,1,8,2023,1,16,19,MB,,,,
-32.538972,152.31756,UOF1801,2,1.4,7,2023,1,16,20,MB,,,,
-32.524495,152.322825,UOF1801,0,0.7,10,2023,1,16,21,MB,,,,
-32.524495,152.322774,UOF1801,14,1,8,2023,1,16,22,MB,,,,
-32.528984,152.322621,UOF1801,0,1,7,2023,1,16,23,MB,,,,
-32.528233,152.322799,UOF1801,29,0.9,9,2023,1,17,0,MB,,,,
-32.529225,152.322647,UOF1801,0,0.9,9,2023,1,17,1,MB,,,,
-32.527941,152.322697,UOF1801,16,0.7,10,2023,1,17,2,MB,,,,
-32.532099,152.32168,UOF1801,0,0.8,10,2023,1,17,3,MB,,,,
-32.541979,152.310134,UOF1801,10,0.9,9,2023,1,17,4,MB,,,,
-32.509662,152.318705,UOF1801,12,0.7,10,2023,1,17,5,MB,,,,
-32.474999,152.365982,UOF1801,9,0.8,10,2023,1,17,6,MB,,,,
-32.479062,152.42544,UOF1801,0,0.9,8,2023,1,17,7,MB,,,,
-32.495319,152.39009,UOF1801,25,0.9,8,2023,1,17,8,MB,,,,
-32.502967,152.37328,UOF1801,27,1,9,2023,1,17,9,MB,,,,
-32.503285,152.372568,UOF1801,0,1.2,8,2023,1,17,10,MB,,,,
-32.503304,152.372568,UOF1801,0,1,8,2023,1,17,11,MB,,,,
-32.503273,152.372517,UOF1801,16,0.9,9,2023,1,17,12,MB,,,,
-32.50326,152.372568,UOF1801,7,1.2,9,2023,1,17,13,MB,,,,
-32.503349,152.372594,UOF1801,0,0.8,10,2023,1,17,14,MB,,,,
-32.503266,152.372619,UOF1801,0,0.7,11,2023,1,17,15,MB,,,,
-32.503203,152.372594,UOF1801,0,1,8,2023,1,17,16,MB,,,,
-32.503285,152.372594,UOF1801,7,0.8,9,2023,1,17,17,MB,,,,
-32.506649,152.367965,UOF1801,5,1.1,7,2023,1,17,18,MB,,,,
-32.523408,152.340016,UOF1801,7,0.8,10,2023,1,17,19,MB,,,,
-32.525658,152.335439,UOF1801,0,0.8,9,2023,1,17,20,MB,,,,
-32.538895,152.315958,UOF1801,5,0.7,10,2023,1,17,21,MB,,,,
-32.539334,152.317484,UOF1801,10,1,8,2023,1,17,22,MB,,,,
-32.539112,152.317153,UOF1801,9,0.8,9,2023,1,17,23,MB,,,,
-32.527458,152.322316,UOF1801,36,0.8,10,2023,1,18,0,MB,,,,
-32.524546,152.322621,UOF1801,40,0.9,9,2023,1,18,1,MB,,,,
-32.53248,152.321578,UOF1801,27,0.8,10,2023,1,18,2,MB,,,,
-32.530757,152.322443,UOF1801,15,0.8,10,2023,1,18,3,MB,,,,
-32.52693,152.321807,UOF1801,16,0.8,10,2023,1,18,4,MB,,,,
-32.52604,152.322316,UOF1801,4,0.7,10,2023,1,18,5,MB,,,,
-32.51595,152.32491,UOF1801,22,0.9,8,2023,1,18,6,MB,,,,
-32.51623,152.326665,UOF1801,0,0.8,9,2023,1,18,7,MB,,,,
-32.515829,152.326868,UOF1801,0,0.8,9,2023,1,18,8,MB,,,,
-32.515187,152.32463,UOF1801,8,1,8,2023,1,18,9,MB,,,,
-32.52878,152.322469,UOF1801,0,1,9,2023,1,18,10,MB,,,,
-32.528717,152.322494,UOF1801,34,0.7,12,2023,1,18,11,MB,,,,
-32.52864,152.32257,UOF1801,22,1.3,6,2023,1,18,12,MB,,,,
-32.528729,152.32257,UOF1801,3,0.9,11,2023,1,18,13,MB,,,,
-32.525773,152.322392,UOF1801,12,0.7,11,2023,1,18,14,MB,,,,
-32.528736,152.32257,UOF1801,0,1,8,2023,1,18,15,MB,,,,
-32.528647,152.322596,UOF1801,0,0.7,10,2023,1,18,16,MB,,,,
-32.528615,152.322494,UOF1801,0,0.8,9,2023,1,18,17,MB,,,,
-32.528596,152.32257,UOF1801,8,1.1,7,2023,1,18,18,MB,,,,
-32.528717,152.322545,UOF1801,10,0.9,9,2023,1,18,19,MB,,,,
-32.525506,152.322341,UOF1801,1,1,8,2023,1,18,20,MB,,,,
-32.528678,152.322545,UOF1801,0,0.9,8,2023,1,18,21,MB,,,,
-32.539213,152.315602,UOF1801,0,1.2,6,2023,1,18,22,MB,,,,
-32.539182,152.3155,UOF1801,5,1.2,6,2023,1,18,23,MB,,,,
-32.539296,152.315755,UOF1801,34,0.9,9,2023,1,19,0,MB,,,,
-32.538514,152.316543,UOF1801,22,0.8,9,2023,1,19,1,MB,,,,
-32.532627,152.321502,UOF1801,30,0.7,11,2023,1,19,2,MB,,,,
-32.524412,152.322647,UOF1801,0,1.4,7,2023,1,19,3,MB,,,,
-32.524533,152.322647,UOF1801,23,0.8,10,2023,1,19,4,MB,,,,
-32.524718,152.32257,UOF1801,11,0.8,9,2023,1,19,5,MB,,,,
-32.510444,152.319468,UOF1801,0,0.8,9,2023,1,19,6,MB,,,,
-32.508778,152.321172,UOF1801,17,1,8,2023,1,19,7,MB,,,,
-32.512135,152.322596,UOF1801,21,0.8,10,2023,1,19,8,MB,,,,
-32.512173,152.322748,UOF1801,13,0.9,9,2023,1,19,9,MB,,,,
-32.51225,152.322748,UOF1801,8,0.8,10,2023,1,19,10,MB,,,,
-32.512205,152.322774,UOF1801,8,0.7,11,2023,1,19,11,MB,,,,
-32.511964,152.325012,UOF1801,7,0.9,9,2023,1,19,12,MB,,,,
-32.511945,152.324961,UOF1801,28,1,9,2023,1,19,13,MB,,,,
-32.512027,152.325037,UOF1801,0,0.7,11,2023,1,19,14,MB,,,,
-32.511926,152.325037,UOF1801,0,0.8,10,2023,1,19,15,MB,,,,
-32.51183,152.325063,UOF1801,20,0.9,9,2023,1,19,16,MB,,,,
-32.512002,152.324478,UOF1801,13,1,8,2023,1,19,17,MB,,,,
-32.511824,152.324579,UOF1801,19,1.1,7,2023,1,19,18,MB,,,,
-32.529969,152.322799,UOF1801,19,0.9,9,2023,1,19,19,MB,,,,
-32.539093,152.320027,UOF1801,8,0.8,9,2023,1,19,20,MB,,,,
-32.539239,152.317153,UOF1801,0,3.7,3,2023,1,19,21,MB,,,,
-32.539131,152.317662,UOF1801,0,1.2,6,2023,1,19,22,MB,,,,
-32.539563,152.317433,UOF1801,0,1.2,6,2023,1,19,23,MB,,,,
-32.538857,152.316467,UOF1801,75,1.1,7,2023,1,20,0,MB,,,,
-32.52714,152.321909,UOF1801,14,0.7,10,2023,1,20,1,MB,,,,
-32.500075,152.308431,UOF1801,51,0.7,11,2023,1,20,2,MB,,,,
-32.500392,152.30459,UOF1801,23,0.9,9,2023,1,20,3,MB,,,,
-32.509071,152.319849,UOF1801,1,0.8,10,2023,1,20,4,MB,,,,
-32.509484,152.327046,UOF1801,5,0.7,10,2023,1,20,5,MB,,,,
-32.525442,152.323333,UOF1801,0,1,7,2023,1,20,6,MB,,,,
-32.508422,152.3361,UOF1801,37,0.9,8,2023,1,20,7,MB,,,,
-32.505313,152.329869,UOF1801,38,0.8,10,2023,1,20,8,MB,,,,
-32.504182,152.329717,UOF1801,1,1.2,7,2023,1,20,9,MB,,,,
-32.504144,152.329742,UOF1801,0,0.9,9,2023,1,20,10,MB,,,,
-32.50422,152.329717,UOF1801,0,0.7,11,2023,1,20,11,MB,,,,
-32.504163,152.329818,UOF1801,2,0.9,9,2023,1,20,12,MB,,,,
-32.504156,152.329818,UOF1801,21,1,9,2023,1,20,13,MB,,,,
-32.504201,152.329793,UOF1801,0,0.7,11,2023,1,20,14,MB,,,,
-32.504169,152.329818,UOF1801,0,0.8,10,2023,1,20,15,MB,,,,
-32.504786,152.326538,UOF1801,3,0.9,9,2023,1,20,16,MB,,,,
-32.505129,152.326588,UOF1801,11,0.8,9,2023,1,20,17,MB,,,,
-32.504856,152.326538,UOF1801,9,1.5,6,2023,1,20,18,MB,,,,
-32.504849,152.326588,UOF1801,19,0.9,8,2023,1,20,19,MB,,,,
-32.504862,152.326538,UOF1801,5,0.9,8,2023,1,20,20,MB,,,,
-32.527725,152.322214,UOF1801,2,0.8,9,2023,1,20,21,MB,,,,
-32.52445,152.322647,UOF1801,10,1,8,2023,1,20,22,MB,,,,
-32.524482,152.322748,UOF1801,8,1.1,8,2023,1,20,23,MB,,,,
-32.530605,152.322723,UOF1801,29,1,8,2023,1,21,0,MB,,,,
-32.525773,152.322113,UOF1801,0,0.8,8,2023,1,21,1,MB,,,,
-32.527044,152.322291,UOF1801,0,0.7,11,2023,1,21,2,MB,,,,
-32.526905,152.321909,UOF1801,12,0.9,9,2023,1,21,3,MB,,,,
-32.526905,152.321935,UOF1801,16,0.7,11,2023,1,21,4,MB,,,,
-32.527261,152.322316,UOF1801,6,0.7,11,2023,1,21,5,MB,,,,
-32.550352,152.307973,UOF1801,5,0.8,9,2023,1,21,6,MB,,,,
-32.509389,152.3184,UOF1801,0,1,7,2023,1,21,7,MB,,,,
-32.501365,152.314051,UOF1801,19,0.8,10,2023,1,21,8,MB,,,,
-32.502643,152.308405,UOF1801,56,0.8,10,2023,1,21,9,MB,,,,
-32.481948,152.299301,UOF1801,0,0.8,10,2023,1,21,10,MB,,,,
-32.480454,152.292104,UOF1801,6,0.7,12,2023,1,21,11,MB,,,,
-32.480607,152.291214,UOF1801,0,1.7,5,2023,1,21,13,MB,,,,
-32.480473,152.292129,UOF1801,11,1.2,6,2023,1,21,14,MB,,,,
-32.48048,152.292104,UOF1801,21,1.3,5,2023,1,21,15,MB,,,,
-32.480467,152.292205,UOF1801,17,1.1,7,2023,1,21,16,MB,,,,
-32.480492,152.29218,UOF1801,17,1.7,6,2023,1,21,17,MB,,,,
-32.480531,152.292104,UOF1801,62,1.1,8,2023,1,21,18,MB,,,,
-32.48397,152.303548,UOF1801,41,1.8,6,2023,1,21,19,MB,,,,
-32.528462,152.322469,UOF1801,10,0.9,8,2023,1,21,21,MB,,,,
-32.527006,152.321909,UOF1801,3,1.7,5,2023,1,21,22,MB,,,,
-32.524635,152.322647,UOF1801,23,1.7,4,2023,1,21,23,MB,,,,
-32.52445,152.322647,UOF1801,6,1,8,2023,1,22,0,MB,,,,
-32.52447,152.322647,UOF1801,15,0.9,8,2023,1,22,1,MB,,,,
-32.530916,152.322265,UOF1801,17,1,7,2023,1,22,2,MB,,,,
-32.520642,152.343856,UOF1801,8,0.9,9,2023,1,22,3,MB,,,,
-32.495408,152.38536,UOF1801,12,0.9,9,2023,1,22,4,MB,,,,
-32.494861,152.385818,UOF1801,6,0.9,9,2023,1,22,5,MB,,,,
-32.483048,152.416361,UOF1801,0,1,7,2023,1,22,6,MB,,,,
-32.466022,152.423812,UOF1801,36,1.4,6,2023,1,22,7,MB,,,,
-32.457185,152.424601,UOF1801,60,1.2,7,2023,1,22,8,MB,,,,
-32.460701,152.426686,UOF1801,63,1.2,7,2023,1,22,9,MB,,,,
-32.462862,152.422643,UOF1801,6,1.1,8,2023,1,22,10,MB,,,,
-32.462977,152.422515,UOF1801,22,0.8,10,2023,1,22,11,MB,,,,
-32.462958,152.422592,UOF1801,17,0.9,9,2023,1,22,12,MB,,,,
-32.462875,152.422592,UOF1801,32,0.9,10,2023,1,22,13,MB,,,,
-32.462983,152.422693,UOF1801,14,0.8,10,2023,1,22,14,MB,,,,
-32.462767,152.423049,UOF1801,11,1.2,7,2023,1,22,15,MB,,,,
-32.462869,152.423024,UOF1801,21,0.8,10,2023,1,22,16,MB,,,,
-32.463034,152.423889,UOF1801,29,0.8,9,2023,1,22,17,MB,,,,
-32.463002,152.423762,UOF1801,14,1.1,8,2023,1,22,18,MB,,,,
-32.462907,152.422643,UOF1801,40,1,8,2023,1,22,19,MB,,,,
-32.46257,152.421015,UOF1801,11,0.8,9,2023,1,22,20,MB,,,,
-32.463066,152.423812,UOF1801,52,0.8,10,2023,1,22,21,MB,,,,
-32.462945,152.423863,UOF1801,15,1,8,2023,1,22,22,MB,,,,
-32.462977,152.423812,UOF1801,24,1,8,2023,1,22,23,MB,,,,
-32.463078,152.423889,UOF1801,14,0.9,9,2023,1,23,0,MB,,,,
-32.462881,152.422643,UOF1801,31,1.1,7,2023,1,23,1,MB,,,,
-32.462621,152.422617,UOF1801,15,1,7,2023,1,23,2,MB,,,,
-32.4629,152.422617,UOF1801,24,0.9,9,2023,1,23,3,MB,,,,
-32.462938,152.422566,UOF1801,28,0.8,10,2023,1,23,4,MB,,,,
-32.462951,152.422643,UOF1801,23,0.8,9,2023,1,23,5,MB,,,,
-32.461883,152.425643,UOF1801,30,1,7,2023,1,23,6,MB,,,,
-32.462888,152.422693,UOF1801,33,1.1,7,2023,1,23,7,MB,,,,
-32.462996,152.423787,UOF1801,11,1.3,6,2023,1,23,8,MB,,,,
-32.462996,152.423838,UOF1801,0,1.1,8,2023,1,23,9,MB,,,,
-32.462938,152.423838,UOF1801,0,0.9,9,2023,1,23,10,MB,,,,
-32.462945,152.422617,UOF1801,39,0.8,10,2023,1,23,11,MB,,,,
-32.462519,152.420506,UOF1801,0,0.8,10,2023,1,23,12,MB,,,,
-32.47423,152.421422,UOF1801,18,0.9,10,2023,1,23,13,MB,,,,
-32.495128,152.393091,UOF1801,0,0.7,11,2023,1,23,14,MB,,,,
-32.502859,152.375162,UOF1801,3,0.9,8,2023,1,23,15,MB,,,,
-32.509815,152.360438,UOF1801,0,0.9,9,2023,1,23,16,MB,,,,
-32.509853,152.360438,UOF1801,0,1,8,2023,1,23,17,MB,,,,
-32.509821,152.360412,UOF1801,12,1.1,8,2023,1,23,18,MB,,,,
-32.509834,152.360438,UOF1801,10,0.8,10,2023,1,23,19,MB,,,,
-32.536333,152.323562,UOF1801,0,0.9,8,2023,1,23,20,MB,,,,
-32.523859,152.322621,UOF1801,6,0.8,10,2023,1,23,21,MB,,,,
-32.523866,152.322621,UOF1801,20,0.9,9,2023,1,23,22,MB,,,,
-32.526123,152.322341,UOF1801,19,0.8,10,2023,1,23,23,MB,,,,
-32.526135,152.322367,UOF1801,25,0.9,9,2023,1,24,0,MB,,,,
-32.52611,152.322367,UOF1801,20,0.9,9,2023,1,24,1,MB,,,,
-32.524438,152.322672,UOF1801,3,0.7,11,2023,1,24,2,MB,,,,
-32.524482,152.322647,UOF1801,2,1,8,2023,1,24,3,MB,,,,
-32.524444,152.322647,UOF1801,15,0.9,9,2023,1,24,4,MB,,,,
-32.52447,152.322697,UOF1801,10,0.8,9,2023,1,24,5,MB,,,,
-32.512161,152.321197,UOF1801,2,1.1,7,2023,1,24,6,MB,,,,
-32.482807,152.352147,UOF1801,8,1.2,7,2023,1,24,7,MB,,,,
-32.469487,152.364685,UOF1801,27,0.8,10,2023,1,24,8,MB,,,,
-32.469964,152.362218,UOF1801,0,1.4,8,2023,1,24,9,MB,,,,
-32.470021,152.362319,UOF1801,4,1.1,8,2023,1,24,10,MB,,,,
-32.470091,152.362319,UOF1801,0,0.7,11,2023,1,24,11,MB,,,,
-32.470085,152.362218,UOF1801,16,0.7,11,2023,1,24,12,MB,,,,
-32.470066,152.362243,UOF1801,0,1,9,2023,1,24,13,MB,,,,
-32.470104,152.362269,UOF1801,0,0.7,10,2023,1,24,14,MB,,,,
-32.469938,152.362548,UOF1801,35,0.9,8,2023,1,24,15,MB,,,,
-32.469919,152.36237,UOF1801,1,0.9,8,2023,1,24,16,MB,,,,
-32.469907,152.362345,UOF1801,11,1.3,6,2023,1,24,17,MB,,,,
-32.489762,152.341364,UOF1801,54,0.8,10,2023,1,24,18,MB,,,,
-32.518379,152.322036,UOF1801,44,0.9,8,2023,1,24,19,MB,,,,
-32.527432,152.322062,UOF1801,0,1.1,6,2023,1,24,20,MB,,,,
-32.527044,152.321884,UOF1801,23,0.9,8,2023,1,24,21,MB,,,,
-32.524489,152.322672,UOF1801,19,0.8,9,2023,1,24,22,MB,,,,
-32.525271,152.322214,UOF1801,10,0.9,9,2023,1,24,23,MB,,,,
-32.526294,152.322443,UOF1801,26,1,8,2023,1,25,0,MB,,,,
-32.527337,152.322367,UOF1801,26,0.7,11,2023,1,25,1,MB,,,,
-32.524482,152.322723,UOF1801,13,0.7,10,2023,1,25,2,MB,,,,
-32.524406,152.322647,UOF1801,0,0.9,9,2023,1,25,3,MB,,,,
-32.5255,152.322113,UOF1801,8,1,9,2023,1,25,4,MB,,,,
-32.542017,152.309982,UOF1801,5,0.8,9,2023,1,25,5,MB,,,,
-32.527579,152.322672,UOF1801,0,0.9,8,2023,1,25,6,MB,,,,
-32.518627,152.322748,UOF1801,0,1.2,8,2023,1,25,7,MB,,,,
-32.514183,152.325241,UOF1801,0,0.8,10,2023,1,25,8,MB,,,,
-32.514132,152.325164,UOF1801,0,1.3,7,2023,1,25,9,MB,,,,
-32.514157,152.325215,UOF1801,13,1,8,2023,1,25,10,MB,,,,
-32.515956,152.323816,UOF1801,4,0.8,10,2023,1,25,11,MB,,,,
-32.52747,152.32224,UOF1801,33,1.1,9,2023,1,25,12,MB,,,,
-32.526224,152.322214,UOF1801,17,0.9,10,2023,1,25,13,MB,,,,
-32.526282,152.322392,UOF1801,0,0.9,9,2023,1,25,14,MB,,,,
-32.527089,152.322011,UOF1801,0,1.2,7,2023,1,25,15,MB,,,,
-32.526008,152.322291,UOF1801,7,1,7,2023,1,25,16,MB,,,,
-32.526053,152.322265,UOF1801,34,1.4,6,2023,1,25,17,MB,,,,
-32.52583,152.322392,UOF1801,42,1.1,7,2023,1,25,18,MB,,,,
-32.527604,152.322214,UOF1801,69,1,7,2023,1,25,19,MB,,,,
-32.527375,152.322494,UOF1801,0,1.1,7,2023,1,25,20,MB,,,,
-32.524584,152.322774,UOF1801,31,0.8,9,2023,1,25,21,MB,,,,
-32.52611,152.322545,UOF1801,0,1.1,8,2023,1,25,22,MB,,,,
-32.526288,152.322367,UOF1801,14,0.9,9,2023,1,25,23,MB,,,,
-32.526199,152.322392,UOF1801,7,1.2,7,2023,1,26,0,MB,,,,
-32.526192,152.322367,UOF1801,0,1.1,7,2023,1,26,1,MB,,,,
-32.526148,152.322316,UOF1801,10,0.7,11,2023,1,26,2,MB,,,,
-32.524489,152.322621,UOF1801,0,1,8,2023,1,26,3,MB,,,,
-32.524514,152.322647,UOF1801,14,0.9,9,2023,1,26,4,MB,,,,
-32.524482,152.322647,UOF1801,9,1,8,2023,1,26,5,MB,,,,
-32.509249,152.318552,UOF1801,1,1.2,7,2023,1,26,6,MB,,,,
-32.484784,152.304616,UOF1801,21,1,7,2023,1,26,7,MB,,,,
-32.49139,152.307032,UOF1801,16,0.9,8,2023,1,26,8,MB,,,,
-32.509484,152.319137,UOF1801,18,1,9,2023,1,26,9,MB,,,,
-32.526173,152.322367,UOF1801,6,0.7,11,2023,1,26,10,MB,,,,
-32.524864,152.322647,UOF1801,10,0.7,11,2023,1,26,11,MB,,,,
-32.528596,152.322596,UOF1801,9,1,10,2023,1,26,12,MB,,,,
-32.526053,152.32257,UOF1801,14,0.8,10,2023,1,26,13,MB,,,,
-32.526142,152.322545,UOF1801,0,0.7,11,2023,1,26,14,MB,,,,
-32.52618,152.322392,UOF1801,0,1.3,6,2023,1,26,15,MB,,,,
-32.526447,152.322291,UOF1801,5,0.9,8,2023,1,26,16,MB,,,,
-32.526173,152.322265,UOF1801,43,1.1,6,2023,1,26,17,MB,,,,
-32.527706,152.322367,UOF1801,35,0.8,9,2023,1,26,18,MB,,,,
-32.526994,152.322545,UOF1801,132,1,7,2023,1,26,19,MB,,,,
-32.526714,152.322011,UOF1801,0,0.9,7,2023,1,26,20,MB,,,,
-32.526638,152.321858,UOF1801,13,1.1,7,2023,1,26,21,MB,,,,
-32.526148,152.322392,UOF1801,3,1,8,2023,1,26,22,MB,,,,
-32.526142,152.322469,UOF1801,0,1.1,7,2023,1,26,23,MB,,,,
-32.525328,152.322367,UOF1801,26,1,8,2023,1,27,0,MB,,,,
-32.526104,152.322469,UOF1801,7,0.9,9,2023,1,27,1,MB,,,,
-32.527521,152.321985,UOF1801,0,0.7,11,2023,1,27,2,MB,,,,
-32.526542,152.321935,UOF1801,5,1,8,2023,1,27,3,MB,,,,
-32.526015,152.322418,UOF1801,22,1,7,2023,1,27,5,MB,,,,
-32.530554,152.321502,UOF1801,0,3,4,2023,1,27,6,MB,,,,
-32.515963,152.351003,UOF1801,15,1.1,8,2023,1,27,7,MB,,,,
-32.498695,152.381215,UOF1801,39,1.3,7,2023,1,27,8,MB,,,,
-32.495688,152.384699,UOF1801,0,1.3,7,2023,1,27,9,MB,,,,
-32.49694,152.388158,UOF1801,11,0.9,10,2023,1,27,10,MB,,,,
-32.493799,152.393498,UOF1801,24,0.8,9,2023,1,27,11,MB,,,,
-32.493939,152.393295,UOF1801,21,1.3,8,2023,1,27,12,MB,,,,
-32.493971,152.393371,UOF1801,21,1.1,7,2023,1,27,13,MB,,,,
-32.494149,152.393422,UOF1801,0,1.6,6,2023,1,27,14,MB,,,,
-32.493984,152.39332,UOF1801,14,1.3,6,2023,1,27,15,MB,,,,
-32.535297,152.322214,UOF1801,31,1.6,5,2023,2,2,3,MB,,,,
-32.535354,152.322163,UOF1801,0,1.4,5,2023,2,2,4,MB,,,,
-32.535227,152.322214,UOF1801,0,1.8,5,2023,2,2,5,MB,,,,
-32.534884,152.321655,UOF1801,17,1.6,6,2023,2,2,6,MB,,,,
-32.504773,152.319112,UOF1801,12,1.3,6,2023,2,2,7,MB,,,,
-32.504786,152.318756,UOF1801,27,1,9,2023,2,2,8,MB,,,,
-32.504798,152.318705,UOF1801,0,1.3,7,2023,2,2,9,MB,,,,
-32.504817,152.318857,UOF1801,37,1.2,8,2023,2,2,10,MB,,,,
-32.504811,152.318781,UOF1801,19,1.4,7,2023,2,2,11,MB,,,,
-32.504843,152.31873,UOF1801,19,1.5,7,2023,2,2,12,MB,,,,
-32.504875,152.318705,UOF1801,23,1,8,2023,2,2,13,MB,,,,
-32.504837,152.318781,UOF1801,0,1.3,7,2023,2,2,14,MB,,,,
-32.503788,152.320103,UOF1801,16,1,7,2023,2,2,15,MB,,,,
-32.50963,152.318425,UOF1801,17,1.3,5,2023,2,2,16,MB,,,,
-32.510737,152.319137,UOF1801,15,1.8,4,2023,2,2,17,MB,,,,
-32.527133,152.321807,UOF1801,14,1.8,4,2023,2,2,18,MB,,,,
-32.527801,152.322545,UOF1801,24,1.5,4,2023,2,2,19,MB,,,,
-32.528265,152.322087,UOF1801,11,1,6,2023,2,2,20,MB,,,,
-32.538152,152.32046,UOF1801,27,1,7,2023,2,2,21,MB,,,,
-32.536645,152.320841,UOF1801,77,1,7,2023,2,2,22,MB,,,,
-32.536823,152.320968,UOF1801,16,0.9,8,2023,2,2,23,MB,,,,
-32.536759,152.320892,UOF1801,17,1.3,6,2023,2,3,0,MB,,,,
-32.536759,152.320892,UOF1801,20,1,7,2023,2,3,1,MB,,,,
-32.536816,152.320739,UOF1801,17,0.9,8,2023,2,3,2,MB,,,,
-32.536696,152.320561,UOF1801,21,0.9,8,2023,2,3,3,MB,,,,
-32.53716,152.320485,UOF1801,26,0.9,8,2023,2,3,4,MB,,,,
-32.537497,152.320434,UOF1801,15,0.8,9,2023,2,3,5,MB,,,,
-32.534941,152.320231,UOF1801,2,1,7,2023,2,3,6,MB,,,,
-32.509217,152.319417,UOF1801,55,1,8,2023,2,3,7,MB,,,,
-32.502459,152.314458,UOF1801,31,0.8,10,2023,2,3,8,MB,,,,
-32.503654,152.314814,UOF1801,6,0.9,9,2023,2,3,9,MB,,,,
-32.527439,152.322469,UOF1801,31,0.8,11,2023,2,3,10,MB,,,,
-32.538495,152.316441,UOF1801,12,0.9,8,2023,2,3,11,MB,,,,
-32.526262,152.32257,UOF1801,16,1.1,9,2023,2,3,12,MB,,,,
-32.526377,152.322545,UOF1801,13,1,8,2023,2,3,13,MB,,,,
-32.52625,152.322621,UOF1801,0,1.1,7,2023,2,3,14,MB,,,,
-32.527362,152.322494,UOF1801,17,0.8,9,2023,2,3,15,MB,,,,
-32.538514,152.321604,UOF1801,9,1,7,2023,2,3,16,MB,,,,
-32.533733,152.325622,UOF1801,51,1.1,6,2023,2,3,17,MB,,,,
-32.533707,152.325647,UOF1801,23,1,7,2023,2,3,18,MB,,,,
-32.533873,152.32552,UOF1801,0,0.9,8,2023,2,3,19,MB,,,,
-32.535233,152.324681,UOF1801,7,0.9,8,2023,2,3,20,MB,,,,
-32.541445,152.311991,UOF1801,16,1.2,7,2023,2,3,21,MB,,,,
-32.54463,152.305811,UOF1801,14,0.8,9,2023,2,3,22,MB,,,,
-32.539105,152.31489,UOF1801,46,1.2,8,2023,2,3,23,MB,,,,
-32.538342,152.318552,UOF1801,19,0.8,9,2023,2,4,0,MB,,,,
-32.538323,152.318578,UOF1801,21,0.7,11,2023,2,4,1,MB,,,,
-32.538304,152.318552,UOF1801,10,0.9,9,2023,2,4,2,MB,,,,
-32.538304,152.318552,UOF1801,20,0.8,10,2023,2,4,3,MB,,,,
-32.542672,152.311177,UOF1801,10,1.1,7,2023,2,4,4,MB,,,,
-32.542685,152.311101,UOF1801,0,1,8,2023,2,4,5,MB,,,,
-32.542602,152.311152,UOF1801,0,1,7,2023,2,4,6,MB,,,,
-32.53784,152.322265,UOF1801,11,1,8,2023,2,4,7,MB,,,,
-32.540498,152.318985,UOF1801,11,0.7,11,2023,2,4,8,MB,,,,
-32.53866,152.316899,UOF1801,10,0.8,10,2023,2,4,9,MB,,,,
-32.538139,152.321807,UOF1801,22,0.7,12,2023,2,4,10,MB,,,,
-32.537789,152.321095,UOF1801,25,0.7,11,2023,2,4,11,MB,,,,
-32.537789,152.321095,UOF1801,24,0.9,11,2023,2,4,12,MB,,,,
-32.537815,152.321095,UOF1801,30,0.8,10,2023,2,4,13,MB,,,,
-32.542252,152.309855,UOF1801,14,1,8,2023,2,4,14,MB,,,,
-32.542259,152.311279,UOF1801,13,0.8,9,2023,2,4,15,MB,,,,
-32.542284,152.311253,UOF1801,7,0.8,8,2023,2,4,16,MB,,,,
-32.542189,152.311177,UOF1801,22,1.5,6,2023,2,4,17,MB,,,,
-32.543301,152.307718,UOF1801,36,1,8,2023,2,4,18,MB,,,,
-32.551433,152.308507,UOF1801,4,1,7,2023,2,4,19,MB,,,,
-32.545311,152.304158,UOF1801,25,1.1,7,2023,2,4,20,MB,,,,
-32.545794,152.304641,UOF1801,64,1,8,2023,2,4,21,MB,,,,
-32.545813,152.306549,UOF1801,0,1.1,7,2023,2,4,22,MB,,,,
-32.544707,152.305837,UOF1801,45,0.9,9,2023,2,4,23,MB,,,,
-32.527636,152.322316,UOF1801,26,1,8,2023,2,5,0,MB,,,,
-32.509681,152.319366,UOF1801,0,0.7,10,2023,2,5,1,MB,,,,
-32.509745,152.319137,UOF1801,23,0.9,9,2023,2,5,2,MB,,,,
-32.50977,152.319188,UOF1801,5,0.8,10,2023,2,5,3,MB,,,,
-32.509783,152.319366,UOF1801,11,0.7,10,2023,2,5,4,MB,,,,
-32.509834,152.319391,UOF1801,15,0.9,8,2023,2,5,5,MB,,,,
-32.508848,152.320917,UOF1801,24,0.9,8,2023,2,5,6,MB,,,,
-32.532321,152.323689,UOF1801,39,1.4,6,2023,2,5,7,MB,,,,
-32.510857,152.359395,UOF1801,8,0.9,9,2023,2,5,8,MB,,,,
-32.491956,152.398178,UOF1801,4,1.1,8,2023,2,5,9,MB,,,,
-32.491994,152.398152,UOF1801,0,0.9,9,2023,2,5,10,MB,,,,
-32.491917,152.398203,UOF1801,8,0.7,11,2023,2,5,11,MB,,,,
-32.491924,152.398228,UOF1801,1,0.9,11,2023,2,5,12,MB,,,,
-32.491911,152.398228,UOF1801,0,0.8,10,2023,2,5,13,MB,,,,
-32.491949,152.398152,UOF1801,15,1.2,7,2023,2,5,14,MB,,,,
-32.49207,152.398406,UOF1801,1,0.8,9,2023,2,5,15,MB,,,,
-32.49207,152.398457,UOF1801,0,0.8,8,2023,2,5,16,MB,,,,
-32.492165,152.398508,UOF1801,22,1.1,7,2023,2,5,17,MB,,,,
-32.491962,152.398483,UOF1801,7,1.1,6,2023,2,5,18,MB,,,,
-32.492191,152.400822,UOF1801,0,0.9,8,2023,2,5,19,MB,,,,
-32.466868,152.423914,UOF1801,35,0.8,9,2023,2,5,20,MB,,,,
-32.47601,152.40512,UOF1801,15,0.9,9,2023,2,5,21,MB,,,,
-32.494798,152.386556,UOF1801,10,0.9,9,2023,2,5,22,MB,,,,
-32.496584,152.384241,UOF1801,2,1,8,2023,2,5,23,MB,,,,
-32.509211,152.359878,UOF1801,20,0.8,9,2023,2,6,0,MB,,,,
-32.509211,152.359878,UOF1801,10,0.8,9,2023,2,6,1,MB,,,,
-32.509198,152.359827,UOF1801,8,0.9,9,2023,2,6,2,MB,,,,
-32.516484,152.350596,UOF1801,9,0.7,11,2023,2,6,3,MB,,,,
-32.518875,152.345738,UOF1801,2,0.8,10,2023,2,6,4,MB,,,,
-32.518862,152.345713,UOF1801,0,1.5,5,2023,2,6,5,MB,,,,
-32.525334,152.335057,UOF1801,42,1.2,6,2023,2,6,6,MB,,,,
-32.527814,152.322113,UOF1801,8,1.1,8,2023,2,6,7,MB,,,,
-32.528583,152.322621,UOF1801,18,0.9,10,2023,2,6,8,MB,,,,
-32.528634,152.322621,UOF1801,0,1.1,8,2023,2,6,9,MB,,,,
-32.528666,152.322697,UOF1801,22,0.9,8,2023,2,6,10,MB,,,,
-32.528697,152.322774,UOF1801,17,1.4,8,2023,2,6,11,MB,,,,
-32.528678,152.322799,UOF1801,17,1,8,2023,2,6,12,MB,,,,
-32.52885,152.322621,UOF1801,0,1.1,6,2023,2,6,13,MB,,,,
-32.528685,152.322672,UOF1801,0,1.2,7,2023,2,6,14,MB,,,,
-32.528736,152.32257,UOF1801,0,0.8,8,2023,2,6,15,MB,,,,
-32.528729,152.322647,UOF1801,3,0.8,8,2023,2,6,16,MB,,,,
-32.534051,152.320739,UOF1801,7,1,7,2023,2,6,17,MB,,,,
-32.547313,152.311965,UOF1801,12,0.9,8,2023,2,6,18,MB,,,,
-32.528081,152.322367,UOF1801,0,0.9,8,2023,2,6,19,MB,,,,
-32.527782,152.322316,UOF1801,24,0.8,9,2023,2,6,20,MB,,,,
-32.524419,152.322748,UOF1801,23,1,8,2023,2,6,21,MB,,,,
-32.524495,152.322672,UOF1801,0,0.9,9,2023,2,6,22,MB,,,,
-32.524762,152.322316,UOF1801,0,1.1,8,2023,2,6,23,MB,,,,
-32.527133,152.321757,UOF1801,9,0.7,11,2023,2,7,0,MB,,,,
-32.524972,152.322901,UOF1801,11,0.7,10,2023,2,7,1,MB,,,,
-32.524438,152.322621,UOF1801,0,1,8,2023,2,7,2,MB,,,,
-32.524495,152.322647,UOF1801,10,0.8,10,2023,2,7,3,MB,,,,
-32.524406,152.322901,UOF1801,54,0.8,10,2023,2,7,4,MB,,,,
-32.517838,152.322189,UOF1801,0,0.9,8,2023,2,7,5,MB,,,,
-32.509847,152.333302,UOF1801,16,0.9,8,2023,2,7,6,MB,,,,
-32.502897,152.356089,UOF1801,18,1,9,2023,2,7,7,MB,,,,
-32.50565,152.356191,UOF1801,0,1.1,8,2023,2,7,8,MB,,,,
-32.50717,152.355097,UOF1801,10,0.8,10,2023,2,7,9,MB,,,,
-32.5071,152.355199,UOF1801,12,0.8,10,2023,2,7,10,MB,,,,
-32.507005,152.355046,UOF1801,32,0.9,10,2023,2,7,11,MB,,,,
-32.507094,152.355173,UOF1801,11,0.9,9,2023,2,7,12,MB,,,,
-32.507577,152.355275,UOF1801,0,1.8,6,2023,2,7,13,MB,,,,
-32.507106,152.355148,UOF1801,0,1.3,6,2023,2,7,14,MB,,,,
-32.507049,152.355173,UOF1801,15,0.9,8,2023,2,7,15,MB,,,,
-32.50724,152.355148,UOF1801,0,0.9,7,2023,2,7,16,MB,,,,
-32.507081,152.355173,UOF1801,41,1,7,2023,2,7,17,MB,,,,
-32.507005,152.355224,UOF1801,21,0.8,9,2023,2,7,18,MB,,,,
-32.507125,152.355224,UOF1801,0,1.1,6,2023,2,7,19,MB,,,,
-32.506458,152.368474,UOF1801,0,0.8,9,2023,2,7,20,MB,,,,
-32.504105,152.37267,UOF1801,10,0.9,9,2023,2,7,21,MB,,,,
-32.503908,152.371831,UOF1801,4,0.9,9,2023,2,7,22,MB,,,,
-32.503807,152.371805,UOF1801,6,1.1,8,2023,2,7,23,MB,,,,
-32.503756,152.371805,UOF1801,31,0.7,10,2023,2,8,0,MB,,,,
-32.5038,152.37178,UOF1801,11,0.8,10,2023,2,8,1,MB,,,,
-32.503857,152.371729,UOF1801,0,0.9,9,2023,2,8,2,MB,,,,
-32.5038,152.371754,UOF1801,8,0.7,11,2023,2,8,3,MB,,,,
-32.503845,152.371729,UOF1801,10,0.8,9,2023,2,8,4,MB,,,,
-32.503851,152.371704,UOF1801,0,1.2,6,2023,2,8,5,MB,,,,
-32.496101,152.386225,UOF1801,29,0.8,9,2023,2,8,6,MB,,,,
-32.477447,152.413665,UOF1801,77,1,9,2023,2,8,8,MB,,,,
-32.465412,152.384521,UOF1801,9,0.8,10,2023,2,8,9,MB,,,,
-32.473289,152.374628,UOF1801,20,0.7,11,2023,2,8,11,MB,,,,
-32.473238,152.374654,UOF1801,11,0.9,10,2023,2,8,12,MB,,,,
-32.473238,152.374628,UOF1801,11,0.9,9,2023,2,8,13,MB,,,,
-32.473206,152.374705,UOF1801,14,1.2,7,2023,2,8,14,MB,,,,
-32.473194,152.374628,UOF1801,8,0.8,9,2023,2,8,15,MB,,,,
-32.492649,152.336176,UOF1801,13,1,7,2023,2,8,16,MB,,,,
-32.523344,152.322341,UOF1801,16,1.1,8,2023,2,8,17,MB,,,,
-32.528303,152.322545,UOF1801,0,1,7,2023,2,8,18,MB,,,,
-32.538603,152.316467,UOF1801,0,1,7,2023,2,8,19,MB,,,,
-32.539207,152.320739,UOF1801,0,0.8,9,2023,2,8,20,MB,,,,
-32.528272,152.322113,UOF1801,15,0.8,10,2023,2,8,21,MB,,,,
-32.528488,152.322469,UOF1801,0,1,8,2023,2,8,22,MB,,,,
-32.52445,152.322621,UOF1801,3,0.9,9,2023,2,8,23,MB,,,,
-32.526167,152.322113,UOF1801,6,0.7,11,2023,2,9,0,MB,,,,
-32.527807,152.32224,UOF1801,0,1,8,2023,2,9,1,MB,,,,
-32.527884,152.322265,UOF1801,22,0.9,9,2023,2,9,2,MB,,,,
-32.527909,152.32224,UOF1801,8,0.8,9,2023,2,9,3,MB,,,,
-32.527871,152.322341,UOF1801,0,0.8,9,2023,2,9,4,MB,,,,
-32.525124,152.322214,UOF1801,31,1.1,7,2023,2,9,5,MB,,,,
-32.506242,152.315144,UOF1801,4,1.3,6,2023,2,9,6,MB,,,,
-32.482355,152.30253,UOF1801,23,0.8,10,2023,2,9,7,MB,,,,
-32.479634,152.293045,UOF1801,0,1,9,2023,2,9,8,MB,,,,
-32.479456,152.298334,UOF1801,10,0.9,10,2023,2,9,9,MB,,,,
-32.478254,152.298283,UOF1801,24,0.7,10,2023,2,9,10,MB,,,,
-32.478363,152.298283,UOF1801,0,0.7,11,2023,2,9,11,MB,,,,
-32.478305,152.298334,UOF1801,0,0.8,11,2023,2,9,12,MB,,,,
-32.478553,152.298385,UOF1801,13,0.8,10,2023,2,9,13,MB,,,,
-32.478261,152.298309,UOF1801,0,1.2,7,2023,2,9,14,MB,,,,
-32.478318,152.298385,UOF1801,6,0.8,9,2023,2,9,15,MB,,,,
-32.478235,152.298233,UOF1801,43,0.9,8,2023,2,9,16,MB,,,,
-32.478229,152.298309,UOF1801,17,0.9,8,2023,2,9,17,MB,,,,
-32.482279,152.299479,UOF1801,83,1,7,2023,2,9,18,MB,,,,
-32.507399,152.31606,UOF1801,15,0.9,8,2023,2,9,19,MB,,,,
-32.525474,152.322621,UOF1801,58,0.8,9,2023,2,9,20,MB,,,,
-32.524253,152.322697,UOF1801,11,0.8,10,2023,2,9,21,MB,,,,
-32.524234,152.322774,UOF1801,15,0.8,10,2023,2,9,22,MB,,,,
-32.524228,152.322748,UOF1801,1,0.9,9,2023,2,9,23,MB,,,,
-32.524196,152.322825,UOF1801,21,1,8,2023,2,10,0,MB,,,,
-32.524171,152.322723,UOF1801,3,0.7,10,2023,2,10,1,MB,,,,
-32.524266,152.322545,UOF1801,23,1,8,2023,2,10,2,MB,,,,
-32.524317,152.32257,UOF1801,15,1,8,2023,2,10,3,MB,,,,
-32.52426,152.322621,UOF1801,7,0.8,9,2023,2,10,4,MB,,,,
-32.524311,152.322647,UOF1801,21,1.1,7,2023,2,10,5,MB,,,,
-32.505447,152.341161,UOF1801,29,0.8,10,2023,2,10,6,MB,,,,
-32.503362,152.374348,UOF1801,7,0.8,10,2023,2,10,7,MB,,,,
-32.509662,152.36031,UOF1801,0,1,9,2023,2,10,8,MB,,,,
-32.509726,152.36031,UOF1801,2,0.8,10,2023,2,10,9,MB,,,,
-32.509204,152.359039,UOF1801,5,0.8,10,2023,2,10,10,MB,,,,
-32.510241,152.359191,UOF1801,4,0.7,11,2023,2,10,11,MB,,,,
-32.50963,152.359471,UOF1801,3,0.8,10,2023,2,10,12,MB,,,,
-32.507164,152.358963,UOF1801,0,1,8,2023,2,10,13,MB,,,,
-32.507125,152.359013,UOF1801,0,1.2,7,2023,2,10,14,MB,,,,
-32.507164,152.358988,UOF1801,0,0.8,9,2023,2,10,15,MB,,,,
-32.507094,152.358963,UOF1801,16,1,7,2023,2,10,16,MB,,,,
-32.50752,152.359522,UOF1801,36,1.2,5,2023,2,10,17,MB,,,,
-32.514761,152.349578,UOF1801,28,0.9,8,2023,2,10,18,MB,,,,
-32.52089,152.344162,UOF1801,0,0.9,8,2023,2,10,19,MB,,,,
-32.521647,152.343424,UOF1801,0,0.8,9,2023,2,10,20,MB,,,,
-32.522435,152.342,UOF1801,7,0.8,10,2023,2,10,21,MB,,,,
-32.530115,152.322672,UOF1801,6,0.9,9,2023,2,10,22,MB,,,,
-32.527388,152.322265,UOF1801,4,1,9,2023,2,10,23,MB,,,,
-32.524209,152.322672,UOF1801,0,0.8,10,2023,2,11,0,MB,,,,
-32.526777,152.321807,UOF1801,10,0.6,12,2023,2,11,1,MB,,,,
-32.524272,152.322647,UOF1801,0,1.3,7,2023,2,11,2,MB,,,,
-32.524616,152.322469,UOF1801,5,0.8,9,2023,2,11,3,MB,,,,
-32.524552,152.322647,UOF1801,12,0.8,10,2023,2,11,4,MB,,,,
-32.524501,152.322748,UOF1801,0,0.9,8,2023,2,11,5,MB,,,,
-32.518474,152.322163,UOF1801,14,0.9,8,2023,2,11,6,MB,,,,
-32.501232,152.316925,UOF1801,11,1,7,2023,2,11,7,MB,,,,
-32.501168,152.316975,UOF1801,0,1.2,8,2023,2,11,8,MB,,,,
-32.501143,152.317052,UOF1801,15,0.8,11,2023,2,11,9,MB,,,,
-32.5012,152.316874,UOF1801,29,0.9,10,2023,2,11,10,MB,,,,
-32.501276,152.317052,UOF1801,15,1.1,9,2023,2,11,11,MB,,,,
-32.501194,152.317001,UOF1801,14,0.8,11,2023,2,11,12,MB,,,,
-32.501232,152.316899,UOF1801,5,0.7,11,2023,2,11,13,MB,,,,
-32.51335,152.32079,UOF1801,8,1.1,7,2023,2,11,14,MB,,,,
-32.525779,152.322443,UOF1801,2,0.8,9,2023,2,11,15,MB,,,,
-32.526027,152.322189,UOF1801,3,0.8,9,2023,2,11,16,MB,,,,
-32.525989,152.322418,UOF1801,3,1.2,7,2023,2,11,17,MB,,,,
-32.526205,152.322367,UOF1801,22,0.9,8,2023,2,11,18,MB,,,,
-32.528094,152.32224,UOF1801,0,1,7,2023,2,11,19,MB,,,,
-32.525067,152.322926,UOF1801,130,0.9,8,2023,2,11,20,MB,,,,
-32.524571,152.322621,UOF1801,6,0.9,9,2023,2,11,21,MB,,,,
-32.524495,152.322748,UOF1801,14,0.9,8,2023,2,11,22,MB,,,,
-32.524476,152.322647,UOF1801,1,0.9,9,2023,2,11,23,MB,,,,
-32.52466,152.322748,UOF1801,18,0.7,11,2023,2,12,0,MB,,,,
-32.524482,152.322748,UOF1801,10,0.9,8,2023,2,12,1,MB,,,,
-32.524476,152.322647,UOF1801,8,1,8,2023,2,12,2,MB,,,,
-32.524489,152.322672,UOF1801,5,1,8,2023,2,12,3,MB,,,,
-32.509414,152.31962,UOF1801,10,0.8,9,2023,2,12,4,MB,,,,
-32.502134,152.307744,UOF1801,0,1,8,2023,2,12,5,MB,,,,
-32.484784,152.304209,UOF1801,21,1.1,7,2023,2,12,6,MB,,,,
-32.480683,152.294113,UOF1801,33,0.9,9,2023,2,12,7,MB,,,,
-32.470301,152.292917,UOF1801,4,1,9,2023,2,12,8,MB,,,,
-32.467866,152.293858,UOF1801,0,0.7,11,2023,2,12,9,MB,,,,
-32.466194,152.289967,UOF1801,5,0.7,11,2023,2,12,10,MB,,,,
-32.482076,152.298792,UOF1801,11,1.1,9,2023,2,12,11,MB,,,,
-32.484155,152.303802,UOF1801,6,0.8,10,2023,2,12,12,MB,,,,
-32.484161,152.303751,UOF1801,0,0.8,10,2023,2,12,13,MB,,,,
-32.484091,152.303777,UOF1801,13,1.1,7,2023,2,12,14,MB,,,,
-32.484167,152.303573,UOF1801,3,0.9,8,2023,2,12,15,MB,,,,
-32.48404,152.303649,UOF1801,23,1.1,6,2023,2,12,16,MB,,,,
-32.484129,152.303675,UOF1801,26,1.4,6,2023,2,12,17,MB,,,,
-32.484244,152.303675,UOF1801,0,1.1,6,2023,2,12,18,MB,,,,
-32.49296,152.306828,UOF1801,17,1,7,2023,2,12,19,MB,,,,
-32.521952,152.323257,UOF1801,38,0.8,9,2023,2,12,20,MB,,,,
-32.535469,152.322647,UOF1801,35,1,7,2023,2,12,21,MB,,,,
-32.535615,152.322697,UOF1801,0,0.9,8,2023,2,12,22,MB,,,,
-32.535481,152.322647,UOF1801,20,1,8,2023,2,12,23,MB,,,,
-32.535488,152.322647,UOF1801,13,0.8,9,2023,2,13,0,MB,,,,
-32.535437,152.32257,UOF1801,13,1,8,2023,2,13,1,MB,,,,
-32.535532,152.322545,UOF1801,20,0.9,9,2023,2,13,2,MB,,,,
-32.535532,152.322621,UOF1801,8,1,8,2023,2,13,3,MB,,,,
-32.535532,152.322647,UOF1801,14,0.8,9,2023,2,13,4,MB,,,,
-32.535507,152.322621,UOF1801,0,0.9,8,2023,2,13,5,MB,,,,
-32.527235,152.322265,UOF1801,1,1,8,2023,2,13,6,MB,,,,
-32.484383,152.328699,UOF1801,39,1,8,2023,2,13,7,MB,,,,
-32.486329,152.343399,UOF1801,117,1.3,6,2023,2,13,8,MB,,,,
-32.472132,152.380681,UOF1801,0,0.7,12,2023,2,13,9,MB,,,,
-32.47533,152.421676,UOF1801,0,0.9,9,2023,2,13,10,MB,,,,
-32.475292,152.421651,UOF1801,6,1,10,2023,2,13,11,MB,,,,
-32.475235,152.421778,UOF1801,16,0.7,11,2023,2,13,12,MB,,,,
-32.475235,152.421676,UOF1801,1,0.8,10,2023,2,13,13,MB,,,,
-32.475235,152.421676,UOF1801,0,1.1,7,2023,2,13,14,MB,,,,
-32.47566,152.421371,UOF1801,0,0.9,8,2023,2,13,15,MB,,,,
-32.475254,152.421752,UOF1801,92,1.3,5,2023,2,13,16,MB,,,,
-32.475241,152.421574,UOF1801,21,1,7,2023,2,13,17,MB,,,,
-32.471572,152.422236,UOF1801,119,0.9,7,2023,2,13,18,MB,,,,
-32.494855,152.394236,UOF1801,0,0.7,10,2023,2,13,19,MB,,,,
-32.523802,152.339355,UOF1801,12,1.2,7,2023,2,13,20,MB,,,,
-32.531972,152.327962,UOF1801,18,0.8,9,2023,2,13,21,MB,,,,
-32.528767,152.322977,UOF1801,13,0.8,10,2023,2,13,22,MB,,,,
-32.524514,152.322748,UOF1801,0,0.9,9,2023,2,13,23,MB,,,,
-32.524406,152.322723,UOF1801,23,0.7,11,2023,2,14,0,MB,,,,
-32.519199,152.32224,UOF1801,0,0.7,11,2023,2,14,1,MB,,,,
-32.505536,152.313288,UOF1801,0,0.9,9,2023,2,14,2,MB,,,,
-32.492432,152.306981,UOF1801,23,0.8,10,2023,2,14,3,MB,,,,
-32.484587,152.304056,UOF1801,0,0.8,9,2023,2,14,4,MB,,,,
-32.481141,152.297876,UOF1801,20,1,7,2023,2,14,5,MB,,,,
-32.480632,152.293884,UOF1801,16,0.9,8,2023,2,14,6,MB,,,,
-32.47402,152.295893,UOF1801,11,0.8,10,2023,2,14,7,MB,,,,
-32.472958,152.292002,UOF1801,35,1.1,9,2023,2,14,8,MB,,,,
-32.483144,152.301513,UOF1801,6,0.8,10,2023,2,14,9,MB,,,,
-32.498994,152.306472,UOF1801,21,0.8,10,2023,2,14,10,MB,,,,
-32.506916,152.316162,UOF1801,0,1.3,9,2023,2,14,11,MB,,,,
-32.502344,152.321044,UOF1801,8,0.7,11,2023,2,14,12,MB,,,,
-32.501238,152.317001,UOF1801,0,0.8,10,2023,2,14,13,MB,,,,
-32.501149,152.316848,UOF1801,0,0.9,8,2023,2,14,14,MB,,,,
-32.50949,152.319061,UOF1801,6,0.7,10,2023,2,14,15,MB,,,,
-32.509548,152.319137,UOF1801,39,0.9,8,2023,2,14,16,MB,,,,
-32.509567,152.319137,UOF1801,11,1,8,2023,2,14,17,MB,,,,
-32.509599,152.319035,UOF1801,0,0.9,8,2023,2,14,18,MB,,,,
-32.51499,152.322545,UOF1801,0,1.1,7,2023,2,14,19,MB,,,,
-32.524215,152.322647,UOF1801,5,1,8,2023,2,14,20,MB,,,,
-32.524292,152.322647,UOF1801,3,0.8,10,2023,2,14,21,MB,,,,
-32.524209,152.32257,UOF1801,7,1,8,2023,2,14,22,MB,,,,
-32.524292,152.322596,UOF1801,12,0.9,9,2023,2,14,23,MB,,,,
-32.524145,152.322672,UOF1801,39,0.7,11,2023,2,15,0,MB,,,,
-32.524266,152.322545,UOF1801,0,0.9,9,2023,2,15,1,MB,,,,
-32.524253,152.32257,UOF1801,17,0.9,9,2023,2,15,2,MB,,,,
-32.524311,152.322596,UOF1801,12,0.7,10,2023,2,15,3,MB,,,,
-32.524292,152.322647,UOF1801,0,0.9,9,2023,2,15,4,MB,,,,
-32.524209,152.322621,UOF1801,18,1.2,7,2023,2,15,5,MB,,,,
-32.510292,152.332311,UOF1801,29,0.8,9,2023,2,15,6,MB,,,,
-32.507005,152.329742,UOF1801,9,0.9,9,2023,2,15,7,MB,,,,
-32.508664,152.329513,UOF1801,0,1.1,9,2023,2,15,8,MB,,,,
-32.508352,152.328089,UOF1801,6,0.8,11,2023,2,15,9,MB,,,,
-32.517743,152.322392,UOF1801,11,0.9,9,2023,2,15,10,MB,,,,
-32.528659,152.322621,UOF1801,34,1.1,9,2023,2,15,11,MB,,,,
-32.528551,152.322443,UOF1801,9,0.8,9,2023,2,15,12,MB,,,,
-32.5285,152.32257,UOF1801,25,0.9,9,2023,2,15,13,MB,,,,
-32.528691,152.322647,UOF1801,19,1.1,7,2023,2,15,14,MB,,,,
-32.528628,152.322621,UOF1801,14,0.8,8,2023,2,15,15,MB,,,,
-32.525989,152.322214,UOF1801,20,0.9,8,2023,2,15,16,MB,,,,
-32.535844,152.31962,UOF1801,26,1.8,4,2023,2,15,17,MB,,,,
-32.536003,152.319493,UOF1801,9,1.1,7,2023,2,15,18,MB,,,,
-32.536263,152.319569,UOF1801,15,0.9,7,2023,2,15,19,MB,,,,
-32.50923,152.318501,UOF1801,49,1.2,7,2023,2,15,20,MB,,,,
-32.489457,152.304896,UOF1801,2,0.8,10,2023,2,15,22,MB,,,,
-32.489463,152.304845,UOF1801,20,0.9,8,2023,2,15,23,MB,,,,
-32.489412,152.304921,UOF1801,60,0.8,9,2023,2,16,0,MB,,,,
-32.489527,152.304794,UOF1801,0,1.6,6,2023,2,16,1,MB,,,,
-32.489438,152.30487,UOF1801,21,0.8,10,2023,2,16,2,MB,,,,
-32.486424,152.305455,UOF1801,12,0.8,9,2023,2,16,3,MB,,,,
-32.500825,152.304819,UOF1801,1,0.8,9,2023,2,16,4,MB,,,,
-32.501448,152.304336,UOF1801,0,0.9,8,2023,2,16,5,MB,,,,
-32.495929,152.316543,UOF1801,25,0.8,10,2023,2,16,6,MB,,,,
-32.490614,152.332794,UOF1801,42,0.9,9,2023,2,16,7,MB,,,,
-32.504264,152.326004,UOF1801,0,0.8,10,2023,2,16,8,MB,,,,
-32.510985,152.319544,UOF1801,0,0.7,12,2023,2,16,9,MB,,,,
-32.528863,152.322723,UOF1801,15,0.8,9,2023,2,16,10,MB,,,,
-32.527439,152.322443,UOF1801,8,1,10,2023,2,16,11,MB,,,,
-32.528767,152.322621,UOF1801,0,1,8,2023,2,16,12,MB,,,,
-32.528729,152.322647,UOF1801,0,0.8,10,2023,2,16,13,MB,,,,
-32.525983,152.32224,UOF1801,19,1,7,2023,2,16,14,MB,,,,
-32.528615,152.32257,UOF1801,0,0.8,8,2023,2,16,15,MB,,,,
-32.526561,152.322036,UOF1801,27,1,7,2023,2,16,16,MB,,,,
-32.525938,152.322087,UOF1801,0,1.1,7,2023,2,16,17,MB,,,,
-32.528532,152.32224,UOF1801,0,1,7,2023,2,16,18,MB,,,,
-32.528596,152.322367,UOF1801,0,0.7,10,2023,2,16,19,MB,,,,
-32.516573,152.350545,UOF1801,1,1,8,2023,2,16,20,MB,,,,
-32.51546,152.351842,UOF1801,8,0.8,9,2023,2,16,21,MB,,,,
-32.51623,152.350926,UOF1801,2,0.9,9,2023,2,16,22,MB,,,,
-32.515874,152.351537,UOF1801,0,0.9,9,2023,2,16,23,MB,,,,
-32.515378,152.351384,UOF1801,2,0.7,11,2023,2,17,0,MB,,,,
-32.515391,152.351384,UOF1801,7,0.9,9,2023,2,17,1,MB,,,,
-32.515378,152.351409,UOF1801,7,0.8,10,2023,2,17,2,MB,,,,
-32.515416,152.351409,UOF1801,5,0.8,9,2023,2,17,3,MB,,,,
-32.515391,152.351435,UOF1801,5,0.8,9,2023,2,17,4,MB,,,,
-32.515333,152.351435,UOF1801,0,0.8,9,2023,2,17,5,MB,,,,
-32.510005,152.359446,UOF1801,6,0.8,10,2023,2,17,6,MB,,,,
-32.503788,152.356241,UOF1801,3,0.8,10,2023,2,17,7,MB,,,,
-32.504964,152.35675,UOF1801,0,0.8,10,2023,2,17,8,MB,,,,
-32.505282,152.355351,UOF1801,0,1,8,2023,2,17,9,MB,,,,
-32.505415,152.355402,UOF1801,17,0.9,9,2023,2,17,10,MB,,,,
-32.505409,152.355428,UOF1801,18,0.9,11,2023,2,17,11,MB,,,,
-32.506916,152.356089,UOF1801,21,0.7,11,2023,2,17,12,MB,,,,
-32.507227,152.356623,UOF1801,19,1.2,8,2023,2,17,13,MB,,,,
-32.507144,152.356648,UOF1801,7,0.8,9,2023,2,17,14,MB,,,,
-32.50724,152.356623,UOF1801,25,1,7,2023,2,17,15,MB,,,,
-32.511029,152.357081,UOF1801,10,1.5,6,2023,2,17,16,MB,,,,
-32.515321,152.351486,UOF1801,2,1,8,2023,2,17,17,MB,,,,
-32.515416,152.351384,UOF1801,0,1,8,2023,2,17,18,MB,,,,
-32.515371,152.351486,UOF1801,0,0.8,9,2023,2,17,19,MB,,,,
-32.518786,152.345687,UOF1801,18,1.2,7,2023,2,17,20,MB,,,,
-32.518824,152.345662,UOF1801,0,1,8,2023,2,17,21,MB,,,,
-32.518843,152.345687,UOF1801,1,1.2,8,2023,2,17,22,MB,,,,
-32.518779,152.345662,UOF1801,0,0.9,8,2023,2,17,23,MB,,,,
-32.535335,152.324732,UOF1801,9,0.8,10,2023,2,18,0,MB,,,,
-32.524648,152.322596,UOF1801,12,0.9,9,2023,2,18,1,MB,,,,
-32.524539,152.322647,UOF1801,17,0.8,10,2023,2,18,2,MB,,,,
-32.524476,152.322697,UOF1801,10,0.8,9,2023,2,18,3,MB,,,,
-32.524743,152.322392,UOF1801,0,0.8,9,2023,2,18,4,MB,,,,
-32.527833,152.322113,UOF1801,30,1.1,6,2023,2,18,5,MB,,,,
-32.516567,152.322977,UOF1801,17,0.9,9,2023,2,18,6,MB,,,,
-32.505555,152.313339,UOF1801,31,0.8,9,2023,2,18,7,MB,,,,
-32.485706,152.349299,UOF1801,11,0.8,10,2023,2,18,8,MB,,,,
-32.442136,152.389887,UOF1801,11,0.7,11,2023,2,18,9,MB,,,,
-32.441996,152.389836,UOF1801,12,0.8,10,2023,2,18,10,MB,,,,
-32.451958,152.38213,UOF1801,19,1,9,2023,2,18,11,MB,,,,
-32.456701,152.378697,UOF1801,29,0.7,11,2023,2,18,12,MB,,,,
-32.456746,152.378748,UOF1801,0,1.1,7,2023,2,18,13,MB,,,,
-32.4566,152.378621,UOF1801,17,1,7,2023,2,18,14,MB,,,,
-32.456682,152.378723,UOF1801,0,1,7,2023,2,18,15,MB,,,,
-32.456562,152.378723,UOF1801,2,1.1,6,2023,2,18,16,MB,,,,
-32.456549,152.378824,UOF1801,0,1,8,2023,2,18,17,MB,,,,
-32.456568,152.378774,UOF1801,1,0.9,8,2023,2,18,18,MB,,,,
-32.456587,152.378799,UOF1801,19,0.8,9,2023,2,18,19,MB,,,,
-32.456059,152.378595,UOF1801,18,1.2,7,2023,2,18,20,MB,,,,
-32.468622,152.384648,UOF1801,10,0.8,9,2023,2,18,21,MB,,,,
-32.468654,152.384648,UOF1801,21,0.9,9,2023,2,18,22,MB,,,,
-32.468603,152.384521,UOF1801,3,1,7,2023,2,18,23,MB,,,,
-32.468584,152.384572,UOF1801,51,0.8,9,2023,2,19,0,MB,,,,
-32.468603,152.384496,UOF1801,9,1,8,2023,2,19,1,MB,,,,
-32.456167,152.378189,UOF1801,21,1.5,8,2023,2,19,2,MB,,,,
-32.456695,152.378646,UOF1801,13,0.9,9,2023,2,19,3,MB,,,,
-32.456657,152.378774,UOF1801,23,0.9,8,2023,2,19,4,MB,,,,
-32.456638,152.378697,UOF1801,0,1,7,2023,2,19,5,MB,,,,
-32.456333,152.378697,UOF1801,15,0.9,9,2023,2,19,6,MB,,,,
-32.471725,152.3833,UOF1801,7,1,9,2023,2,19,7,MB,,,,
-32.491402,152.338796,UOF1801,11,0.8,10,2023,2,19,8,MB,,,,
-32.508263,152.317637,UOF1801,11,0.9,10,2023,2,19,9,MB,,,,
-32.509344,152.319264,UOF1801,0,1,9,2023,2,19,10,MB,,,,
-32.527242,152.322647,UOF1801,24,0.9,9,2023,2,19,11,MB,,,,
-32.528507,152.322697,UOF1801,39,0.8,10,2023,2,19,12,MB,,,,
-32.528672,152.322697,UOF1801,0,1.1,7,2023,2,19,13,MB,,,,
-32.528583,152.322494,UOF1801,3,0.8,8,2023,2,19,14,MB,,,,
-32.528914,152.322545,UOF1801,0,1,7,2023,2,19,15,MB,,,,
-32.528545,152.322341,UOF1801,0,1.6,5,2023,2,19,16,MB,,,,
-32.528609,152.322494,UOF1801,18,1.1,7,2023,2,19,17,MB,,,,
-32.527852,152.322011,UOF1801,2,1,7,2023,2,19,18,MB,,,,
-32.524374,152.322647,UOF1801,0,1.4,6,2023,2,19,19,MB,,,,
-32.525163,152.322545,UOF1801,0,0.9,9,2023,2,19,20,MB,,,,
-32.528367,152.322341,UOF1801,3,0.9,9,2023,2,19,21,MB,,,,
-32.527826,152.322291,UOF1801,1,0.9,9,2023,2,19,22,MB,,,,
-32.527852,152.322316,UOF1801,7,0.8,9,2023,2,19,23,MB,,,,
-32.527826,152.322291,UOF1801,2,0.7,11,2023,2,20,0,MB,,,,
-32.527833,152.32224,UOF1801,3,1,8,2023,2,20,1,MB,,,,
-32.527903,152.32224,UOF1801,9,0.7,11,2023,2,20,2,MB,,,,
-32.527795,152.32224,UOF1801,25,0.7,11,2023,2,20,3,MB,,,,
-32.527846,152.322291,UOF1801,0,0.9,8,2023,2,20,4,MB,,,,
-32.527439,152.322469,UOF1801,12,1.1,7,2023,2,20,5,MB,,,,
-32.520184,152.322647,UOF1801,10,0.8,10,2023,2,20,6,MB,,,,
-32.498981,152.304896,UOF1801,50,1.5,8,2023,2,20,7,MB,,,,
-32.501289,152.308481,UOF1801,3,0.9,8,2023,2,20,8,MB,,,,
-32.501473,152.308354,UOF1801,14,1.2,8,2023,2,20,9,MB,,,,
-32.503253,152.309295,UOF1801,17,1,7,2023,2,20,10,MB,,,,
-32.509669,152.31929,UOF1801,4,1.1,7,2023,2,20,11,MB,,,,
-32.509624,152.319315,UOF1801,2,0.9,8,2023,2,20,12,MB,,,,
-32.509554,152.319188,UOF1801,0,1.2,7,2023,2,20,13,MB,,,,
-32.509363,152.319391,UOF1801,2,1,7,2023,2,20,14,MB,,,,
-32.509567,152.319239,UOF1801,9,0.8,8,2023,2,20,15,MB,,,,
-32.509675,152.319264,UOF1801,0,1,8,2023,2,20,16,MB,,,,
-32.509465,152.319163,UOF1801,11,0.9,8,2023,2,20,17,MB,,,,
-32.509522,152.319366,UOF1801,0,0.9,8,2023,2,20,18,MB,,,,
-32.509497,152.319315,UOF1801,9,0.9,8,2023,2,20,19,MB,,,,
-32.525957,152.322291,UOF1801,19,1,8,2023,2,20,20,MB,,,,
-32.524546,152.322647,UOF1801,5,0.9,9,2023,2,20,21,MB,,,,
-32.525207,152.322825,UOF1801,20,1.2,8,2023,2,20,22,MB,,,,
-32.524419,152.32285,UOF1801,42,0.8,9,2023,2,20,23,MB,,,,
-32.524673,152.322596,UOF1801,17,0.8,9,2023,2,21,0,MB,,,,
-32.524552,152.322647,UOF1801,10,0.9,9,2023,2,21,1,MB,,,,
-32.52445,152.322723,UOF1801,8,0.8,10,2023,2,21,2,MB,,,,
-32.524552,152.322621,UOF1801,0,0.8,10,2023,2,21,3,MB,,,,
-32.52445,152.322672,UOF1801,0,1,7,2023,2,21,4,MB,,,,
-32.524336,152.322774,UOF1801,0,1.1,7,2023,2,21,5,MB,,,,
-32.525449,152.322341,UOF1801,23,0.9,8,2023,2,21,6,MB,,,,
-32.493806,152.357182,UOF1801,65,0.9,10,2023,2,21,7,MB,,,,
-32.475921,152.405222,UOF1801,2,0.8,10,2023,2,21,8,MB,,,,
-32.472291,152.402043,UOF1801,2,0.8,10,2023,2,21,9,MB,,,,
-32.47072,152.404764,UOF1801,4,0.9,10,2023,2,21,10,MB,,,,
-32.470453,152.404917,UOF1801,9,0.9,10,2023,2,21,11,MB,,,,
-32.470453,152.404891,UOF1801,1,0.7,11,2023,2,21,12,MB,,,,
-32.470466,152.404891,UOF1801,8,1.2,7,2023,2,21,13,MB,,,,
-32.470428,152.404917,UOF1801,15,0.8,9,2023,2,21,14,MB,,,,
-32.470492,152.404917,UOF1801,1,0.8,8,2023,2,21,15,MB,,,,
-32.470409,152.404942,UOF1801,14,1,8,2023,2,21,16,MB,,,,
-32.470517,152.405069,UOF1801,18,0.8,9,2023,2,21,17,MB,,,,
-32.470593,152.404891,UOF1801,0,1.1,6,2023,2,21,18,MB,,,,
-32.470155,152.404205,UOF1801,0,0.8,9,2023,2,21,19,MB,,,,
-32.472698,152.392608,UOF1801,17,0.9,9,2023,2,21,20,MB,,,,
-32.47175,152.388361,UOF1801,6,0.9,9,2023,2,21,21,MB,,,,
-32.472647,152.393422,UOF1801,9,0.9,9,2023,2,21,22,MB,,,,
-32.473429,152.398406,UOF1801,17,0.7,11,2023,2,21,23,MB,,,,
-32.466702,152.38419,UOF1801,12,0.7,10,2023,2,22,0,MB,,,,
-32.467847,152.384496,UOF1801,5,0.9,9,2023,2,22,1,MB,,,,
-32.475502,152.364227,UOF1801,20,0.7,11,2023,2,22,2,MB,,,,
-32.492909,152.335845,UOF1801,20,0.7,10,2023,2,22,3,MB,,,,
-32.511868,152.320434,UOF1801,5,1.2,6,2023,2,22,4,MB,,,,
-32.526072,152.322341,UOF1801,0,0.9,8,2023,2,22,5,MB,,,,
-32.526269,152.322341,UOF1801,30,0.9,9,2023,2,22,6,MB,,,,
-32.526072,152.322443,UOF1801,0,1.2,8,2023,2,22,7,MB,,,,
-32.526148,152.322596,UOF1801,39,0.8,10,2023,2,22,8,MB,,,,
-32.526148,152.322443,UOF1801,9,0.7,11,2023,2,22,9,MB,,,,
-32.526173,152.322341,UOF1801,38,0.9,10,2023,2,22,10,MB,,,,
-32.526256,152.322469,UOF1801,0,0.9,9,2023,2,22,11,MB,,,,
-32.526161,152.322469,UOF1801,2,0.9,9,2023,2,22,12,MB,,,,
-32.526237,152.322494,UOF1801,22,1.2,7,2023,2,22,13,MB,,,,
-32.526154,152.322469,UOF1801,0,1,7,2023,2,22,14,MB,,,,
-32.525983,152.32257,UOF1801,41,0.8,8,2023,2,22,15,MB,,,,
-32.531737,152.322774,UOF1801,39,1.1,7,2023,2,22,16,MB,,,,
-32.532353,152.323816,UOF1801,21,1,7,2023,2,22,17,MB,,,,
-32.532334,152.323816,UOF1801,7,1.1,6,2023,2,22,18,MB,,,,
-32.518093,152.322443,UOF1801,23,0.9,8,2023,2,22,20,MB,,,,
-32.48582,152.348892,UOF1801,52,0.9,9,2023,2,22,21,MB,,,,
-32.471814,152.382207,UOF1801,7,1,8,2023,2,22,22,MB,,,,
-32.473861,152.399983,UOF1801,16,0.8,9,2023,2,22,23,MB,,,,
-32.476506,152.404917,UOF1801,15,0.8,9,2023,2,23,0,MB,,,,
-32.473054,152.39477,UOF1801,7,1.3,7,2023,2,23,1,MB,,,,
-32.473499,152.373051,UOF1801,17,0.8,10,2023,2,23,2,MB,,,,
-32.481872,152.353368,UOF1801,11,1.6,5,2023,2,23,4,MB,,,,
-32.474027,152.373916,UOF1801,7,1.6,6,2023,2,23,5,MB,,,,
-32.483964,152.350697,UOF1801,23,0.8,10,2023,2,23,6,MB,,,,
-32.490627,152.339177,UOF1801,16,1,8,2023,2,23,7,MB,,,,
-32.505657,152.322825,UOF1801,19,1.1,8,2023,2,23,8,MB,,,,
-32.50572,152.322723,UOF1801,25,1.2,8,2023,2,23,9,MB,,,,
-32.505739,152.322825,UOF1801,21,1.2,7,2023,2,23,10,MB,,,,
-32.505625,152.322799,UOF1801,25,1.1,8,2023,2,23,11,MB,,,,
-32.505676,152.322774,UOF1801,20,0.9,9,2023,2,23,12,MB,,,,
-32.50572,152.322723,UOF1801,1,1.3,6,2023,2,23,13,MB,,,,
-32.505701,152.32285,UOF1801,10,1.4,6,2023,2,23,14,MB,,,,
-32.505638,152.322799,UOF1801,0,1.6,4,2023,2,23,15,MB,,,,
-32.50553,152.322875,UOF1801,24,1.4,7,2023,2,23,16,MB,,,,
-32.505688,152.322901,UOF1801,26,1,7,2023,2,23,17,MB,,,,
-32.509338,152.320587,UOF1801,23,1.2,6,2023,2,23,18,MB,,,,
-32.53564,152.322265,UOF1801,25,1,6,2023,2,23,19,MB,,,,
-32.535602,152.32224,UOF1801,0,1.2,7,2023,2,23,20,MB,,,,
-32.535602,152.322163,UOF1801,12,0.9,9,2023,2,23,21,MB,,,,
-32.535519,152.322163,UOF1801,9,0.9,9,2023,2,23,22,MB,,,,
-32.535526,152.322189,UOF1801,33,0.7,10,2023,2,23,23,MB,,,,
-32.5362,152.322291,UOF1801,32,0.7,11,2023,2,24,0,MB,,,,
-32.5362,152.32224,UOF1801,15,0.9,9,2023,2,24,1,MB,,,,
-32.505778,152.369008,UOF1801,18,0.8,10,2023,2,24,2,MB,,,,
-32.478197,152.396906,UOF1801,14,0.9,10,2023,2,24,3,MB,,,,
-32.473232,152.397389,UOF1801,14,0.9,8,2023,2,24,4,MB,,,,
-32.472768,152.39009,UOF1801,16,0.8,9,2023,2,24,5,MB,,,,
-32.469481,152.384572,UOF1801,20,0.8,10,2023,2,24,6,MB,,,,
-32.456905,152.378189,UOF1801,2,0.8,11,2023,2,24,7,MB,,,,
-32.455843,152.378595,UOF1801,10,0.7,12,2023,2,24,8,MB,,,,
-32.456485,152.379308,UOF1801,7,0.9,10,2023,2,24,9,MB,,,,
-32.456568,152.379231,UOF1801,79,0.8,10,2023,2,24,10,MB,,,,
-32.456345,152.379282,UOF1801,12,1,8,2023,2,24,11,MB,,,,
-32.456784,152.378672,UOF1801,28,0.9,9,2023,2,24,12,MB,,,,
-32.456771,152.378672,UOF1801,11,1.3,6,2023,2,24,13,MB,,,,
-32.456873,152.37857,UOF1801,23,0.7,10,2023,2,24,14,MB,,,,
-32.456771,152.378646,UOF1801,35,0.8,9,2023,2,24,15,MB,,,,
-32.456771,152.378367,UOF1801,38,1.1,8,2023,2,24,16,MB,,,,
-32.45618,152.379765,UOF1801,0,1.4,6,2023,2,24,17,MB,,,,
-32.456517,152.379308,UOF1801,31,1,7,2023,2,24,18,MB,,,,
-32.455849,152.377985,UOF1801,15,1.7,6,2023,2,24,19,MB,,,,
-32.456008,152.379486,UOF1801,33,1.1,7,2023,2,24,20,MB,,,,
-32.471579,152.39065,UOF1801,11,0.8,10,2023,2,24,21,MB,,,,
-32.472246,152.393803,UOF1801,19,0.8,10,2023,2,24,22,MB,,,,
-32.475349,152.364608,UOF1801,20,0.7,11,2023,2,24,23,MB,,,,
-32.487283,152.346247,UOF1801,28,0.8,10,2023,2,25,0,MB,,,,
-32.509115,152.318552,UOF1801,17,1.1,8,2023,2,25,1,MB,,,,
-32.498733,152.307032,UOF1801,12,0.8,9,2023,2,25,2,MB,,,,
-32.509268,152.320154,UOF1801,25,0.8,9,2023,2,25,3,MB,,,,
-32.525023,152.322697,UOF1801,4,1.1,7,2023,2,25,4,MB,,,,
-32.526129,152.322341,UOF1801,14,0.9,8,2023,2,25,5,MB,,,,
-32.526034,152.322469,UOF1801,10,0.7,11,2023,2,25,6,MB,,,,
-32.508937,152.31873,UOF1801,0,1.5,9,2023,2,25,7,MB,,,,
-32.502719,152.323308,UOF1801,14,0.8,10,2023,2,25,8,MB,,,,
-32.502802,152.322952,UOF1801,13,0.9,10,2023,2,25,9,MB,,,,
-32.502764,152.322875,UOF1801,39,1.2,8,2023,2,25,10,MB,,,,
-32.502847,152.322926,UOF1801,15,0.8,10,2023,2,25,11,MB,,,,
-32.502885,152.322952,UOF1801,24,0.9,9,2023,2,25,12,MB,,,,
-32.502891,152.322952,UOF1801,36,0.9,8,2023,2,25,13,MB,,,,
-32.502847,152.322901,UOF1801,19,0.7,10,2023,2,25,14,MB,,,,
-32.502834,152.322799,UOF1801,39,1,8,2023,2,25,15,MB,,,,
-32.502707,152.322799,UOF1801,26,1.4,7,2023,2,25,16,MB,,,,
-32.502948,152.322926,UOF1801,0,1.2,7,2023,2,25,17,MB,,,,
-32.502821,152.322875,UOF1801,17,0.8,8,2023,2,25,18,MB,,,,
-32.504601,152.322062,UOF1801,40,1.1,7,2023,2,25,19,MB,,,,
-32.527566,152.322672,UOF1801,9,1.3,7,2023,2,25,20,MB,,,,
-32.527394,152.322799,UOF1801,35,1.4,7,2023,2,25,21,MB,,,,
-32.524222,152.322647,UOF1801,25,0.9,10,2023,2,25,22,MB,,,,
-32.524222,152.322647,UOF1801,4,0.6,12,2023,2,25,23,MB,,,,
-32.52948,152.322723,UOF1801,0,0.8,10,2023,2,26,0,MB,,,,
-32.524272,152.32257,UOF1801,17,1,8,2023,2,26,1,MB,,,,
-32.524234,152.322621,UOF1801,21,0.8,9,2023,2,26,2,MB,,,,
-32.524571,152.322774,UOF1801,22,0.8,10,2023,2,26,3,MB,,,,
-32.526167,152.322189,UOF1801,21,1,7,2023,2,26,4,MB,,,,
-32.528647,152.322469,UOF1801,8,0.8,9,2023,2,26,5,MB,,,,
-32.524107,152.322723,UOF1801,6,0.8,10,2023,2,26,6,MB,,,,
-32.509745,152.328801,UOF1801,9,1.1,9,2023,2,26,7,MB,,,,
-32.509516,152.331217,UOF1801,19,0.7,13,2023,2,26,8,MB,,,,
-32.509421,152.331497,UOF1801,14,0.9,10,2023,2,26,9,MB,,,,
-32.509427,152.331548,UOF1801,16,0.9,10,2023,2,26,10,MB,,,,
-32.509414,152.331548,UOF1801,10,0.8,10,2023,2,26,11,MB,,,,
-32.509401,152.331548,UOF1801,34,0.8,10,2023,2,26,12,MB,,,,
-32.509669,152.331217,UOF1801,21,0.9,8,2023,2,26,13,MB,,,,
-32.528418,152.322291,UOF1801,12,0.7,10,2023,2,26,14,MB,,,,
-32.528647,152.322367,UOF1801,34,0.8,9,2023,2,26,15,MB,,,,
-32.528634,152.322341,UOF1801,23,1.1,9,2023,2,26,16,MB,,,,
-32.528628,152.322291,UOF1801,0,1,7,2023,2,26,17,MB,,,,
-32.528647,152.322291,UOF1801,9,0.8,8,2023,2,26,18,MB,,,,
-32.528697,152.322265,UOF1801,32,1.1,8,2023,2,26,19,MB,,,,
-32.532112,152.321502,UOF1801,10,1,8,2023,2,26,20,MB,,,,
-32.532156,152.321553,UOF1801,9,0.9,8,2023,2,26,21,MB,,,,
-32.532252,152.321502,UOF1801,5,0.9,9,2023,2,26,22,MB,,,,
-32.532226,152.321477,UOF1801,39,0.9,8,2023,2,26,23,MB,,,,
-32.527222,152.322825,UOF1801,1,1.1,9,2023,2,27,0,MB,,,,
-32.528628,152.32224,UOF1801,15,1,9,2023,2,27,1,MB,,,,
-32.528513,152.322163,UOF1801,7,0.8,9,2023,2,27,2,MB,,,,
-32.516338,152.32313,UOF1801,15,0.8,10,2023,2,27,3,MB,,,,
-32.504016,152.304489,UOF1801,13,0.8,9,2023,2,27,4,MB,,,,
-32.484129,152.303522,UOF1801,13,1,7,2023,2,27,5,MB,,,,
-32.482654,152.300064,UOF1801,22,0.8,10,2023,2,27,6,MB,,,,
-32.496152,152.320434,UOF1801,0,1.2,8,2023,2,27,7,MB,,,,
-32.499254,152.320358,UOF1801,51,1.1,7,2023,2,27,8,MB,,,,
-32.51499,152.32257,UOF1801,13,0.8,9,2023,2,27,9,MB,,,,
-32.530484,152.322113,UOF1801,25,1,10,2023,2,27,10,MB,,,,
-32.530554,152.322036,UOF1801,0,0.9,9,2023,2,27,11,MB,,,,
-32.530872,152.322341,UOF1801,73,1,7,2023,2,27,12,MB,,,,
-32.530541,152.322087,UOF1801,12,0.9,8,2023,2,27,13,MB,,,,
-32.530573,152.322087,UOF1801,10,0.9,8,2023,2,27,14,MB,,,,
-32.530592,152.322036,UOF1801,28,1.4,6,2023,2,27,15,MB,,,,
-32.530535,152.322062,UOF1801,18,0.9,9,2023,2,27,16,MB,,,,
-32.530573,152.322087,UOF1801,2,1.3,6,2023,2,27,17,MB,,,,
-32.530548,152.322113,UOF1801,14,0.7,10,2023,2,27,18,MB,,,,
-32.537376,152.32051,UOF1801,29,1,8,2023,2,27,19,MB,,,,
-32.524787,152.33699,UOF1801,22,1,8,2023,2,27,20,MB,,,,
-32.504722,152.371627,UOF1801,14,0.8,10,2023,2,27,21,MB,,,,
-32.47704,152.402628,UOF1801,18,0.8,10,2023,2,27,22,MB,,,,
-32.4721,152.391744,UOF1801,29,0.7,11,2023,2,27,23,MB,,,,
-32.471649,152.388285,UOF1801,16,0.7,11,2023,2,28,0,MB,,,,
-32.473225,152.402221,UOF1801,16,0.8,10,2023,2,28,1,MB,,,,
-32.473906,152.399246,UOF1801,21,0.8,9,2023,2,28,2,MB,,,,
-32.472297,152.379358,UOF1801,4,0.8,10,2023,2,28,3,MB,,,,
-32.47746,152.360209,UOF1801,7,0.9,8,2023,2,28,4,MB,,,,
-32.485382,152.349197,UOF1801,15,0.8,9,2023,2,28,5,MB,,,,
-32.485356,152.349197,UOF1801,29,0.9,9,2023,2,28,6,MB,,,,
-32.485267,152.349095,UOF1801,0,1,10,2023,2,28,7,MB,,,,
-32.485369,152.349095,UOF1801,19,0.8,10,2023,2,28,8,MB,,,,
-32.485299,152.349121,UOF1801,15,0.8,10,2023,2,28,9,MB,,,,
-32.485229,152.349171,UOF1801,11,1.2,8,2023,2,28,10,MB,,,,
-32.485248,152.349146,UOF1801,18,1.1,7,2023,2,28,11,MB,,,,
-32.485146,152.349095,UOF1801,33,1.3,8,2023,2,28,12,MB,,,,
-32.485229,152.349095,UOF1801,0,1.1,7,2023,2,28,13,MB,,,,
-32.485185,152.34907,UOF1801,21,0.9,8,2023,2,28,14,MB,,,,
-32.485153,152.349095,UOF1801,39,1,7,2023,2,28,15,MB,,,,
-32.485274,152.349121,UOF1801,35,0.9,8,2023,2,28,16,MB,,,,
-32.485102,152.349121,UOF1801,68,0.8,8,2023,2,28,17,MB,,,,
-32.484116,152.35113,UOF1801,18,0.7,10,2023,2,28,18,MB,,,,
-32.47135,152.384953,UOF1801,50,0.9,8,2023,2,28,19,MB,,,,
-32.462563,152.384394,UOF1801,37,0.8,9,2023,2,28,20,MB,,,,
-32.472787,152.389734,UOF1801,16,0.8,10,2023,2,28,21,MB,,,,
-32.473747,152.399703,UOF1801,18,0.9,9,2023,2,28,22,MB,,,,
-32.478038,152.424118,UOF1801,11,0.8,9,2023,2,28,23,MB,,,,
-32.479679,152.41603,UOF1801,31,0.7,11,2023,3,1,0,MB,,,,
-32.47971,152.416081,UOF1801,34,0.8,10,2023,3,1,1,MB,,,,
-32.472888,152.394999,UOF1801,19,0.8,9,2023,3,1,2,MB,,,,
-32.472628,152.378036,UOF1801,11,0.8,9,2023,3,1,3,MB,,,,
-32.474452,152.370483,UOF1801,10,0.8,9,2023,3,1,4,MB,,,,
-32.484994,152.350189,UOF1801,31,0.8,10,2023,3,1,5,MB,,,,
-32.491275,152.338897,UOF1801,19,0.9,9,2023,3,1,6,MB,,,,
-32.50951,152.318069,UOF1801,0,1.2,8,2023,3,1,7,MB,,,,
-32.503864,152.32018,UOF1801,6,0.8,11,2023,3,1,8,MB,,,,
-32.503807,152.320154,UOF1801,7,1,8,2023,3,1,9,MB,,,,
-32.503845,152.320281,UOF1801,28,1,10,2023,3,1,10,MB,,,,
-32.503845,152.320307,UOF1801,22,0.7,11,2023,3,1,11,MB,,,,
-32.503686,152.320256,UOF1801,19,1.2,8,2023,3,1,12,MB,,,,
-32.503838,152.320231,UOF1801,27,1.1,7,2023,3,1,13,MB,,,,
-32.503819,152.320256,UOF1801,16,0.8,9,2023,3,1,14,MB,,,,
-32.503756,152.320231,UOF1801,18,1.1,7,2023,3,1,15,MB,,,,
-32.5038,152.320256,UOF1801,28,0.9,8,2023,3,1,16,MB,,,,
-32.50373,152.320256,UOF1801,29,0.8,8,2023,3,1,17,MB,,,,
-32.5038,152.320256,UOF1801,12,0.7,10,2023,3,1,18,MB,,,,
-32.503832,152.32018,UOF1801,25,1.3,6,2023,3,1,19,MB,,,,
-32.503768,152.320281,UOF1801,15,1,8,2023,3,1,20,MB,,,,
-32.530007,152.32257,UOF1801,3,1.3,7,2023,3,1,21,MB,,,,
-32.516103,152.350697,UOF1801,14,0.9,9,2023,3,1,22,MB,,,,
-32.485057,152.397644,UOF1801,54,0.7,10,2023,3,1,23,MB,,,,
-32.472685,152.390396,UOF1801,13,0.7,11,2023,3,2,0,MB,,,,
-32.471827,152.386632,UOF1801,21,0.8,10,2023,3,2,1,MB,,,,
-32.473734,152.398432,UOF1801,20,0.8,9,2023,3,2,2,MB,,,,
-32.47142,152.385742,UOF1801,18,0.8,9,2023,3,2,3,MB,,,,
-32.471344,152.385716,UOF1801,3,0.8,9,2023,3,2,4,MB,,,,
-32.47135,152.385665,UOF1801,14,0.8,9,2023,3,2,5,MB,,,,
-32.471363,152.385691,UOF1801,17,0.8,10,2023,3,2,6,MB,,,,
-32.465221,152.377782,UOF1801,0,1.2,8,2023,3,2,7,MB,,,,
-32.467421,152.377044,UOF1801,16,0.7,12,2023,3,2,8,MB,,,,
-32.467395,152.377044,UOF1801,16,0.9,9,2023,3,2,9,MB,,,,
-32.467357,152.377095,UOF1801,16,1,10,2023,3,2,10,MB,,,,
-32.467402,152.37707,UOF1801,6,0.8,10,2023,3,2,11,MB,,,,
-32.46737,152.37707,UOF1801,1,1.1,7,2023,3,2,12,MB,,,,
-32.467268,152.376968,UOF1801,31,1.2,6,2023,3,2,13,MB,,,,
-32.467408,152.377044,UOF1801,17,0.9,8,2023,3,2,14,MB,,,,
-32.467408,152.377019,UOF1801,48,1.8,5,2023,3,2,15,MB,,,,
-32.467332,152.37707,UOF1801,32,1,8,2023,3,2,16,MB,,,,
-32.467402,152.377044,UOF1801,20,0.9,7,2023,3,2,17,MB,,,,
-32.469964,152.381851,UOF1801,55,1.2,7,2023,3,2,19,MB,,,,
-32.471433,152.385284,UOF1801,10,0.8,9,2023,3,2,20,MB,,,,
-32.47217,152.394388,UOF1801,16,0.8,9,2023,3,2,21,MB,,,,
-32.473321,152.406239,UOF1801,15,0.9,9,2023,3,2,22,MB,,,,
-32.469264,152.404281,UOF1801,23,0.7,11,2023,3,2,23,MB,,,,
-32.469067,152.401077,UOF1801,13,0.7,11,2023,3,3,0,MB,,,,
-32.468648,152.396245,UOF1801,14,0.8,10,2023,3,3,1,MB,,,,
-32.471973,152.394109,UOF1801,16,0.7,10,2023,3,3,2,MB,,,,
-32.473664,152.372797,UOF1801,30,0.8,9,2023,3,3,3,MB,,,,
-32.493005,152.335667,UOF1801,9,1,8,2023,3,3,4,MB,,,,
-32.509173,152.319468,UOF1801,6,1.2,7,2023,3,3,5,MB,,,,
-32.506579,152.315551,UOF1801,41,0.7,11,2023,3,3,6,MB,,,,
-32.509745,152.319315,UOF1801,7,1.1,9,2023,3,3,7,MB,,,,
-32.509745,152.319264,UOF1801,20,0.8,10,2023,3,3,8,MB,,,,
-32.509732,152.31929,UOF1801,6,0.9,9,2023,3,3,9,MB,,,,
-32.509713,152.319315,UOF1801,0,0.9,10,2023,3,3,10,MB,,,,
-32.509554,152.319315,UOF1801,20,1.1,7,2023,3,3,11,MB,,,,
-32.50949,152.319239,UOF1801,10,1,8,2023,3,3,12,MB,,,,
-32.509522,152.319264,UOF1801,9,0.9,8,2023,3,3,13,MB,,,,
-32.509516,152.319188,UOF1801,16,0.9,8,2023,3,3,14,MB,,,,
-32.509726,152.319519,UOF1801,43,1.2,6,2023,3,3,15,MB,,,,
-32.509541,152.319239,UOF1801,25,0.9,8,2023,3,3,16,MB,,,,
-32.509484,152.319188,UOF1801,0,1,6,2023,3,3,17,MB,,,,
-32.50956,152.319315,UOF1801,47,1.3,6,2023,3,3,18,MB,,,,
-32.51958,152.322341,UOF1801,59,1.2,6,2023,3,3,19,MB,,,,
-32.528672,152.322214,UOF1801,10,0.9,8,2023,3,3,20,MB,,,,
-32.524985,152.322952,UOF1801,19,0.8,9,2023,3,3,21,MB,,,,
-32.492725,152.335973,UOF1801,21,0.9,8,2023,3,3,22,MB,,,,
-32.484193,152.350926,UOF1801,18,0.7,11,2023,3,3,23,MB,,,,
-32.505313,152.324885,UOF1801,24,0.9,9,2023,3,4,0,MB,,,,
-32.528748,152.322647,UOF1801,40,0.8,9,2023,3,4,1,MB,,,,
-32.528577,152.322469,UOF1801,25,0.8,9,2023,3,4,2,MB,,,,
-32.524279,152.322596,UOF1801,4,0.9,8,2023,3,4,3,MB,,,,
-32.524063,152.322825,UOF1801,0,1,8,2023,3,4,4,MB,,,,
-32.524215,152.32285,UOF1801,15,0.8,9,2023,3,4,5,MB,,,,
-32.524336,152.322901,UOF1801,21,0.9,9,2023,3,4,6,MB,,,,
-32.535049,152.321248,UOF1801,5,1.2,8,2023,3,4,7,MB,,,,
-32.520248,152.333429,UOF1801,18,0.8,10,2023,3,4,8,MB,,,,
-32.520337,152.330632,UOF1801,11,1,8,2023,3,4,9,MB,,,,
-32.520502,152.330708,UOF1801,33,1,10,2023,3,4,10,MB,,,,
-32.52028,152.330683,UOF1801,37,0.8,10,2023,3,4,11,MB,,,,
-32.520286,152.330505,UOF1801,36,0.8,10,2023,3,4,12,MB,,,,
-32.520299,152.330581,UOF1801,22,0.9,8,2023,3,4,13,MB,,,,
-32.520324,152.330734,UOF1801,13,1,7,2023,3,4,14,MB,,,,
-32.520121,152.330657,UOF1801,18,1.1,7,2023,3,4,15,MB,,,,
-32.520331,152.33081,UOF1801,32,0.9,8,2023,3,4,16,MB,,,,
-32.520305,152.330683,UOF1801,1,1,7,2023,3,4,17,MB,,,,
-32.520426,152.330683,UOF1801,3,0.9,8,2023,3,4,18,MB,,,,
-32.525264,152.336405,UOF1801,0,1,8,2023,3,4,19,MB,,,,
-32.522499,152.341974,UOF1801,14,1,9,2023,3,4,20,MB,,,,
-32.518697,152.345484,UOF1801,0,1.4,6,2023,3,4,21,MB,,,,
-32.505739,152.369771,UOF1801,11,0.7,10,2023,3,4,22,MB,,,,
-32.48781,152.400568,UOF1801,13,0.7,11,2023,3,4,23,MB,,,,
-32.47629,152.403137,UOF1801,8,0.9,9,2023,3,5,0,MB,,,,
-32.47135,152.385691,UOF1801,22,0.8,10,2023,3,5,1,MB,,,,
-32.481554,152.354029,UOF1801,26,0.8,9,2023,3,5,2,MB,,,,
-32.492045,152.337473,UOF1801,11,0.8,9,2023,3,5,3,MB,,,,
-32.509255,152.318018,UOF1801,4,0.9,8,2023,3,5,4,MB,,,,
-32.509287,152.318094,UOF1801,14,0.8,10,2023,3,5,5,MB,,,,
-32.509312,152.317993,UOF1801,7,1,9,2023,3,5,6,MB,,,,
-32.501181,152.304387,UOF1801,11,0.9,9,2023,3,5,7,MB,,,,
-32.482972,152.302454,UOF1801,6,0.8,10,2023,3,5,8,MB,,,,
-32.471413,152.2919,UOF1801,21,0.7,11,2023,3,5,9,MB,,,,
-32.472513,152.291468,UOF1801,16,1,10,2023,3,5,10,MB,,,,
-32.472551,152.291417,UOF1801,15,0.9,9,2023,3,5,11,MB,,,,
-32.472545,152.291417,UOF1801,16,0.9,9,2023,3,5,12,MB,,,,
-32.472551,152.291468,UOF1801,8,0.8,9,2023,3,5,13,MB,,,,
-32.47252,152.291493,UOF1801,27,0.9,8,2023,3,5,14,MB,,,,
-32.472545,152.29157,UOF1801,36,0.9,8,2023,3,5,15,MB,,,,
-32.472513,152.291493,UOF1801,49,0.9,8,2023,3,5,16,MB,,,,
-32.472551,152.291544,UOF1801,4,1,6,2023,3,5,17,MB,,,,
-32.472558,152.291544,UOF1801,19,0.9,8,2023,3,5,18,MB,,,,
-32.52103,152.322672,UOF1801,53,0.9,9,2023,3,5,21,MB,,,,
-32.528647,152.322418,UOF1801,5,0.8,9,2023,3,5,22,MB,,,,
-32.528659,152.322469,UOF1801,12,0.8,10,2023,3,5,23,MB,,,,
-32.535755,152.322901,UOF1801,0,1.1,8,2023,3,6,0,MB,,,,
-32.500729,152.380427,UOF1801,10,0.9,11,2023,3,6,1,MB,,,,
-32.48329,152.416234,UOF1801,11,0.7,11,2023,3,6,2,MB,,,,
-32.470542,152.422566,UOF1801,16,0.9,8,2023,3,6,3,MB,,,,
-32.463937,152.425694,UOF1801,21,1.1,7,2023,3,6,4,MB,,,,
-32.471439,152.386021,UOF1801,18,0.9,9,2023,3,6,5,MB,,,,
-32.464928,152.384063,UOF1801,36,1.2,8,2023,3,6,6,MB,,,,
-32.457083,152.379994,UOF1801,10,1.3,7,2023,3,6,7,MB,,,,
-32.46009,152.380223,UOF1801,17,0.8,9,2023,3,6,8,MB,,,,
-32.464979,152.380605,UOF1801,20,0.8,10,2023,3,6,9,MB,,,,
-32.465062,152.380401,UOF1801,15,0.9,11,2023,3,6,10,MB,,,,
-32.465145,152.380376,UOF1801,6,0.8,10,2023,3,6,11,MB,,,,
-32.465062,152.380452,UOF1801,86,1.2,6,2023,3,6,12,MB,,,,
-32.46503,152.380401,UOF1801,22,0.9,8,2023,3,6,13,MB,,,,
-32.46496,152.380249,UOF1801,32,1,7,2023,3,6,14,MB,,,,
-32.465221,152.380376,UOF1801,34,1.3,6,2023,3,6,15,MB,,,,
-32.464935,152.380503,UOF1801,63,1,7,2023,3,6,16,MB,,,,
-32.46517,152.380376,UOF1801,21,1,6,2023,3,6,17,MB,,,,
-32.465062,152.380223,UOF1801,0,1,7,2023,3,6,18,MB,,,,
-32.465113,152.380325,UOF1801,10,0.9,8,2023,3,6,19,MB,,,,
-32.471388,152.385691,UOF1801,12,1,7,2023,3,6,20,MB,,,,
-32.475203,152.364735,UOF1801,0,1.3,7,2023,3,6,21,MB,,,,
-32.485299,152.349146,UOF1801,33,0.9,9,2023,3,6,22,MB,,,,
-32.485274,152.349095,UOF1801,17,0.8,10,2023,3,6,23,MB,,,,
-32.491275,152.338872,UOF1801,13,0.9,9,2023,3,7,0,MB,,,,
-32.525697,152.322265,UOF1801,17,0.8,10,2023,3,7,1,MB,,,,
-32.526002,152.322138,UOF1801,0,1,8,2023,3,7,2,MB,,,,
-32.525964,152.322062,UOF1801,28,0.8,9,2023,3,7,3,MB,,,,
-32.525862,152.322062,UOF1801,11,0.9,8,2023,3,7,4,MB,,,,
-32.525945,152.322113,UOF1801,9,0.8,9,2023,3,7,5,MB,,,,
-32.523929,152.32257,UOF1801,21,1,9,2023,3,7,6,MB,,,,
-32.509834,152.327657,UOF1801,10,0.8,10,2023,3,7,7,MB,,,,
-32.5071,152.327835,UOF1801,17,0.7,11,2023,3,7,8,MB,,,,
-32.506,152.32786,UOF1801,14,1.1,8,2023,3,7,9,MB,,,,
-32.50586,152.328038,UOF1801,12,1,9,2023,3,7,10,MB,,,,
-32.505956,152.32786,UOF1801,0,1.3,7,2023,3,7,11,MB,,,,
-32.506006,152.32786,UOF1801,6,1.2,7,2023,3,7,12,MB,,,,
-32.505847,152.328216,UOF1801,51,0.9,8,2023,3,7,13,MB,,,,
-32.505879,152.327911,UOF1801,28,1,7,2023,3,7,14,MB,,,,
-32.50593,152.32786,UOF1801,20,1.7,6,2023,3,7,15,MB,,,,
-32.505523,152.328369,UOF1801,126,1.1,6,2023,3,7,16,MB,,,,
-32.505911,152.327936,UOF1801,4,1,7,2023,3,7,17,MB,,,,
-32.505822,152.328038,UOF1801,56,0.9,8,2023,3,7,18,MB,,,,
-32.505917,152.327911,UOF1801,27,1.2,7,2023,3,7,19,MB,,,,
-32.512879,152.320638,UOF1801,14,0.9,9,2023,3,7,20,MB,,,,
-32.526161,152.32224,UOF1801,31,1.2,8,2023,3,7,21,MB,,,,
-32.524152,152.322723,UOF1801,44,0.8,9,2023,3,7,22,MB,,,,
-32.52405,152.32257,UOF1801,16,0.8,9,2023,3,7,23,MB,,,,
-32.510323,152.319315,UOF1801,5,1.2,8,2023,3,8,0,MB,,,,
-32.495675,152.325546,UOF1801,24,0.8,10,2023,3,8,1,MB,,,,
-32.484403,152.350697,UOF1801,11,0.9,9,2023,3,8,2,MB,,,,
-32.472462,152.390803,UOF1801,13,0.9,8,2023,3,8,3,MB,,,,
-32.47299,152.396016,UOF1801,13,0.8,9,2023,3,8,4,MB,,,,
-32.471261,152.405807,UOF1801,7,0.8,10,2023,3,8,5,MB,,,,
-32.469614,152.403366,UOF1801,5,0.8,11,2023,3,8,6,MB,,,,
-32.472971,152.397491,UOF1801,24,0.9,9,2023,3,8,7,MB,,,,
-32.472927,152.397491,UOF1801,31,0.7,11,2023,3,8,8,MB,,,,
-32.473054,152.397542,UOF1801,31,0.8,10,2023,3,8,9,MB,,,,
-32.472532,152.39805,UOF1801,30,1,9,2023,3,8,10,MB,,,,
-32.472628,152.398025,UOF1801,30,0.9,9,2023,3,8,11,MB,,,,
-32.472558,152.398025,UOF1801,7,1.2,7,2023,3,8,12,MB,,,,
-32.472405,152.398025,UOF1801,19,0.8,9,2023,3,8,13,MB,,,,
-32.472456,152.398025,UOF1801,20,0.9,8,2023,3,8,14,MB,,,,
-32.472323,152.39805,UOF1801,17,0.8,9,2023,3,8,15,MB,,,,
-32.472424,152.39805,UOF1801,20,0.8,9,2023,3,8,16,MB,,,,
-32.472437,152.398,UOF1801,12,0.8,8,2023,3,8,17,MB,,,,
-32.472424,152.398,UOF1801,28,0.9,8,2023,3,8,18,MB,,,,
-32.472393,152.398,UOF1801,22,0.9,9,2023,3,8,19,MB,,,,
-32.492712,152.399983,UOF1801,8,0.8,10,2023,3,8,20,MB,,,,
-32.500144,152.380579,UOF1801,15,0.9,9,2023,3,8,21,MB,,,,
-32.500075,152.380833,UOF1801,18,0.7,10,2023,3,8,22,MB,,,,
-32.500151,152.380579,UOF1801,20,0.7,11,2023,3,8,23,MB,,,,
-32.500106,152.381062,UOF1801,3,0.9,9,2023,3,9,0,MB,,,,
-32.500125,152.381088,UOF1801,13,0.7,11,2023,3,9,1,MB,,,,
-32.523459,152.340703,UOF1801,11,0.7,11,2023,3,9,2,MB,,,,
-32.524393,152.322748,UOF1801,14,0.9,8,2023,3,9,3,MB,,,,
-32.52405,152.322799,UOF1801,0,0.8,9,2023,3,9,4,MB,,,,
-32.524272,152.322723,UOF1801,22,1,8,2023,3,9,5,MB,,,,
-32.52522,152.32224,UOF1801,0,1,9,2023,3,9,6,MB,,,,
-32.524228,152.322697,UOF1801,12,0.8,11,2023,3,9,7,MB,,,,
-32.517063,152.325749,UOF1801,21,0.7,11,2023,3,9,8,MB,,,,
-32.517552,152.325902,UOF1801,17,1.1,9,2023,3,9,9,MB,,,,
-32.517495,152.325927,UOF1801,25,1,8,2023,3,9,10,MB,,,,
-32.517527,152.325927,UOF1801,19,0.8,10,2023,3,9,11,MB,,,,
-32.517495,152.325927,UOF1801,9,1.2,7,2023,3,9,12,MB,,,,
-32.517571,152.325851,UOF1801,14,0.9,8,2023,3,9,13,MB,,,,
-32.517419,152.326054,UOF1801,19,0.9,8,2023,3,9,14,MB,,,,
-32.528844,152.322494,UOF1801,26,0.8,10,2023,3,9,15,MB,,,,
-32.528685,152.322545,UOF1801,4,1,7,2023,3,9,16,MB,,,,
-32.528609,152.322418,UOF1801,7,0.9,7,2023,3,9,17,MB,,,,
-32.528659,152.322469,UOF1801,15,0.9,8,2023,3,9,18,MB,,,,
-32.528647,152.322367,UOF1801,14,0.8,9,2023,3,9,19,MB,,,,
-32.524444,152.32257,UOF1801,12,0.9,9,2023,3,9,20,MB,,,,
-32.525436,152.322621,UOF1801,24,1.1,8,2023,3,9,21,MB,,,,
-32.524921,152.322901,UOF1801,27,0.6,12,2023,3,9,22,MB,,,,
-32.490798,152.339813,UOF1801,28,0.6,12,2023,3,9,23,MB,,,,
-32.473289,152.373789,UOF1801,33,0.9,9,2023,3,10,0,MB,,,,
-32.472037,152.389048,UOF1801,25,0.7,11,2023,3,10,1,MB,,,,
-32.473613,152.40184,UOF1801,15,0.8,10,2023,3,10,2,MB,,,,
-32.47348,152.398737,UOF1801,15,0.9,8,2023,3,10,3,MB,,,,
-32.456186,152.379002,UOF1801,0,0.8,9,2023,3,10,4,MB,,,,
-32.4566,152.378061,UOF1801,15,0.9,9,2023,3,10,5,MB,,,,
-32.4566,152.378214,UOF1801,0,1.2,7,2023,3,10,6,MB,,,,
-32.465049,152.384216,UOF1801,15,0.8,11,2023,3,10,7,MB,,,,
-32.469385,152.377298,UOF1801,13,0.7,11,2023,3,10,8,MB,,,,
-32.469322,152.376739,UOF1801,27,0.8,10,2023,3,10,9,MB,,,,
-32.469398,152.377019,UOF1801,21,0.8,11,2023,3,10,10,MB,,,,
-32.469328,152.376993,UOF1801,33,0.7,12,2023,3,10,11,MB,,,,
-32.469373,152.376968,UOF1801,16,0.9,8,2023,3,10,12,MB,,,,
-32.469048,152.377222,UOF1801,42,0.9,8,2023,3,10,13,MB,,,,
-32.469245,152.377095,UOF1801,34,0.9,8,2023,3,10,14,MB,,,,
-32.469303,152.377019,UOF1801,38,1.2,7,2023,3,10,15,MB,,,,
-32.469423,152.377044,UOF1801,16,0.9,7,2023,3,10,16,MB,,,,
-32.469347,152.376968,UOF1801,17,0.9,7,2023,3,10,17,MB,,,,
-32.469379,152.377019,UOF1801,18,1,7,2023,3,10,18,MB,,,,
-32.469315,152.376968,UOF1801,0,0.9,8,2023,3,10,19,MB,,,,
-32.471839,152.386683,UOF1801,0,0.8,10,2023,3,10,20,MB,,,,
-32.472157,152.393803,UOF1801,8,0.8,10,2023,3,10,21,MB,,,,
-32.472698,152.396474,UOF1801,20,0.7,11,2023,3,10,22,MB,,,,
-32.476716,152.413894,UOF1801,32,0.8,9,2023,3,10,23,MB,,,,
-32.480639,152.415547,UOF1801,12,0.9,9,2023,3,11,0,MB,,,,
-32.480734,152.415598,UOF1801,29,1,8,2023,3,11,1,MB,,,,
-32.4802,152.412826,UOF1801,15,1.3,6,2023,3,11,2,MB,,,,
-32.493418,152.398101,UOF1801,0,0.9,8,2023,3,11,3,MB,,,,
-32.496489,152.388361,UOF1801,3,0.9,8,2023,3,11,4,MB,,,,
-32.496438,152.388336,UOF1801,9,0.8,10,2023,3,11,5,MB,,,,
-32.496114,152.388819,UOF1801,0,1.5,8,2023,3,11,6,MB,,,,
-32.500068,152.381444,UOF1801,4,0.6,13,2023,3,11,7,MB,,,,
-32.496069,152.386708,UOF1801,12,0.7,11,2023,3,11,8,MB,,,,
-32.496044,152.386683,UOF1801,9,0.7,11,2023,3,11,9,MB,,,,
-32.496056,152.386708,UOF1801,0,0.9,9,2023,3,11,10,MB,,,,
-32.496063,152.386683,UOF1801,14,0.8,9,2023,3,11,11,MB,,,,
-32.496082,152.386683,UOF1801,8,1.1,7,2023,3,11,12,MB,,,,
-32.49605,152.386606,UOF1801,4,1,7,2023,3,11,13,MB,,,,
-32.496044,152.386708,UOF1801,14,1,7,2023,3,11,14,MB,,,,
-32.496095,152.386683,UOF1801,15,1.2,7,2023,3,11,15,MB,,,,
-32.496215,152.386657,UOF1801,1,0.8,8,2023,3,11,16,MB,,,,
-32.496164,152.386657,UOF1801,11,1.1,7,2023,3,11,17,MB,,,,
-32.496158,152.386657,UOF1801,0,0.9,8,2023,3,11,18,MB,,,,
-32.496247,152.39037,UOF1801,3,0.8,10,2023,3,11,19,MB,,,,
-32.496298,152.388819,UOF1801,2,0.8,10,2023,3,11,20,MB,,,,
-32.477116,152.402425,UOF1801,10,0.8,10,2023,3,11,21,MB,,,,
-32.473136,152.376078,UOF1801,19,0.6,12,2023,3,11,22,MB,,,,
-32.490735,152.33966,UOF1801,3,0.6,12,2023,3,11,23,MB,,,,
-32.502147,152.32903,UOF1801,18,0.9,9,2023,3,12,0,MB,,,,
-32.509758,152.319264,UOF1801,27,0.8,9,2023,3,12,1,MB,,,,
-32.526034,152.322341,UOF1801,15,0.8,10,2023,3,12,2,MB,,,,
-32.524107,152.322647,UOF1801,9,0.9,8,2023,3,12,3,MB,,,,
-32.509452,152.318171,UOF1801,0,0.8,9,2023,3,12,4,MB,,,,
-32.506496,152.315017,UOF1801,12,0.8,10,2023,3,12,5,MB,,,,
-32.503966,152.305938,UOF1801,15,1.5,8,2023,3,12,6,MB,,,,
-32.509452,152.319671,UOF1801,5,0.7,12,2023,3,12,7,MB,,,,
-32.509942,152.319442,UOF1801,0,0.7,11,2023,3,12,8,MB,,,,
-32.509923,152.319417,UOF1801,20,1,10,2023,3,12,9,MB,,,,
-32.509815,152.319493,UOF1801,18,1,7,2023,3,12,10,MB,,,,
-32.509885,152.319493,UOF1801,9,1.4,8,2023,3,12,11,MB,,,,
-32.509897,152.319493,UOF1801,5,1.3,6,2023,3,12,12,MB,,,,
-32.509675,152.318272,UOF1801,0,0.8,9,2023,3,12,13,MB,,,,
-32.528678,152.322596,UOF1801,0,0.9,8,2023,3,12,14,MB,,,,
-32.528793,152.322494,UOF1801,8,1.5,6,2023,3,12,15,MB,,,,
-32.528602,152.322697,UOF1801,1,1,7,2023,3,12,16,MB,,,,
-32.52864,152.322621,UOF1801,1,1,7,2023,3,12,17,MB,,,,
-32.528678,152.322596,UOF1801,16,0.9,8,2023,3,12,18,MB,,,,
-32.528621,152.322621,UOF1801,28,0.8,9,2023,3,12,19,MB,,,,
-32.536333,152.321121,UOF1801,0,0.8,10,2023,3,12,20,MB,,,,
-32.491905,152.3376,UOF1801,28,0.8,10,2023,3,12,21,MB,,,,
-32.483379,152.352376,UOF1801,51,0.6,12,2023,3,12,22,MB,,,,
-32.488446,152.349375,UOF1801,27,0.9,10,2023,3,12,23,MB,,,,
-32.486888,152.349604,UOF1801,13,1,9,2023,3,13,0,MB,,,,
-32.471858,152.386784,UOF1801,19,1.9,5,2023,3,13,1,MB,,,,
-32.473957,152.398712,UOF1801,10,1.1,7,2023,3,13,2,MB,,,,
-32.472189,152.391413,UOF1801,9,1.1,7,2023,3,13,3,MB,,,,
-32.469837,152.384902,UOF1801,31,0.9,8,2023,3,13,4,MB,,,,
-32.469633,152.384826,UOF1801,18,0.8,10,2023,3,13,5,MB,,,,
-32.46964,152.384852,UOF1801,0,1.1,9,2023,3,13,6,MB,,,,
-32.46969,152.385004,UOF1801,20,0.8,10,2023,3,13,7,MB,,,,
-32.482934,152.352223,UOF1801,11,0.8,10,2023,3,13,8,MB,,,,
-32.484307,152.352274,UOF1801,11,1,8,2023,3,13,9,MB,,,,
-32.484358,152.352223,UOF1801,18,0.8,11,2023,3,13,10,MB,,,,
-32.484377,152.352223,UOF1801,0,1.2,6,2023,3,13,11,MB,,,,
-32.484377,152.3523,UOF1801,27,0.9,8,2023,3,13,12,MB,,,,
-32.484345,152.352147,UOF1801,0,0.8,9,2023,3,13,13,MB,,,,
-32.484294,152.352147,UOF1801,1,1,7,2023,3,13,14,MB,,,,
-32.484333,152.352121,UOF1801,11,0.8,9,2023,3,13,15,MB,,,,
-32.484072,152.352478,UOF1801,88,1.1,6,2023,3,13,16,MB,,,,
-32.484288,152.352096,UOF1801,25,0.8,8,2023,3,13,17,MB,,,,
-32.484358,152.352147,UOF1801,16,1.2,7,2023,3,13,18,MB,,,,
-32.48432,152.352249,UOF1801,27,1,8,2023,3,13,19,MB,,,,
-32.495065,152.335413,UOF1801,13,0.9,9,2023,3,13,20,MB,,,,
-32.503247,152.309143,UOF1801,17,1,9,2023,3,13,21,MB,,,,
-32.525824,152.322087,UOF1801,5,0.8,10,2023,3,13,22,MB,,,,
-32.527222,152.322163,UOF1801,0,1,8,2023,3,13,23,MB,,,,
-32.524171,152.322647,UOF1801,0,0.8,10,2023,3,14,0,MB,,,,
-32.502605,152.307006,UOF1801,8,0.8,9,2023,3,14,1,MB,,,,
-32.505123,152.313262,UOF1801,3,0.8,10,2023,3,14,2,MB,,,,
-32.48657,152.32964,UOF1801,45,1,8,2023,3,14,3,MB,,,,
-32.490379,152.332616,UOF1801,22,0.8,9,2023,3,14,4,MB,,,,
-32.490455,152.332641,UOF1801,37,0.9,9,2023,3,14,5,MB,,,,
-32.490334,152.332743,UOF1801,22,1.2,8,2023,3,14,6,MB,,,,
-32.490811,152.333328,UOF1801,28,0.8,11,2023,3,14,7,MB,,,,
-32.490868,152.333786,UOF1801,0,0.9,9,2023,3,14,8,MB,,,,
-32.490881,152.333836,UOF1801,17,1,10,2023,3,14,9,MB,,,,
-32.490818,152.333887,UOF1801,5,0.8,10,2023,3,14,10,MB,,,,
-32.490811,152.333862,UOF1801,0,1.1,8,2023,3,14,11,MB,,,,
-32.491027,152.333811,UOF1801,44,1.1,7,2023,3,14,12,MB,,,,
-32.491021,152.333913,UOF1801,0,0.8,9,2023,3,14,13,MB,,,,
-32.490907,152.333964,UOF1801,32,1.8,5,2023,3,14,14,MB,,,,
-32.490913,152.333786,UOF1801,40,0.9,8,2023,3,14,15,MB,,,,
-32.490913,152.333684,UOF1801,0,1.3,6,2023,3,14,16,MB,,,,
-32.490805,152.33376,UOF1801,33,0.8,8,2023,3,14,17,MB,,,,
-32.502465,152.328318,UOF1801,50,1.2,7,2023,3,14,18,MB,,,,
-32.505358,152.328292,UOF1801,19,0.8,10,2023,3,14,19,MB,,,,
-32.503781,152.31077,UOF1801,3,0.9,9,2023,3,14,20,MB,,,,
-32.526135,152.322291,UOF1801,5,0.9,9,2023,3,14,21,MB,,,,
-32.524489,152.322367,UOF1801,2,0.7,10,2023,3,14,22,MB,,,,
-32.528685,152.322392,UOF1801,19,0.7,11,2023,3,14,23,MB,,,,
-32.528513,152.322214,UOF1801,28,1,8,2023,3,15,0,MB,,,,
-32.519625,152.322291,UOF1801,17,0.8,9,2023,3,15,1,MB,,,,
-32.487295,152.346094,UOF1801,10,0.8,10,2023,3,15,2,MB,,,,
-32.472482,152.38798,UOF1801,1,0.8,9,2023,3,15,3,MB,,,,
-32.472119,152.380452,UOF1801,25,0.8,9,2023,3,15,4,MB,,,,
-32.481859,152.352656,UOF1801,22,0.7,11,2023,3,15,5,MB,,,,
-32.484142,152.347086,UOF1801,0,1.3,7,2023,3,15,6,MB,,,,
-32.490201,152.33437,UOF1801,9,0.7,11,2023,3,15,7,MB,,,,
-32.490849,152.333989,UOF1801,22,0.7,11,2023,3,15,8,MB,,,,
-32.490875,152.333913,UOF1801,13,1,10,2023,3,15,9,MB,,,,
-32.496222,152.32552,UOF1801,10,0.7,11,2023,3,15,10,MB,,,,
-32.502847,152.312983,UOF1801,37,0.9,9,2023,3,15,11,MB,,,,
-32.502929,152.313415,UOF1801,2,1.1,7,2023,3,15,12,MB,,,,
-32.510082,152.319493,UOF1801,0,1,7,2023,3,15,13,MB,,,,
-32.51162,152.319976,UOF1801,0,1.7,6,2023,3,15,14,MB,,,,
-32.511741,152.319976,UOF1801,0,1.2,6,2023,3,15,15,MB,,,,
-32.511627,152.320002,UOF1801,0,0.9,7,2023,3,15,16,MB,,,,
-32.515651,152.32135,UOF1801,7,0.7,10,2023,3,15,17,MB,,,,
-32.526015,152.322316,UOF1801,15,0.8,9,2023,3,15,19,MB,,,,
-32.525646,152.322494,UOF1801,19,0.9,9,2023,3,15,20,MB,,,,
-32.525531,152.322265,UOF1801,12,1,7,2023,3,15,21,MB,,,,
-32.531088,152.32224,UOF1801,20,0.7,11,2023,3,15,22,MB,,,,
-32.534572,152.323715,UOF1801,22,0.8,10,2023,3,15,23,MB,,,,
-32.534591,152.323766,UOF1801,13,0.9,9,2023,3,16,0,MB,,,,
-32.534642,152.323689,UOF1801,19,1.1,7,2023,3,16,1,MB,,,,
-32.534629,152.32374,UOF1801,23,0.9,7,2023,3,16,2,MB,,,,
-32.534725,152.323766,UOF1801,12,1.3,6,2023,3,16,3,MB,,,,
-32.533962,152.322875,UOF1801,15,0.9,9,2023,3,16,4,MB,,,,
-32.503737,152.310745,UOF1801,30,0.7,11,2023,3,16,5,MB,,,,
-32.483964,152.303268,UOF1801,0,1.1,9,2023,3,16,6,MB,,,,
-32.476264,152.291976,UOF1801,6,0.9,10,2023,3,16,7,MB,,,,
-32.46791,152.290756,UOF1801,12,0.8,10,2023,3,16,8,MB,,,,
-32.475762,152.29218,UOF1801,17,1,10,2023,3,16,9,MB,,,,
-32.475641,152.292129,UOF1801,4,0.7,11,2023,3,16,10,MB,,,,
-32.475769,152.292104,UOF1801,0,1,8,2023,3,16,11,MB,,,,
-32.475794,152.292002,UOF1801,13,0.9,8,2023,3,16,12,MB,,,,
-32.475591,152.292002,UOF1801,41,1,7,2023,3,16,13,MB,,,,
-32.475692,152.292002,UOF1801,16,1.2,7,2023,3,16,14,MB,,,,
-32.475457,152.292256,UOF1801,9,1.1,8,2023,3,16,15,MB,,,,
-32.475514,152.292383,UOF1801,0,0.9,8,2023,3,16,16,MB,,,,
-32.475521,152.292307,UOF1801,0,0.7,10,2023,3,16,17,MB,,,,
-32.475495,152.292383,UOF1801,0,1.1,8,2023,3,16,18,MB,,,,
-32.475482,152.292282,UOF1801,0,0.8,9,2023,3,16,19,MB,,,,
-32.495758,152.308354,UOF1801,35,0.9,9,2023,3,16,20,MB,,,,
-32.512892,152.321222,UOF1801,16,0.9,9,2023,3,16,21,MB,,,,
-32.526027,152.322341,UOF1801,0,1,7,2023,3,16,22,MB,,,,
-32.526008,152.322418,UOF1801,0,0.8,10,2023,3,16,23,MB,,,,
-32.526097,152.322214,UOF1801,6,0.8,10,2023,3,17,0,MB,,,,
-32.526199,152.322341,UOF1801,5,0.7,10,2023,3,17,1,MB,,,,
-32.527464,152.322443,UOF1801,13,0.8,9,2023,3,17,2,MB,,,,
-32.491949,152.337727,UOF1801,30,0.8,9,2023,3,17,3,MB,,,,
-32.472075,152.38798,UOF1801,20,0.8,9,2023,3,17,4,MB,,,,
-32.496126,152.388336,UOF1801,10,1.1,9,2023,3,17,5,MB,,,,
-32.495974,152.388234,UOF1801,0,1.2,7,2023,3,17,6,MB,,,,
-32.496101,152.38536,UOF1801,9,0.7,11,2023,3,17,7,MB,,,,
-32.492979,152.385767,UOF1801,11,0.8,10,2023,3,17,8,MB,,,,
-32.492947,152.385818,UOF1801,2,1,10,2023,3,17,9,MB,,,,
-32.492928,152.385843,UOF1801,0,0.7,11,2023,3,17,10,MB,,,,
-32.492928,152.385843,UOF1801,7,0.9,9,2023,3,17,11,MB,,,,
-32.492903,152.385843,UOF1801,0,0.7,10,2023,3,17,12,MB,,,,
-32.492947,152.385894,UOF1801,0,0.8,9,2023,3,17,13,MB,,,,
-32.49289,152.385869,UOF1801,0,1.1,7,2023,3,17,14,MB,,,,
-32.492909,152.385818,UOF1801,0,1,8,2023,3,17,15,MB,,,,
-32.492954,152.385869,UOF1801,0,1,8,2023,3,17,16,MB,,,,
-32.492973,152.385818,UOF1801,0,1,7,2023,3,17,17,MB,,,,
-32.492884,152.385945,UOF1801,22,1,8,2023,3,17,18,MB,,,,
-32.496145,152.386479,UOF1801,3,0.8,9,2023,3,17,19,MB,,,,
-32.506553,152.367431,UOF1801,3,0.9,9,2023,3,17,20,MB,,,,
-32.515422,152.352783,UOF1801,0,0.9,9,2023,3,17,21,MB,,,,
-32.514863,152.349833,UOF1801,9,1,7,2023,3,17,22,MB,,,,
-32.523014,152.339813,UOF1801,0,0.8,10,2023,3,17,23,MB,,,,
-32.523128,152.339686,UOF1801,5,0.8,10,2023,3,18,0,MB,,,,
-32.523134,152.339736,UOF1801,11,0.7,10,2023,3,18,1,MB,,,,
-32.537427,152.322138,UOF1801,4,0.9,8,2023,3,18,2,MB,,,,
-32.525391,152.322291,UOF1801,0,1,8,2023,3,18,3,MB,,,,
-32.524667,152.322621,UOF1801,28,0.8,10,2023,3,18,4,MB,,,,
-32.524476,152.322697,UOF1801,21,1.2,7,2023,3,18,5,MB,,,,
-32.524482,152.322799,UOF1801,16,0.9,10,2023,3,18,6,MB,,,,
-32.524946,152.322926,UOF1801,19,0.7,11,2023,3,18,7,MB,,,,
-32.528151,152.327301,UOF1801,35,0.8,10,2023,3,18,8,MB,,,,
-32.523503,152.34022,UOF1801,6,0.9,11,2023,3,18,9,MB,,,,
-32.519084,152.34556,UOF1801,2,0.7,11,2023,3,18,10,MB,,,,
-32.519243,152.345382,UOF1801,16,0.9,9,2023,3,18,11,MB,,,,
-32.519237,152.345408,UOF1801,1,0.7,10,2023,3,18,12,MB,,,,
-32.519205,152.345357,UOF1801,1,1,7,2023,3,18,13,MB,,,,
-32.519021,152.345331,UOF1801,0,1.1,7,2023,3,18,14,MB,,,,
-32.519237,152.345459,UOF1801,9,0.8,10,2023,3,18,15,MB,,,,
-32.519301,152.345459,UOF1801,0,0.9,8,2023,3,18,16,MB,,,,
-32.519345,152.345433,UOF1801,2,0.8,9,2023,3,18,17,MB,,,,
-32.519262,152.345484,UOF1801,9,1.1,7,2023,3,18,18,MB,,,,
-32.518919,152.346171,UOF1801,3,0.8,9,2023,3,18,19,MB,,,,
-32.518182,152.34762,UOF1801,5,0.7,10,2023,3,18,20,MB,,,,
-32.518264,152.347315,UOF1801,14,0.8,9,2023,3,18,21,MB,,,,
-32.518322,152.346959,UOF1801,2,0.8,10,2023,3,18,22,MB,,,,
-32.51815,152.346018,UOF1801,1,0.9,9,2023,3,18,23,MB,,,,
-32.518194,152.346018,UOF1801,15,0.8,10,2023,3,19,0,MB,,,,
-32.518182,152.346018,UOF1801,13,0.8,9,2023,3,19,1,MB,,,,
-32.502211,152.376714,UOF1801,0,0.9,9,2023,3,19,2,MB,,,,
-32.491968,152.398152,UOF1801,0,0.9,8,2023,3,19,3,MB,,,,
-32.491593,152.40067,UOF1801,13,0.8,10,2023,3,19,4,MB,,,,
-32.502065,152.376281,UOF1801,9,0.8,11,2023,3,19,5,MB,,,,
-32.515842,152.351587,UOF1801,0,1,10,2023,3,19,6,MB,,,,
-32.52014,152.345331,UOF1801,1,0.7,12,2023,3,19,7,MB,,,,
-32.518175,152.3479,UOF1801,4,0.8,10,2023,3,19,8,MB,,,,
-32.518283,152.347849,UOF1801,1,0.9,10,2023,3,19,9,MB,,,,
-32.519243,152.345484,UOF1801,3,0.9,9,2023,3,19,10,MB,,,,
-32.519231,152.345459,UOF1801,0,1,8,2023,3,19,11,MB,,,,
-32.519275,152.345459,UOF1801,0,0.7,10,2023,3,19,12,MB,,,,
-32.51925,152.345459,UOF1801,0,1,7,2023,3,19,13,MB,,,,
-32.519231,152.345408,UOF1801,9,1,8,2023,3,19,14,MB,,,,
-32.519231,152.345459,UOF1801,6,0.8,9,2023,3,19,15,MB,,,,
-32.519307,152.345433,UOF1801,0,1,7,2023,3,19,16,MB,,,,
-32.519288,152.345484,UOF1801,0,0.8,10,2023,3,19,17,MB,,,,
-32.518341,152.347086,UOF1801,5,1,8,2023,3,19,18,MB,,,,
-32.519282,152.345484,UOF1801,3,1,8,2023,3,19,19,MB,,,,
-32.532811,152.327962,UOF1801,0,0.9,9,2023,3,19,20,MB,,,,
-32.530662,152.322367,UOF1801,2,0.8,9,2023,3,19,21,MB,,,,
-32.535608,152.319951,UOF1801,10,0.7,12,2023,3,19,22,MB,,,,
-32.538145,152.317509,UOF1801,8,1,8,2023,3,19,23,MB,,,,
-32.544128,152.313542,UOF1801,11,1.5,8,2023,3,20,0,MB,,,,
-32.541877,152.316416,UOF1801,18,0.7,10,2023,3,20,1,MB,,,,
-32.526784,152.321985,UOF1801,9,0.8,9,2023,3,20,2,MB,,,,
-32.526987,152.321858,UOF1801,16,0.9,8,2023,3,20,3,MB,,,,
-32.526911,152.321909,UOF1801,18,0.8,10,2023,3,20,4,MB,,,,
-32.527458,152.322418,UOF1801,9,1.2,7,2023,3,20,5,MB,,,,
-32.524056,152.32257,UOF1801,0,0.8,10,2023,3,20,6,MB,,,,
-32.513108,152.326614,UOF1801,18,1,10,2023,3,20,7,MB,,,,
-32.511061,152.327707,UOF1801,52,0.8,10,2023,3,20,8,MB,,,,
-32.51033,152.325851,UOF1801,0,1.2,7,2023,3,20,9,MB,,,,
-32.510311,152.325775,UOF1801,54,1,8,2023,3,20,10,MB,,,,
-32.510368,152.325927,UOF1801,24,0.9,9,2023,3,20,11,MB,,,,
-32.510349,152.325953,UOF1801,19,0.8,9,2023,3,20,12,MB,,,,
-32.510177,152.325953,UOF1801,25,0.8,9,2023,3,20,13,MB,,,,
-32.510209,152.325851,UOF1801,16,1,8,2023,3,20,14,MB,,,,
-32.510164,152.326029,UOF1801,4,0.9,9,2023,3,20,15,MB,,,,
-32.510298,152.325927,UOF1801,0,0.9,8,2023,3,20,16,MB,,,,
-32.51026,152.325953,UOF1801,10,0.9,8,2023,3,20,17,MB,,,,
-32.510069,152.325978,UOF1801,0,1,7,2023,3,20,18,MB,,,,
-32.510355,152.325876,UOF1801,0,1.1,7,2023,3,20,19,MB,,,,
-32.528691,152.322418,UOF1801,0,0.9,9,2023,3,20,20,MB,,,,
-32.539735,152.317535,UOF1801,6,0.8,9,2023,3,20,21,MB,,,,
-32.543473,152.309829,UOF1801,9,0.9,8,2023,3,20,22,MB,,,,
-32.544865,152.312169,UOF1801,0,0.9,9,2023,3,20,23,MB,,,,
-32.543263,152.313135,UOF1801,18,0.9,9,2023,3,21,0,MB,,,,
-32.534267,152.320663,UOF1801,4,0.9,9,2023,3,21,1,MB,,,,
-32.529708,152.322545,UOF1801,42,0.9,9,2023,3,21,2,MB,,,,
-32.530376,152.32224,UOF1801,23,0.9,8,2023,3,21,3,MB,,,,
-32.530217,152.322291,UOF1801,22,0.8,10,2023,3,21,4,MB,,,,
-32.53016,152.322418,UOF1801,34,1,9,2023,3,21,5,MB,,,,
-32.530198,152.322367,UOF1801,0,1,10,2023,3,21,6,MB,,,,
-32.524997,152.322265,UOF1801,0,0.7,12,2023,3,21,7,MB,,,,
-32.530147,152.322418,UOF1801,3,0.7,10,2023,3,21,8,MB,,,,
-32.530033,152.322392,UOF1801,35,0.9,10,2023,3,21,9,MB,,,,
-32.530141,152.322443,UOF1801,8,0.8,10,2023,3,21,10,MB,,,,
-32.530064,152.322316,UOF1801,0,1.3,6,2023,3,21,11,MB,,,,
-32.530153,152.32224,UOF1801,0,0.8,9,2023,3,21,12,MB,,,,
-32.530096,152.322341,UOF1801,28,0.9,8,2023,3,21,13,MB,,,,
-32.530128,152.322392,UOF1801,23,1,8,2023,3,21,14,MB,,,,
-32.530217,152.322214,UOF1801,0,1,8,2023,3,21,15,MB,,,,
-32.509192,152.317866,UOF1801,8,0.8,9,2023,3,21,16,MB,,,,
-32.505377,152.323308,UOF1801,8,0.9,8,2023,3,21,17,MB,,,,
-32.505078,152.323282,UOF1801,9,0.9,8,2023,3,21,18,MB,,,,
-32.50539,152.323257,UOF1801,9,1,8,2023,3,21,19,MB,,,,
-32.504512,152.326131,UOF1801,13,0.9,9,2023,3,21,20,MB,,,,
-32.47999,152.356216,UOF1801,8,0.8,9,2023,3,21,21,MB,,,,
-32.472717,152.391744,UOF1801,16,0.7,11,2023,3,21,22,MB,,,,
-32.476309,152.403976,UOF1801,5,0.9,9,2023,3,21,23,MB,,,,
-32.476353,152.403976,UOF1801,18,0.7,11,2023,3,22,0,MB,,,,
-32.476818,152.424321,UOF1801,23,0.7,11,2023,3,22,1,MB,,,,
-32.493545,152.397237,UOF1801,1,1,7,2023,3,22,2,MB,,,,
-32.508028,152.365956,UOF1801,0,0.9,8,2023,3,22,3,MB,,,,
-32.519034,152.345382,UOF1801,2,0.8,9,2023,3,22,4,MB,,,,
-32.519034,152.345331,UOF1801,1,1.3,8,2023,3,22,5,MB,,,,
-32.519072,152.345357,UOF1801,0,1.1,8,2023,3,22,6,MB,,,,
-32.519104,152.345357,UOF1801,0,0.8,10,2023,3,22,7,MB,,,,
-32.519053,152.345357,UOF1801,0,1.3,8,2023,3,22,8,MB,,,,
-32.519351,152.345331,UOF1801,10,0.9,9,2023,3,22,9,MB,,,,
-32.519358,152.345306,UOF1801,0,0.7,11,2023,3,22,10,MB,,,,
-32.519339,152.345255,UOF1801,10,1.2,7,2023,3,22,11,MB,,,,
-32.519313,152.34523,UOF1801,3,0.8,9,2023,3,22,12,MB,,,,
-32.519288,152.345357,UOF1801,29,0.8,9,2023,3,22,13,MB,,,,
-32.519262,152.345331,UOF1801,0,0.9,9,2023,3,22,14,MB,,,,
-32.519396,152.345382,UOF1801,17,0.8,10,2023,3,22,15,MB,,,,
-32.519383,152.345357,UOF1801,0,1,7,2023,3,22,16,MB,,,,
-32.519364,152.345357,UOF1801,4,0.8,9,2023,3,22,17,MB,,,,
-32.519339,152.345306,UOF1801,4,0.9,9,2023,3,22,18,MB,,,,
-32.520394,152.344263,UOF1801,4,0.9,9,2023,3,22,19,MB,,,,
-32.539194,152.315984,UOF1801,5,0.9,9,2023,3,22,20,MB,,,,
-32.536988,152.319671,UOF1801,29,0.7,10,2023,3,22,21,MB,,,,
-32.506757,152.315221,UOF1801,2,0.9,8,2023,3,22,22,MB,,,,
-32.509414,152.318298,UOF1801,2,1.2,8,2023,3,22,23,MB,,,,
-32.482279,152.352325,UOF1801,19,0.7,11,2023,3,23,0,MB,,,,
-32.481548,152.352783,UOF1801,19,0.8,10,2023,3,23,1,MB,,,,
-32.476735,152.361836,UOF1801,13,0.9,8,2023,3,23,2,MB,,,,
-32.47149,152.386021,UOF1801,20,0.8,9,2023,3,23,3,MB,,,,
-32.472253,152.379511,UOF1801,16,0.8,9,2023,3,23,4,MB,,,,
-32.481885,152.352757,UOF1801,5,1.3,7,2023,3,23,5,MB,,,,
-32.481904,152.352757,UOF1801,12,0.9,9,2023,3,23,6,MB,,,,
-32.481618,152.347696,UOF1801,9,0.7,11,2023,3,23,7,MB,,,,
-32.482412,152.346145,UOF1801,11,0.8,10,2023,3,23,8,MB,,,,
-32.481681,152.347391,UOF1801,9,0.9,10,2023,3,23,9,MB,,,,
-32.481866,152.347315,UOF1801,10,0.8,10,2023,3,23,10,MB,,,,
-32.481897,152.347239,UOF1801,0,1.2,7,2023,3,23,11,MB,,,,
-32.481777,152.347162,UOF1801,3,0.9,8,2023,3,23,12,MB,,,,
-32.481948,152.347137,UOF1801,0,1,7,2023,3,23,13,MB,,,,
-32.481948,152.34729,UOF1801,40,1.5,6,2023,3,23,14,MB,,,,
-32.482101,152.347264,UOF1801,22,0.8,10,2023,3,23,15,MB,,,,
-32.481872,152.347264,UOF1801,25,0.8,9,2023,3,23,16,MB,,,,
-32.48184,152.34729,UOF1801,0,1,7,2023,3,23,17,MB,,,,
-32.481859,152.347137,UOF1801,19,0.9,8,2023,3,23,18,MB,,,,
-32.481828,152.347188,UOF1801,4,1,8,2023,3,23,19,MB,,,,
-32.481936,152.34729,UOF1801,7,1,8,2023,3,23,20,MB,,,,
-32.482959,152.349807,UOF1801,14,0.8,10,2023,3,23,21,MB,,,,
-32.49654,152.335184,UOF1801,12,0.8,9,2023,3,23,22,MB,,,,
-32.502656,152.305277,UOF1801,6,0.9,9,2023,3,23,23,MB,,,,
-32.502338,152.314763,UOF1801,20,1,8,2023,3,24,0,MB,,,,
-32.50237,152.317103,UOF1801,0,1,8,2023,3,24,1,MB,,,,
-32.505313,152.316518,UOF1801,1,1,7,2023,3,24,2,MB,,,,
-32.519746,152.322265,UOF1801,17,1.2,7,2023,3,24,3,MB,,,,
-32.52618,152.32224,UOF1801,15,1,8,2023,3,24,4,MB,,,,
-32.526084,152.322469,UOF1801,0,1.1,9,2023,3,24,5,MB,,,,
-32.526199,152.322341,UOF1801,8,0.8,11,2023,3,24,6,MB,,,,
-32.509859,152.329742,UOF1801,18,0.7,11,2023,3,24,7,MB,,,,
-32.508626,152.332819,UOF1801,10,0.9,10,2023,3,24,8,MB,,,,
-32.509808,152.333684,UOF1801,9,0.8,10,2023,3,24,9,MB,,,,
-32.509637,152.333251,UOF1801,12,0.7,11,2023,3,24,10,MB,,,,
-32.509573,152.333175,UOF1801,20,1.3,6,2023,3,24,11,MB,,,,
-32.50956,152.333277,UOF1801,41,2.2,5,2023,3,24,12,MB,,,,
-32.509611,152.333099,UOF1801,18,1.1,6,2023,3,24,13,MB,,,,
-32.509548,152.333251,UOF1801,29,0.9,9,2023,3,24,14,MB,,,,
-32.509452,152.333277,UOF1801,20,1.5,5,2023,3,24,15,MB,,,,
-32.509866,152.332921,UOF1801,0,0.9,8,2023,3,24,16,MB,,,,
-32.510145,152.332565,UOF1801,0,0.8,9,2023,3,24,17,MB,,,,
-32.524476,152.322774,UOF1801,0,0.9,8,2023,3,24,18,MB,,,,
-32.524196,152.322774,UOF1801,0,0.8,10,2023,3,24,19,MB,,,,
-32.52843,152.32224,UOF1801,32,0.8,10,2023,3,24,20,MB,,,,
-32.526879,152.321985,UOF1801,0,0.7,10,2023,3,24,21,MB,,,,
-32.526886,152.321782,UOF1801,0,1,8,2023,3,24,22,MB,,,,
-32.523916,152.322545,UOF1801,13,0.9,9,2023,3,24,23,MB,,,,
-32.525277,152.322596,UOF1801,20,0.8,10,2023,3,25,0,MB,,,,
-32.524272,152.32257,UOF1801,24,0.9,8,2023,3,25,1,MB,,,,
-32.526173,152.322214,UOF1801,0,1.1,7,2023,3,25,2,MB,,,,
-32.526212,152.322291,UOF1801,29,0.8,9,2023,3,25,3,MB,,,,
-32.527623,152.322545,UOF1801,26,0.8,10,2023,3,25,4,MB,,,,
-32.525449,152.322545,UOF1801,1,0.9,10,2023,3,25,5,MB,,,,
-32.526065,152.322392,UOF1801,41,0.9,9,2023,3,25,6,MB,,,,
-32.527966,152.32257,UOF1801,16,0.7,11,2023,3,25,7,MB,,,,
-32.538845,152.321019,UOF1801,8,0.9,10,2023,3,25,8,MB,,,,
-32.538012,152.322036,UOF1801,4,0.8,10,2023,3,25,9,MB,,,,
-32.536753,152.320612,UOF1801,9,0.8,10,2023,3,25,10,MB,,,,
-32.538005,152.320688,UOF1801,6,1.2,7,2023,3,25,11,MB,,,,
-32.537141,152.320765,UOF1801,11,1.1,6,2023,3,25,12,MB,,,,
-32.537096,152.320663,UOF1801,41,0.8,9,2023,3,25,13,MB,,,,
-32.537261,152.320714,UOF1801,31,1.2,7,2023,3,25,14,MB,,,,
-32.526053,152.322774,UOF1801,19,0.8,9,2023,3,25,15,MB,,,,
-32.524457,152.322647,UOF1801,0,1.1,7,2023,3,25,16,MB,,,,
-32.524247,152.322926,UOF1801,12,0.9,8,2023,3,25,17,MB,,,,
-32.524215,152.322774,UOF1801,17,0.8,10,2023,3,25,18,MB,,,,
-32.52412,152.322621,UOF1801,0,1.1,7,2023,3,25,19,MB,,,,
-32.526237,152.322113,UOF1801,0,0.9,9,2023,3,25,20,MB,,,,
-32.524177,152.322621,UOF1801,21,0.9,9,2023,3,25,21,MB,,,,
-32.525194,152.322774,UOF1801,19,0.7,11,2023,3,25,22,MB,,,,
-32.526288,152.322291,UOF1801,0,0.9,9,2023,3,25,23,MB,,,,
-32.524285,152.322647,UOF1801,6,1,8,2023,3,26,1,MB,,,,
-32.526345,152.322163,UOF1801,9,1,7,2023,3,26,2,MB,,,,
-32.524285,152.322418,UOF1801,45,1.1,7,2023,3,26,3,MB,,,,
-32.524228,152.32257,UOF1801,6,0.8,10,2023,3,26,4,MB,,,,
-32.524215,152.322647,UOF1801,20,1.1,9,2023,3,26,5,MB,,,,
-32.524285,152.322621,UOF1801,0,1,8,2023,3,26,6,MB,,,,
-32.52337,152.323028,UOF1801,11,0.7,11,2023,3,26,7,MB,,,,
-32.503654,152.327555,UOF1801,8,0.8,10,2023,3,26,8,MB,,,,
-32.481872,152.352757,UOF1801,30,0.8,10,2023,3,26,9,MB,,,,
-32.468807,152.384063,UOF1801,18,0.9,9,2023,3,26,10,MB,,,,
-32.46887,152.383962,UOF1801,0,1.6,5,2023,3,26,11,MB,,,,
-32.468705,152.384089,UOF1801,0,0.8,9,2023,3,26,12,MB,,,,
-32.468921,152.383962,UOF1801,7,0.8,9,2023,3,26,13,MB,,,,
-32.468851,152.383962,UOF1801,20,1,8,2023,3,26,14,MB,,,,
-32.468921,152.383936,UOF1801,0,0.8,9,2023,3,26,15,MB,,,,
-32.468934,152.383936,UOF1801,1,0.9,8,2023,3,26,16,MB,,,,
-32.468902,152.384114,UOF1801,19,0.8,9,2023,3,26,17,MB,,,,
-32.468928,152.383962,UOF1801,7,0.8,10,2023,3,26,19,MB,,,,
-32.464859,152.384343,UOF1801,16,0.9,9,2023,3,26,20,MB,,,,
-32.472564,152.391031,UOF1801,28,0.6,12,2023,3,26,21,MB,,,,
-32.476061,152.404891,UOF1801,0,0.7,11,2023,3,26,22,MB,,,,
-32.475533,152.401433,UOF1801,6,0.9,9,2023,3,26,23,MB,,,,
-32.475565,152.401407,UOF1801,15,0.8,9,2023,3,27,0,MB,,,,
-32.475552,152.401382,UOF1801,13,0.8,10,2023,3,27,1,MB,,,,
-32.475056,152.400568,UOF1801,3,0.9,8,2023,3,27,2,MB,,,,
-32.475438,152.364354,UOF1801,16,0.8,9,2023,3,27,3,MB,,,,
-32.499966,152.332539,UOF1801,24,0.7,11,2023,3,27,4,MB,,,,
-32.510419,152.318985,UOF1801,6,1.2,8,2023,3,27,5,MB,,,,
-32.510578,152.318959,UOF1801,15,0.7,12,2023,3,27,6,MB,,,,
-32.509834,152.318908,UOF1801,4,0.8,10,2023,3,27,7,MB,,,,
-32.53056,152.322138,UOF1801,2,1,8,2023,3,27,8,MB,,,,
-32.530751,152.322113,UOF1801,17,0.8,10,2023,3,27,9,MB,,,,
-32.530719,152.322367,UOF1801,27,0.9,9,2023,3,27,10,MB,,,,
-32.53077,152.322036,UOF1801,0,1.3,6,2023,3,27,11,MB,,,,
-32.530738,152.322138,UOF1801,5,1,8,2023,3,27,12,MB,,,,
-32.530821,152.322138,UOF1801,0,1.1,7,2023,3,27,13,MB,,,,
-32.53297,152.321299,UOF1801,6,0.9,9,2023,3,27,14,MB,,,,
-32.513642,152.352452,UOF1801,10,0.8,9,2023,3,27,15,MB,,,,
-32.511182,152.355987,UOF1801,5,0.9,8,2023,3,27,16,MB,,,,
-32.511137,152.355962,UOF1801,4,1.1,8,2023,3,27,17,MB,,,,
-32.511163,152.355962,UOF1801,12,1.1,7,2023,3,27,18,MB,,,,
-32.511213,152.355987,UOF1801,2,0.9,9,2023,3,27,19,MB,,,,
-32.496673,152.384292,UOF1801,11,1,8,2023,3,27,20,MB,,,,
-32.476531,152.403289,UOF1801,28,0.7,11,2023,3,27,21,MB,,,,
-32.471884,152.391413,UOF1801,13,0.7,11,2023,3,27,22,MB,,,,
-32.472342,152.3877,UOF1801,9,0.8,10,2023,3,27,23,MB,,,,
-32.474834,152.367228,UOF1801,16,0.8,9,2023,3,28,0,MB,,,,
-32.497048,152.334905,UOF1801,13,0.8,10,2023,3,28,1,MB,,,,
-32.510679,152.318908,UOF1801,30,0.9,8,2023,3,28,2,MB,,,,
-32.51059,152.318908,UOF1801,25,0.8,10,2023,3,28,3,MB,,,,
-32.510431,152.318781,UOF1801,0,1.3,7,2023,3,28,5,MB,,,,
-32.510514,152.318985,UOF1801,17,1.2,8,2023,3,28,6,MB,,,,
-32.510565,152.318832,UOF1801,0,1.8,7,2023,3,28,7,MB,,,,
-32.511391,152.325342,UOF1801,35,1.7,5,2023,3,28,8,MB,,,,
-32.504099,152.332539,UOF1801,76,1.8,5,2023,3,28,9,MB,,,,
-32.504404,152.332285,UOF1801,4,1.5,7,2023,3,28,10,MB,,,,
-32.504379,152.332361,UOF1801,0,1.4,5,2023,3,28,11,MB,,,,
-32.504264,152.332311,UOF1801,0,0.9,8,2023,3,28,12,MB,,,,
-32.504188,152.332463,UOF1801,30,1,7,2023,3,28,13,MB,,,,
-32.504214,152.332311,UOF1801,13,1.5,6,2023,3,28,14,MB,,,,
-32.504531,152.332056,UOF1801,0,1.4,6,2023,3,28,15,MB,,,,
-32.504277,152.332514,UOF1801,9,0.8,9,2023,3,28,16,MB,,,,
-32.504118,152.332489,UOF1801,0,0.9,7,2023,3,28,17,MB,,,,
-32.504252,152.332361,UOF1801,0,1.1,6,2023,3,28,18,MB,,,,
-32.504283,152.332311,UOF1801,14,0.9,7,2023,3,28,19,MB,,,,
-32.501251,152.344136,UOF1801,0,1.5,6,2023,3,28,20,MB,,,,
-32.478134,152.397008,UOF1801,25,1.2,7,2023,3,28,21,MB,,,,
-32.472704,152.392023,UOF1801,8,0.8,10,2023,3,28,22,MB,,,,
-32.472335,152.39093,UOF1801,12,0.8,10,2023,3,28,23,MB,,,,
-32.471471,152.391718,UOF1801,18,0.8,9,2023,3,29,0,MB,,,,
-32.472672,152.393168,UOF1801,13,0.8,10,2023,3,29,1,MB,,,,
-32.47374,152.399703,UOF1801,12,0.9,8,2023,3,29,2,MB,,,,
-32.473728,152.399703,UOF1801,7,0.9,8,2023,3,29,3,MB,,,,
-32.473632,152.399449,UOF1801,16,0.7,11,2023,3,29,4,MB,,,,
-32.473664,152.399424,UOF1801,0,1.2,9,2023,3,29,5,MB,,,,
-32.473715,152.399424,UOF1801,5,0.7,12,2023,3,29,6,MB,,,,
-32.479227,152.41275,UOF1801,47,0.8,10,2023,3,29,7,MB,,,,
-32.481319,152.409851,UOF1801,49,1,10,2023,3,29,8,MB,,,,
-32.481344,152.409825,UOF1801,43,0.8,9,2023,3,29,9,MB,,,,
-32.481344,152.409774,UOF1801,32,1.1,8,2023,3,29,10,MB,,,,
-32.481319,152.409749,UOF1801,29,1.3,6,2023,3,29,11,MB,,,,
-32.481363,152.409723,UOF1801,31,1.1,8,2023,3,29,12,MB,,,,
-32.481268,152.409698,UOF1801,48,1.4,6,2023,3,29,13,MB,,,,
-32.481287,152.409749,UOF1801,52,1.1,8,2023,3,29,14,MB,,,,
-32.481357,152.409749,UOF1801,43,0.8,9,2023,3,29,15,MB,,,,
-32.481421,152.409774,UOF1801,20,1.3,6,2023,3,29,16,MB,,,,
-32.481363,152.407969,UOF1801,82,0.9,8,2023,3,29,17,MB,,,,
-32.487308,152.403569,UOF1801,23,0.9,9,2023,3,29,18,MB,,,,
-32.493221,152.398025,UOF1801,4,0.8,9,2023,3,29,19,MB,,,,
-32.499649,152.378239,UOF1801,6,0.9,8,2023,3,29,20,MB,,,,
-32.49413,152.39182,UOF1801,16,0.9,9,2023,3,29,21,MB,,,,
-32.471763,152.387674,UOF1801,0,0.8,10,2023,3,29,22,MB,,,,
-32.471636,152.3833,UOF1801,9,0.9,9,2023,3,29,23,MB,,,,
-32.473238,152.397135,UOF1801,14,1,8,2023,3,30,0,MB,,,,
-32.472761,152.394134,UOF1801,14,0.8,10,2023,3,30,1,MB,,,,
-32.471833,152.38213,UOF1801,6,0.8,9,2023,3,30,2,MB,,,,
-32.486774,152.347391,UOF1801,11,0.8,9,2023,3,30,3,MB,,,,
-32.506712,152.323511,UOF1801,32,0.7,11,2023,3,30,4,MB,,,,
-32.509586,152.319035,UOF1801,38,1.2,8,2023,3,30,5,MB,,,,
-32.509605,152.318985,UOF1801,0,0.9,9,2023,3,30,6,MB,,,,
-32.509662,152.31901,UOF1801,7,0.8,10,2023,3,30,7,MB,,,,
-32.509554,152.319112,UOF1801,3,1,9,2023,3,30,8,MB,,,,
-32.525315,152.32257,UOF1801,1,0.7,11,2023,3,30,9,MB,,,,
-32.531279,152.32285,UOF1801,22,1.3,7,2023,3,30,10,MB,,,,
-32.531342,152.32285,UOF1801,0,1.8,5,2023,3,30,11,MB,,,,
-32.47271,152.390014,UOF1801,21,0.8,10,2023,3,30,22,MB,,,,
-32.472386,152.387725,UOF1801,6,0.8,10,2023,3,30,23,MB,,,,
-32.480327,152.415674,UOF1801,21,0.8,9,2023,3,31,0,MB,,,,
-32.474751,152.421168,UOF1801,7,0.8,9,2023,3,31,1,MB,,,,
-32.472564,152.389048,UOF1801,0,1.2,7,2023,3,31,2,MB,,,,
-32.469481,152.384521,UOF1801,34,0.9,9,2023,3,31,3,MB,,,,
-32.469544,152.384597,UOF1801,45,1,8,2023,3,31,4,MB,,,,
-32.469404,152.384674,UOF1801,22,1.3,7,2023,3,31,5,MB,,,,
-32.469411,152.38503,UOF1801,26,1.1,8,2023,3,31,6,MB,,,,
-32.469792,152.384801,UOF1801,16,1,8,2023,3,31,7,MB,,,,
-32.467395,152.377756,UOF1801,8,1.2,8,2023,3,31,8,MB,,,,
-32.467383,152.377782,UOF1801,2,0.9,9,2023,3,31,10,MB,,,,
-32.467402,152.377756,UOF1801,0,1.1,7,2023,3,31,11,MB,,,,
-32.539099,152.320739,UOF1801,1,1,8,2023,4,1,7,MB,,,,
-32.497144,152.313898,UOF1801,34,1.9,5,2023,4,6,4,MB,,,,
-32.497035,152.313898,UOF1801,0,1.5,6,2023,4,6,5,MB,,,,
-32.497105,152.313847,UOF1801,45,1.8,4,2023,4,6,6,MB,,,,
-32.509796,152.319035,UOF1801,35,1.9,5,2023,4,8,12,MB,,,,
-32.5097,152.31901,UOF1801,0,1.1,6,2023,4,8,13,MB,,,,
-32.50977,152.319747,UOF1801,0,1.7,5,2023,4,8,16,MB,,,,
-32.509541,152.31901,UOF1801,0,1.1,7,2023,4,8,18,MB,,,,
-32.528513,152.322621,UOF1801,0,1.4,5,2023,4,8,19,MB,,,,
-32.528634,152.322621,UOF1801,25,0.9,8,2023,4,8,20,MB,,,,
-32.532493,152.321553,UOF1801,0,1.3,7,2023,4,8,21,MB,,,,
-32.50895,152.360743,UOF1801,0,1.3,5,2023,4,8,23,MB,,,,
-32.489845,152.341517,UOF1801,28,1.2,5,2023,4,9,6,MB,,,,
-32.503927,152.322291,UOF1801,0,1,6,2023,4,9,7,MB,,,,
-32.509319,152.318247,UOF1801,0,1,8,2023,4,9,8,MB,,,,
-32.516929,152.322647,UOF1801,0,1.3,7,2023,4,9,17,MB,,,,
-32.511589,152.325978,UOF1801,0,8.6,4,2023,5,5,15,MB,,,,
-32.51162,152.326105,UOF1801,26,1.6,5,2023,5,5,16,MB,,,,
-32.511576,152.326105,UOF1801,36,1.7,4,2023,5,5,17,MB,,,,
-32.511233,152.320027,UOF1801,37,25.5,2,2023,5,5,18,MB,,,,
-32.483315,152.351842,UOF1801,29,2.7,4,2023,5,5,19,MB,,,,
-32.472787,152.377502,UOF1801,0,1.5,4,2023,5,5,20,MB,,,,
-32.476767,152.403671,UOF1801,6,1,5,2023,5,5,21,MB,,,,
-32.489788,152.398686,UOF1801,11,1.1,7,2023,5,6,0,MB,,,,
-32.489788,152.398635,UOF1801,5,1.4,6,2023,5,6,1,MB,,,,
-32.4898,152.398712,UOF1801,14,1.5,6,2023,5,6,2,MB,,,,
-32.489813,152.398686,UOF1801,6,1,7,2023,5,6,3,MB,,,,
-32.506057,152.369313,UOF1801,0,0.9,7,2023,5,6,4,MB,,,,
-32.510419,152.358912,UOF1801,10,1.4,5,2023,5,6,5,MB,,,,
-32.519282,152.345357,UOF1801,0,1.4,6,2023,5,6,6,MB,,,,
-32.519027,152.345637,UOF1801,39,1.5,6,2023,5,6,7,MB,,,,
-32.525277,152.335947,UOF1801,0,0.8,9,2023,5,6,8,MB,,,,
-32.520273,152.345179,UOF1801,3,1,8,2023,5,6,9,MB,,,,
-32.515168,152.353139,UOF1801,0,0.9,8,2023,5,6,10,MB,,,,
-32.505752,152.36616,UOF1801,11,1,8,2023,5,6,11,MB,,,,
-32.508988,152.358912,UOF1801,0,1.3,6,2023,5,6,14,MB,,,,
-32.50696,152.3656,UOF1801,26,1,7,2023,5,6,16,MB,,,,
-32.509001,152.363642,UOF1801,0,0.7,11,2023,5,6,18,MB,,,,
-32.504576,152.372161,UOF1801,0,0.9,9,2023,5,6,19,MB,,,,
-32.506693,152.367202,UOF1801,0,0.7,11,2023,5,6,20,MB,,,,
-32.507405,152.364557,UOF1801,7,1.1,7,2023,5,6,21,MB,,,,
-32.501995,152.37651,UOF1801,0,1,7,2023,5,6,22,MB,,,,
-32.505797,152.366134,UOF1801,24,1,7,2023,5,6,23,MB,,,,
-32.502808,152.374908,UOF1801,12,0.8,9,2023,5,7,0,MB,,,,
-32.507888,152.364608,UOF1801,38,1.9,6,2023,5,7,1,MB,,,,
-32.499413,152.34406,UOF1801,0,0.9,9,2023,5,7,2,MB,,,,
-32.503788,152.310312,UOF1801,3,0.9,9,2023,5,7,3,MB,,,,
-32.509433,152.319035,UOF1801,0,0.7,11,2023,5,7,4,MB,,,,
-32.498243,152.305735,UOF1801,9,0.9,9,2023,5,7,5,MB,,,,
-32.504646,152.319519,UOF1801,1,1.2,9,2023,5,7,6,MB,,,,
-32.504557,152.319366,UOF1801,28,1.1,8,2023,5,7,7,MB,,,,
-32.504506,152.319315,UOF1801,9,0.8,10,2023,5,7,8,MB,,,,
-32.504442,152.319137,UOF1801,10,0.9,9,2023,5,7,9,MB,,,,
-32.504474,152.319315,UOF1801,26,0.9,9,2023,5,7,10,MB,,,,
-32.504563,152.319341,UOF1801,8,1,8,2023,5,7,11,MB,,,,
-32.504468,152.319264,UOF1801,0,0.8,9,2023,5,7,12,MB,,,,
-32.50462,152.319315,UOF1801,6,1.1,7,2023,5,7,13,MB,,,,
-32.504525,152.319239,UOF1801,13,1.3,6,2023,5,7,14,MB,,,,
-32.504525,152.319239,UOF1801,0,0.9,8,2023,5,7,15,MB,,,,
-32.504563,152.319239,UOF1801,0,0.9,8,2023,5,7,16,MB,,,,
-32.502077,152.320205,UOF1801,18,0.8,10,2023,5,7,17,MB,,,,
-32.501124,152.321121,UOF1801,4,0.9,9,2023,5,7,18,MB,,,,
-32.501289,152.321146,UOF1801,11,0.9,9,2023,5,7,19,MB,,,,
-32.501384,152.321197,UOF1801,0,1,8,2023,5,7,20,MB,,,,
-32.517056,152.322825,UOF1801,0,1,8,2023,5,7,21,MB,,,,
-32.529092,152.323206,UOF1801,6,1.2,6,2023,5,7,22,MB,,,,
-32.52906,152.323257,UOF1801,16,1,7,2023,5,7,23,MB,,,,
-32.529022,152.32313,UOF1801,1,1.3,7,2023,5,8,0,MB,,,,
-32.519746,152.322596,UOF1801,1,1.5,6,2023,5,8,1,MB,,,,
-32.50298,152.326563,UOF1801,0,1,8,2023,5,8,2,MB,,,,
-32.501677,152.30426,UOF1801,21,0.7,10,2023,5,8,3,MB,,,,
-32.481255,152.297724,UOF1801,37,0.8,10,2023,5,8,4,MB,,,,
-32.479615,152.292485,UOF1801,0,0.8,10,2023,5,8,5,MB,,,,
-32.479602,152.292511,UOF1801,11,1.4,8,2023,5,8,6,MB,,,,
-32.479564,152.292561,UOF1801,13,1.2,8,2023,5,8,7,MB,,,,
-32.481243,152.293731,UOF1801,34,0.9,8,2023,5,8,8,MB,,,,
-32.475934,152.316238,UOF1801,3462,1.8,6,2023,5,8,9,MB,,,,
-32.491714,152.306421,UOF1801,0,1,7,2023,5,8,12,MB,,,,
-32.491625,152.306421,UOF1801,21,1.4,6,2023,5,8,13,MB,,,,
-32.496457,152.308431,UOF1801,16,1.2,6,2023,5,8,14,MB,,,,
-32.501785,152.310694,UOF1801,5,1,8,2023,5,8,15,MB,,,,
-32.501906,152.31077,UOF1801,9,1,8,2023,5,8,16,MB,,,,
-32.501861,152.310745,UOF1801,14,0.7,10,2023,5,8,17,MB,,,,
-32.501302,152.310796,UOF1801,0,0.6,12,2023,5,8,18,MB,,,,
-32.529874,152.33142,UOF1801,1,0.8,10,2023,5,8,20,MB,,,,
-32.509351,152.362625,UOF1801,0,0.9,10,2023,5,8,21,MB,,,,
-32.488433,152.399856,UOF1801,3,0.9,8,2023,5,8,22,MB,,,,
-32.490118,152.399398,UOF1801,25,0.9,8,2023,5,8,23,MB,,,,
-32.490175,152.399347,UOF1801,9,0.8,9,2023,5,9,0,MB,,,,
-32.490125,152.399322,UOF1801,0,1.5,6,2023,5,9,1,MB,,,,
-32.487715,152.398635,UOF1801,0,0.9,9,2023,5,9,2,MB,,,,
-32.468413,152.423609,UOF1801,45,0.7,10,2023,5,9,3,MB,,,,
-32.45494,152.462443,UOF1801,31,0.8,10,2023,5,9,4,MB,,,,
-32.474917,152.422159,UOF1801,72,0.8,10,2023,5,9,5,MB,,,,
-32.460014,152.383834,UOF1801,61,1,8,2023,5,9,6,MB,,,,
-32.459938,152.380376,UOF1801,0,1.1,8,2023,5,9,7,MB,,,,
-32.458151,152.380783,UOF1801,27,1.1,7,2023,5,9,8,MB,,,,
-32.457744,152.380198,UOF1801,67,0.9,8,2023,5,9,9,MB,,,,
-32.458386,152.381749,UOF1801,0,1,7,2023,5,9,11,MB,,,,
-32.458742,152.381673,UOF1801,35,1,7,2023,5,9,12,MB,,,,
-32.458354,152.381724,UOF1801,0,1.4,6,2023,5,9,13,MB,,,,
-32.458354,152.381724,UOF1801,15,1.2,6,2023,5,9,14,MB,,,,
-32.477174,152.40217,UOF1801,3,0.9,9,2023,5,9,15,MB,,,,
-32.487976,152.399042,UOF1801,1,1.1,7,2023,5,9,16,MB,,,,
-32.487976,152.399068,UOF1801,6,0.9,8,2023,5,9,17,MB,,,,
-32.492362,152.400492,UOF1801,0,0.6,12,2023,5,9,18,MB,,,,
-32.496457,152.386403,UOF1801,0,1,9,2023,5,9,19,MB,,,,
-32.507443,152.364634,UOF1801,12,0.9,8,2023,5,9,20,MB,,,,
-32.507361,152.364634,UOF1801,12,0.9,8,2023,5,9,21,MB,,,,
-32.507316,152.364634,UOF1801,14,0.9,8,2023,5,9,22,MB,,,,
-32.507367,152.364634,UOF1801,12,0.9,8,2023,5,9,23,MB,,,,
-32.507303,152.364608,UOF1801,25,0.8,9,2023,5,10,0,MB,,,,
-32.513846,152.350112,UOF1801,0,1.2,8,2023,5,10,1,MB,,,,
-32.512383,152.346603,UOF1801,20,0.9,9,2023,5,10,2,MB,,,,
-32.512447,152.346425,UOF1801,17,1,8,2023,5,10,3,MB,,,,
-32.512612,152.346577,UOF1801,76,0.9,9,2023,5,10,4,MB,,,,
-32.512371,152.346425,UOF1801,15,0.8,10,2023,5,10,5,MB,,,,
-32.51335,152.34434,UOF1801,22,0.8,10,2023,5,10,6,MB,,,,
-32.513394,152.344492,UOF1801,59,1.1,8,2023,5,10,7,MB,,,,
-32.513661,152.345433,UOF1801,21,1,8,2023,5,10,8,MB,,,,
-32.532436,152.326487,UOF1801,0,1.3,6,2023,5,10,9,MB,,,,
-32.539468,152.318985,UOF1801,14,0.7,11,2023,5,10,10,MB,,,,
-32.525461,152.323282,UOF1801,9,0.8,9,2023,5,10,11,MB,,,,
-32.525264,152.323359,UOF1801,0,1,8,2023,5,10,13,MB,,,,
-32.52548,152.323257,UOF1801,0,0.8,9,2023,5,10,14,MB,,,,
-32.517616,152.322418,UOF1801,6,0.7,10,2023,5,10,15,MB,,,,
-32.515556,152.326639,UOF1801,25,1,7,2023,5,10,16,MB,,,,
-32.515499,152.326461,UOF1801,0,1,9,2023,5,10,17,MB,,,,
-32.508817,152.320994,UOF1801,11,0.7,11,2023,5,10,18,MB,,,,
-32.484714,152.350494,UOF1801,0,0.8,10,2023,5,10,19,MB,,,,
-32.472704,152.393397,UOF1801,4,0.9,8,2023,5,10,20,MB,,,,
-32.478744,152.424575,UOF1801,0,0.9,8,2023,5,10,21,MB,,,,
-32.47704,152.413894,UOF1801,18,1,8,2023,5,10,22,MB,,,,
-32.471935,152.386886,UOF1801,15,0.8,9,2023,5,10,23,MB,,,,
-32.470784,152.385564,UOF1801,13,0.8,10,2023,5,11,0,MB,,,,
-32.472195,152.379486,UOF1801,0,1.2,8,2023,5,11,1,MB,,,,
-32.500615,152.331726,UOF1801,10,0.9,9,2023,5,11,2,MB,,,,
-32.513547,152.321909,UOF1801,7,0.7,10,2023,5,11,3,MB,,,,
-32.525442,152.323333,UOF1801,0,1.1,8,2023,5,11,4,MB,,,,
-32.525366,152.323359,UOF1801,11,0.7,11,2023,5,11,5,MB,,,,
-32.525417,152.323282,UOF1801,1,0.9,9,2023,5,11,6,MB,,,,
-32.524756,152.322723,UOF1801,15,1.1,8,2023,5,11,7,MB,,,,
-32.524183,152.322469,UOF1801,17,0.9,8,2023,5,11,8,MB,,,,
-32.525175,152.322875,UOF1801,0,1.3,6,2023,5,11,9,MB,,,,
-32.52543,152.323282,UOF1801,17,1.2,8,2023,5,11,10,MB,,,,
-32.525468,152.323257,UOF1801,0,0.9,8,2023,5,11,11,MB,,,,
-32.525531,152.323232,UOF1801,0,1,7,2023,5,11,12,MB,,,,
-32.524374,152.322621,UOF1801,0,1.2,6,2023,5,11,14,MB,,,,
-32.524234,152.322596,UOF1801,0,0.9,8,2023,5,11,15,MB,,,,
-32.524304,152.322647,UOF1801,20,0.9,9,2023,5,11,16,MB,,,,
-32.515791,152.322596,UOF1801,0,0.8,9,2023,5,11,17,MB,,,,
-32.516268,152.323333,UOF1801,0,0.8,10,2023,5,11,18,MB,,,,
-32.499897,152.308405,UOF1801,18,0.8,10,2023,5,11,19,MB,,,,
-32.519987,152.322443,UOF1801,0,0.9,8,2023,5,11,20,MB,,,,
-32.531635,152.32168,UOF1801,7,0.8,9,2023,5,11,21,MB,,,,
-32.53159,152.321706,UOF1801,0,1.6,5,2023,5,11,22,MB,,,,
-32.5119,152.348205,UOF1801,20,0.8,9,2023,5,11,23,MB,,,,
-32.513343,152.344416,UOF1801,34,0.9,9,2023,5,12,0,MB,,,,
-32.513318,152.34434,UOF1801,10,1.1,8,2023,5,12,1,MB,,,,
-32.513273,152.34434,UOF1801,29,0.9,9,2023,5,12,2,MB,,,,
-32.513273,152.34439,UOF1801,25,0.8,9,2023,5,12,3,MB,,,,
-32.513153,152.344594,UOF1801,27,1,8,2023,5,12,4,MB,,,,
-32.513197,152.344645,UOF1801,0,1,7,2023,5,12,5,MB,,,,
-32.513337,152.344365,UOF1801,22,0.9,9,2023,5,12,6,MB,,,,
-32.513324,152.344365,UOF1801,31,1.2,7,2023,5,12,7,MB,,,,
-32.513318,152.34434,UOF1801,25,0.9,8,2023,5,12,8,MB,,,,
-32.513318,152.344289,UOF1801,33,1.1,7,2023,5,12,9,MB,,,,
-32.513337,152.34434,UOF1801,14,0.9,9,2023,5,12,10,MB,,,,
-32.513445,152.344111,UOF1801,0,1,8,2023,5,12,11,MB,,,,
-32.51347,152.344289,UOF1801,7,1,7,2023,5,12,12,MB,,,,
-32.513388,152.344238,UOF1801,53,1.3,6,2023,5,12,13,MB,,,,
-32.513261,152.344416,UOF1801,3,1,8,2023,5,12,14,MB,,,,
-32.513337,152.344289,UOF1801,4,1,8,2023,5,12,15,MB,,,,
-32.513305,152.34439,UOF1801,12,1.3,6,2023,5,12,16,MB,,,,
-32.513254,152.344238,UOF1801,7,0.9,8,2023,5,12,17,MB,,,,
-32.514939,152.353546,UOF1801,0,0.9,9,2023,5,12,18,MB,,,,
-32.506102,152.366643,UOF1801,9,1,9,2023,5,12,19,MB,,,,
-32.479742,152.397516,UOF1801,9,0.8,9,2023,5,12,20,MB,,,,
-32.471375,152.385716,UOF1801,0,0.8,9,2023,5,12,21,MB,,,,
-32.471617,152.391464,UOF1801,4,0.8,9,2023,5,12,22,MB,,,,
-32.477581,152.399983,UOF1801,8,0.8,9,2023,5,12,23,MB,,,,
-32.505599,152.369873,UOF1801,8,0.8,10,2023,5,13,0,MB,,,,
-32.506801,152.367431,UOF1801,0,1.1,8,2023,5,13,1,MB,,,,
-32.50607,152.36649,UOF1801,22,0.8,10,2023,5,13,2,MB,,,,
-32.506362,152.366185,UOF1801,12,0.8,10,2023,5,13,3,MB,,,,
-32.506337,152.36621,UOF1801,15,1,9,2023,5,13,4,MB,,,,
-32.50635,152.366236,UOF1801,9,0.8,10,2023,5,13,5,MB,,,,
-32.50462,152.359954,UOF1801,9,0.9,10,2023,5,13,6,MB,,,,
-32.509459,152.319035,UOF1801,2,0.8,10,2023,5,13,7,MB,,,,
-32.515111,152.323588,UOF1801,11,0.8,9,2023,5,13,8,MB,,,,
-32.52597,152.322214,UOF1801,2,0.8,9,2023,5,13,9,MB,,,,
-32.52541,152.323308,UOF1801,10,0.9,9,2023,5,13,10,MB,,,,
-32.525302,152.323003,UOF1801,0,0.8,9,2023,5,13,11,MB,,,,
-32.528748,152.322672,UOF1801,0,0.8,9,2023,5,13,12,MB,,,,
-32.528526,152.322825,UOF1801,0,0.9,9,2023,5,13,13,MB,,,,
-32.528806,152.322621,UOF1801,0,0.9,9,2023,5,13,14,MB,,,,
-32.528634,152.322316,UOF1801,2,0.7,10,2023,5,13,15,MB,,,,
-32.528634,152.322291,UOF1801,0,1,8,2023,5,13,16,MB,,,,
-32.52864,152.322341,UOF1801,4,0.8,9,2023,5,13,17,MB,,,,
-32.52398,152.322494,UOF1801,0,0.9,9,2023,5,13,18,MB,,,,
-32.524005,152.322494,UOF1801,15,1.5,8,2023,5,13,19,MB,,,,
-32.524069,152.322494,UOF1801,1,1,7,2023,5,13,20,MB,,,,
-32.527331,152.322647,UOF1801,28,1.7,4,2023,5,13,21,MB,,,,
-32.52426,152.322494,UOF1801,12,1.4,5,2023,5,13,22,MB,,,,
-32.524279,152.322621,UOF1801,1,1.1,7,2023,5,13,23,MB,,,,
-32.524215,152.322621,UOF1801,27,1.1,8,2023,5,14,0,MB,,,,
-32.52562,152.322672,UOF1801,0,1.1,8,2023,5,14,1,MB,,,,
-32.524145,152.322901,UOF1801,34,0.9,8,2023,5,14,2,MB,,,,
-32.523961,152.323003,UOF1801,28,0.9,8,2023,5,14,3,MB,,,,
-32.524209,152.322647,UOF1801,24,1.1,7,2023,5,14,4,MB,,,,
-32.524393,152.322621,UOF1801,0,0.8,10,2023,5,14,5,MB,,,,
-32.509084,152.319315,UOF1801,8,0.9,10,2023,5,14,6,MB,,,,
-32.495026,152.312245,UOF1801,9,0.9,9,2023,5,14,7,MB,,,,
-32.492928,152.320943,UOF1801,20,0.8,10,2023,5,14,8,MB,,,,
-32.48987,152.324427,UOF1801,10,1,9,2023,5,14,9,MB,,,,
-32.489832,152.324478,UOF1801,39,1,8,2023,5,14,10,MB,,,,
-32.489012,152.325546,UOF1801,49,1,7,2023,5,14,11,MB,,,,
-32.505491,152.323511,UOF1801,1,0.9,8,2023,5,14,12,MB,,,,
-32.506413,152.321273,UOF1801,33,1.8,6,2023,5,14,13,MB,,,,
-32.529028,152.322926,UOF1801,0,1.2,6,2023,5,14,14,MB,,,,
-32.52433,152.322647,UOF1801,0,1.3,6,2023,5,14,16,MB,,,,
-32.52412,152.322875,UOF1801,61,1,7,2023,5,14,17,MB,,,,
-32.534985,152.321858,UOF1801,0,1,8,2023,5,14,18,MB,,,,
-32.509503,152.360997,UOF1801,2,0.8,10,2023,5,14,19,MB,,,,
-32.490824,152.404001,UOF1801,3,0.8,9,2023,5,14,20,MB,,,,
-32.475145,152.400619,UOF1801,0,0.8,9,2023,5,14,21,MB,,,,
-32.479265,152.424855,UOF1801,13,0.8,9,2023,5,14,22,MB,,,,
-32.478903,152.415496,UOF1801,43,0.9,8,2023,5,14,23,MB,,,,
-32.478986,152.415267,UOF1801,25,1.2,7,2023,5,15,0,MB,,,,
-32.478954,152.415318,UOF1801,13,1.2,7,2023,5,15,1,MB,,,,
-32.478967,152.415191,UOF1801,30,0.8,10,2023,5,15,2,MB,,,,
-32.478935,152.415166,UOF1801,26,0.8,9,2023,5,15,3,MB,,,,
-32.479011,152.415191,UOF1801,42,1,10,2023,5,15,4,MB,,,,
-32.47903,152.415191,UOF1801,11,0.8,9,2023,5,15,5,MB,,,,
-32.479005,152.415191,UOF1801,13,1.1,8,2023,5,15,6,MB,,,,
-32.478967,152.41514,UOF1801,51,1.8,7,2023,5,15,7,MB,,,,
-32.478986,152.415166,UOF1801,22,0.9,8,2023,5,15,8,MB,,,,
-32.478967,152.415267,UOF1801,72,1,7,2023,5,15,9,MB,,,,
-32.476481,152.403366,UOF1801,9,0.7,11,2023,5,15,10,MB,,,,
-32.45988,152.383377,UOF1801,6,1,7,2023,5,15,11,MB,,,,
-32.458539,152.383326,UOF1801,24,1,8,2023,5,15,12,MB,,,,
-32.462621,152.388209,UOF1801,0,1.2,7,2023,5,15,13,MB,,,,
-32.462671,152.388158,UOF1801,0,0.8,9,2023,5,15,14,MB,,,,
-32.462773,152.388285,UOF1801,19,1.3,7,2023,5,15,15,MB,,,,
-32.456085,152.395355,UOF1801,20,1,7,2023,5,15,16,MB,,,,
-32.4555,152.396957,UOF1801,46,1.1,8,2023,5,15,17,MB,,,,
-32.460084,152.400746,UOF1801,7,0.9,9,2023,5,15,18,MB,,,,
-32.456364,152.405171,UOF1801,9,0.9,8,2023,5,15,20,MB,,,,
-32.460364,152.396601,UOF1801,0,0.8,9,2023,5,15,21,MB,,,,
-32.460287,152.39655,UOF1801,0,0.9,8,2023,5,15,22,MB,,,,
-32.4603,152.396499,UOF1801,21,0.9,8,2023,5,15,23,MB,,,,
-32.460344,152.396448,UOF1801,4,0.9,9,2023,5,16,0,MB,,,,
-32.460376,152.396652,UOF1801,27,1,8,2023,5,16,1,MB,,,,
-32.460313,152.396703,UOF1801,17,0.9,9,2023,5,16,2,MB,,,,
-32.460408,152.396575,UOF1801,2,0.8,9,2023,5,16,3,MB,,,,
-32.460344,152.396525,UOF1801,0,1,9,2023,5,16,4,MB,,,,
-32.460427,152.396525,UOF1801,0,0.8,10,2023,5,16,5,MB,,,,
-32.460866,152.394617,UOF1801,55,1,9,2023,5,16,6,MB,,,,
-32.460968,152.396397,UOF1801,16,0.8,9,2023,5,16,8,MB,,,,
-32.460313,152.396041,UOF1801,61,0.9,8,2023,5,16,9,MB,,,,
-32.472857,152.394999,UOF1801,12,0.7,11,2023,5,16,10,MB,,,,
-32.497392,152.388336,UOF1801,4,0.8,10,2023,5,16,11,MB,,,,
-32.504989,152.369415,UOF1801,0,0.9,8,2023,5,16,12,MB,,,,
-32.504957,152.36944,UOF1801,38,1,7,2023,5,16,13,MB,,,,
-32.504996,152.369491,UOF1801,0,1.4,6,2023,5,16,14,MB,,,,
-32.512943,152.347874,UOF1801,7,1.6,7,2023,5,16,15,MB,,,,
-32.52529,152.335998,UOF1801,3,1,7,2023,5,16,16,MB,,,,
-32.525347,152.335845,UOF1801,0,0.9,9,2023,5,16,17,MB,,,,
-32.537694,152.321706,UOF1801,1,0.9,9,2023,5,16,18,MB,,,,
-32.525633,152.322443,UOF1801,8,0.8,10,2023,5,16,19,MB,,,,
-32.524419,152.322952,UOF1801,0,0.8,10,2023,5,16,20,MB,,,,
-32.503883,152.305404,UOF1801,14,1,7,2023,5,16,21,MB,,,,
-32.503495,152.304768,UOF1801,9,1.4,6,2023,5,16,22,MB,,,,
-32.503476,152.304667,UOF1801,34,1,7,2023,5,16,23,MB,,,,
-32.503622,152.304718,UOF1801,14,1.2,7,2023,5,17,0,MB,,,,
-32.503527,152.304743,UOF1801,0,1.2,7,2023,5,17,1,MB,,,,
-32.503635,152.304692,UOF1801,5,1,8,2023,5,17,2,MB,,,,
-32.503228,152.309066,UOF1801,0,0.7,10,2023,5,17,3,MB,,,,
-32.526053,152.322418,UOF1801,36,1,10,2023,5,17,4,MB,,,,
-32.52625,152.322443,UOF1801,15,0.7,11,2023,5,17,5,MB,,,,
-32.526282,152.322494,UOF1801,20,1,9,2023,5,17,6,MB,,,,
-32.526326,152.322367,UOF1801,10,0.9,8,2023,5,17,7,MB,,,,
-32.52618,152.322291,UOF1801,21,0.8,9,2023,5,17,8,MB,,,,
-32.526224,152.322494,UOF1801,10,1,8,2023,5,17,9,MB,,,,
-32.526154,152.322469,UOF1801,20,0.8,9,2023,5,17,10,MB,,,,
-32.523535,152.322952,UOF1801,4,0.9,9,2023,5,17,11,MB,,,,
-32.5075,152.332463,UOF1801,0,0.9,8,2023,5,17,12,MB,,,,
-32.506668,152.329437,UOF1801,0,1,8,2023,5,17,13,MB,,,,
-32.506032,152.329742,UOF1801,0,1,8,2023,5,17,14,MB,,,,
-32.513254,152.320739,UOF1801,21,1.2,8,2023,5,17,15,MB,,,,
-32.529092,152.323155,UOF1801,0,0.8,9,2023,5,17,16,MB,,,,
-32.529022,152.323257,UOF1801,42,0.7,11,2023,5,17,17,MB,,,,
-32.529123,152.323104,UOF1801,0,1,8,2023,5,17,18,MB,,,,
-32.503889,152.326741,UOF1801,14,0.7,11,2023,5,17,19,MB,,,,
-32.482654,152.352045,UOF1801,12,0.8,10,2023,5,17,20,MB,,,,
-32.473562,152.397923,UOF1801,4,0.8,9,2023,5,17,21,MB,,,,
-32.474955,152.400975,UOF1801,5,0.9,8,2023,5,17,22,MB,,,,
-32.474942,152.401,UOF1801,9,0.8,9,2023,5,17,23,MB,,,,
-32.490366,152.40629,UOF1801,3,1.2,8,2023,5,18,0,MB,,,,
-32.495096,152.394159,UOF1801,0,0.9,9,2023,5,18,1,MB,,,,
-32.516325,152.351409,UOF1801,2,0.7,11,2023,5,18,2,MB,,,,
-32.532124,152.326792,UOF1801,10,0.7,10,2023,5,18,3,MB,,,,
-32.53241,152.326436,UOF1801,21,1.1,7,2023,5,18,4,MB,,,,
-32.532493,152.326461,UOF1801,0,1,8,2023,5,18,5,MB,,,,
-32.532379,152.32641,UOF1801,0,1.1,8,2023,5,18,6,MB,,,,
-32.532455,152.326334,UOF1801,7,0.8,10,2023,5,18,7,MB,,,,
-32.536963,152.319569,UOF1801,21,1,8,2023,5,18,8,MB,,,,
-32.524972,152.322799,UOF1801,14,1,8,2023,5,18,9,MB,,,,
-32.525048,152.322977,UOF1801,19,0.8,10,2023,5,18,10,MB,,,,
-32.525493,152.323435,UOF1801,0,0.8,9,2023,5,18,11,MB,,,,
-32.525493,152.32341,UOF1801,0,0.9,9,2023,5,18,12,MB,,,,
-32.52548,152.323511,UOF1801,19,1,8,2023,5,18,13,MB,,,,
-32.52543,152.323384,UOF1801,19,1,8,2023,5,18,14,MB,,,,
-32.525449,152.32341,UOF1801,0,1,8,2023,5,18,15,MB,,,,
-32.527826,152.322494,UOF1801,0,0.8,9,2023,5,18,16,MB,,,,
-32.541712,152.316365,UOF1801,6,0.7,11,2023,5,18,17,MB,,,,
-32.541725,152.316365,UOF1801,0,1.1,8,2023,5,18,18,MB,,,,
-32.526377,152.336074,UOF1801,1,0.7,11,2023,5,18,19,MB,,,,
-32.503145,152.372823,UOF1801,0,0.8,9,2023,5,18,20,MB,,,,
-32.489762,152.398635,UOF1801,9,1,7,2023,5,18,21,MB,,,,
-32.477046,152.360972,UOF1801,20,0.8,9,2023,5,18,23,MB,,,,
-32.506858,152.323282,UOF1801,60,1.6,6,2023,5,19,0,MB,,,,
-32.505205,152.313415,UOF1801,0,1.1,7,2023,5,19,1,MB,,,,
-32.526364,152.322265,UOF1801,0,1,8,2023,5,19,2,MB,,,,
-32.526148,152.322494,UOF1801,15,0.9,9,2023,5,19,3,MB,,,,
-32.526129,152.322494,UOF1801,43,1,8,2023,5,19,4,MB,,,,
-32.526065,152.322367,UOF1801,77,1.5,6,2023,5,19,5,MB,,,,
-32.526154,152.322494,UOF1801,36,1.3,6,2023,5,19,6,MB,,,,
-32.52625,152.322341,UOF1801,26,0.9,9,2023,5,19,7,MB,,,,
-32.527801,152.322926,UOF1801,23,0.8,10,2023,5,19,8,MB,,,,
-32.505332,152.325698,UOF1801,26,1,8,2023,5,19,9,MB,,,,
-32.501613,152.31756,UOF1801,0,0.8,10,2023,5,19,10,MB,,,,
-32.495974,152.317484,UOF1801,0,0.9,8,2023,5,19,11,MB,,,,
-32.495974,152.317433,UOF1801,7,0.8,9,2023,5,19,12,MB,,,,
-32.494747,152.307566,UOF1801,0,1.3,6,2023,5,19,13,MB,,,,
-32.480403,152.301183,UOF1801,0,1.5,6,2023,5,19,15,MB,,,,
-32.479895,152.301233,UOF1801,0,0.9,8,2023,5,19,16,MB,,,,
-32.500214,152.308176,UOF1801,19,0.8,10,2023,5,19,19,MB,,,,
-32.518226,152.32224,UOF1801,4,0.7,10,2023,5,19,20,MB,,,,
-32.526307,152.322189,UOF1801,102,1.1,6,2023,5,19,21,MB,,,,
-32.52604,152.32224,UOF1801,0,0.8,9,2023,5,19,22,MB,,,,
-32.526027,152.322316,UOF1801,10,0.9,8,2023,5,19,23,MB,,,,
-32.524781,152.32257,UOF1801,16,1.6,6,2023,5,20,0,MB,,,,
-32.526148,152.322469,UOF1801,9,0.9,9,2023,5,20,1,MB,,,,
-32.526332,152.322341,UOF1801,0,1,8,2023,5,20,2,MB,,,,
-32.524813,152.323104,UOF1801,26,3.8,4,2023,5,20,4,MB,,,,
-32.525239,152.322418,UOF1801,13,1.4,5,2023,5,20,5,MB,,,,
-32.525315,152.322494,UOF1801,0,1.7,4,2023,5,20,6,MB,,,,
-32.525175,152.322977,UOF1801,7,1.1,7,2023,5,20,7,MB,,,,
-32.525213,152.322901,UOF1801,16,1.1,7,2023,5,20,8,MB,,,,
-32.525461,152.322418,UOF1801,0,1.4,5,2023,5,20,9,MB,,,,
-32.526186,152.322469,UOF1801,14,2.6,4,2023,5,20,10,MB,,,,
-32.525296,152.322977,UOF1801,15,1.9,4,2023,5,20,11,MB,,,,
-32.525194,152.322875,UOF1801,0,2.1,5,2023,5,20,12,MB,,,,
-32.526224,152.322367,UOF1801,24,1.7,4,2023,5,20,13,MB,,,,
-32.526447,152.32257,UOF1801,37,1.5,4,2023,5,20,14,MB,,,,
-32.526224,152.322494,UOF1801,0,1.4,6,2023,5,20,15,MB,,,,
-32.526167,152.322443,UOF1801,85,1.7,4,2023,5,20,16,MB,,,,
-32.522874,152.323054,UOF1801,9,1.2,7,2023,5,20,17,MB,,,,
-32.506394,152.359547,UOF1801,20,1.3,8,2023,5,20,18,MB,,,,
-32.511906,152.356394,UOF1801,12,0.9,9,2023,5,20,19,MB,,,,
-32.511862,152.356419,UOF1801,4,0.9,8,2023,5,20,20,MB,,,,
-32.513928,152.352223,UOF1801,7,1.5,6,2023,5,20,21,MB,,,,
-32.511837,152.356445,UOF1801,0,1.7,5,2023,5,20,22,MB,,,,
-32.522391,152.341288,UOF1801,33,0.9,8,2023,5,21,1,MB,,,,
-32.522556,152.340983,UOF1801,0,1,7,2023,5,21,2,MB,,,,
-32.522429,152.340906,UOF1801,8,1.2,7,2023,5,21,3,MB,,,,
-32.522435,152.340881,UOF1801,9,1.4,5,2023,5,21,4,MB,,,,
-32.518563,152.347544,UOF1801,2,0.9,9,2023,5,21,5,MB,,,,
-32.512104,152.355072,UOF1801,0,1.1,7,2023,5,21,7,MB,,,,
-32.511995,152.355224,UOF1801,36,1,7,2023,5,21,10,MB,,,,
-32.512358,152.355555,UOF1801,0,2.8,4,2023,5,21,14,MB,,,,
-32.49495,152.393702,UOF1801,0,1.1,7,2023,5,21,15,MB,,,,
-32.489006,152.400848,UOF1801,8,0.8,9,2023,5,21,17,MB,,,,
-32.469417,152.384496,UOF1801,0,1.2,7,2023,5,21,18,MB,,,,
-32.469417,152.384572,UOF1801,37,1.4,6,2023,5,21,19,MB,,,,
-32.487689,152.34528,UOF1801,0,0.9,8,2023,5,21,22,MB,,,,
-32.528863,152.322621,UOF1801,0,0.9,8,2023,5,21,23,MB,,,,
-32.53695,152.319442,UOF1801,11,1.1,8,2023,5,22,1,MB,,,,
-32.537033,152.319417,UOF1801,0,1,8,2023,5,22,2,MB,,,,
-32.537103,152.319519,UOF1801,0,1.1,7,2023,5,22,5,MB,,,,
-32.536886,152.319341,UOF1801,4,1.2,6,2023,5,22,6,MB,,,,
-32.536187,152.319595,UOF1801,10,0.9,8,2023,5,22,7,MB,,,,
-32.518436,152.326843,UOF1801,3,1,8,2023,5,22,8,MB,,,,
-32.518054,152.326156,UOF1801,40,1.1,7,2023,5,22,9,MB,,,,
-32.518175,152.326258,UOF1801,29,1,7,2023,5,22,12,MB,,,,
-32.517991,152.325978,UOF1801,0,1,7,2023,5,22,13,MB,,,,
-32.517152,152.325419,UOF1801,0,1.9,6,2023,5,22,14,MB,,,,
-32.500551,152.306345,UOF1801,0,1.3,7,2023,5,22,15,MB,,,,
-32.499172,152.312245,UOF1801,46,1.3,6,2023,5,22,16,MB,,,,
-32.487238,152.326105,UOF1801,19,1,8,2023,5,22,19,MB,,,,
-32.487937,152.326029,UOF1801,22,0.9,8,2023,5,22,20,MB,,,,
-32.488014,152.326029,UOF1801,41,1.7,5,2023,5,22,21,MB,,,,
-32.487976,152.32608,UOF1801,34,1.6,6,2023,5,22,22,MB,,,,
-32.496927,152.332361,UOF1801,4,1,8,2023,5,22,23,MB,,,,
-32.529747,152.322418,UOF1801,0,1.2,6,2023,5,23,6,MB,,,,
-32.509484,152.333455,UOF1801,3,1,8,2023,5,23,7,MB,,,,
-32.505816,152.334243,UOF1801,20,1.1,7,2023,5,23,9,MB,,,,
-32.505593,152.336329,UOF1801,10,1,8,2023,5,23,10,MB,,,,
-32.511849,152.358174,UOF1801,0,0.8,9,2023,5,23,11,MB,,,,
-32.511436,152.354639,UOF1801,0,1.7,4,2023,5,23,16,MB,,,,
-32.511601,152.35469,UOF1801,0,1,7,2023,5,23,17,MB,,,,
-32.511481,152.354665,UOF1801,0,1.1,8,2023,5,23,18,MB,,,,
-32.511671,152.35469,UOF1801,28,1.6,5,2023,5,23,20,MB,,,,
-32.511601,152.354715,UOF1801,42,1.2,6,2023,5,23,21,MB,,,,
-32.511258,152.354563,UOF1801,0,1.5,6,2023,5,24,0,MB,,,,
-32.50813,152.365142,UOF1801,14,1.5,6,2023,5,24,6,MB,,,,
-32.527871,152.334014,UOF1801,6,1.2,5,2023,5,26,8,MB,,,,
-32.525798,152.337295,UOF1801,0,1.1,6,2023,5,26,9,MB,,,,
-32.490582,152.40184,UOF1801,0,1.2,6,2023,5,27,11,MB,,,,
-32.492312,152.398228,UOF1801,0,1.1,7,2023,5,27,15,MB,,,,
-32.488001,152.403493,UOF1801,39,0.9,9,2023,5,27,16,MB,,,,
-32.472405,152.390701,UOF1801,0,0.8,10,2023,5,27,17,MB,,,,
-32.475107,152.400416,UOF1801,11,0.9,9,2023,5,27,18,MB,,,,
-32.485502,152.397974,UOF1801,21,1.1,7,2023,5,27,19,MB,,,,
-32.499388,152.382003,UOF1801,25,1.1,6,2023,5,27,20,MB,,,,
-32.518423,152.347442,UOF1801,1,0.9,7,2023,5,27,21,MB,,,,
-32.518608,152.346094,UOF1801,27,2.1,5,2023,5,27,23,MB,,,,
-32.518601,152.346069,UOF1801,0,1.9,5,2023,5,28,0,MB,,,,
-32.518658,152.346069,UOF1801,0,1.6,7,2023,5,28,1,MB,,,,
-32.518627,152.346094,UOF1801,0,1.2,6,2023,5,28,2,MB,,,,
-32.518595,152.346196,UOF1801,23,1.3,6,2023,5,28,4,MB,,,,
-32.538533,152.316238,UOF1801,0,1.1,6,2023,5,28,6,MB,,,,
-32.538698,152.317433,UOF1801,29,1.5,6,2023,5,28,9,MB,,,,
-32.549589,152.309728,UOF1801,0,0.8,9,2023,5,28,10,MB,,,,
-32.590012,152.277811,UOF1801,0,1.4,6,2023,5,28,12,MB,,,,
-32.563767,152.297749,UOF1801,0,1.3,6,2023,5,28,15,MB,,,,
-32.564238,152.298283,UOF1801,16,1.3,6,2023,5,28,16,MB,,,,
-32.538698,152.316187,UOF1801,0,1.1,8,2023,5,28,18,MB,,,,
-32.534165,152.320307,UOF1801,0,1.2,6,2023,5,28,20,MB,,,,
-32.538959,152.317815,UOF1801,3,1.6,4,2023,5,28,21,MB,,,,
-32.540847,152.318196,UOF1801,6,0.8,9,2023,5,28,22,MB,,,,
-32.536867,152.321807,UOF1801,28,1.2,7,2023,5,29,0,MB,,,,
-32.501505,152.306345,UOF1801,0,1,7,2023,5,29,7,MB,,,,
-32.502402,152.312525,UOF1801,14,1.2,7,2023,5,29,8,MB,,,,
-32.508855,152.318908,UOF1801,33,0.8,10,2023,5,29,9,MB,,,,
-32.537687,152.320256,UOF1801,0,1.1,7,2023,5,29,14,MB,,,,
-32.537611,152.32051,UOF1801,0,1,7,2023,5,29,15,MB,,,,
-32.538895,152.317738,UOF1801,0,0.7,11,2023,5,29,17,MB,,,,
-32.539989,152.319925,UOF1801,0,0.9,8,2023,5,29,19,MB,,,,
-32.475858,152.363489,UOF1801,0,0.9,8,2023,5,30,6,MB,,,,
-32.487162,152.409342,UOF1801,14,1.3,7,2023,5,30,8,MB,,,,
-32.492159,152.401763,UOF1801,33,1.2,8,2023,5,30,9,MB,,,,
-32.491129,152.399576,UOF1801,0,1.1,7,2023,5,30,14,MB,,,,
-32.472812,152.393473,UOF1801,0,1.3,7,2023,5,30,18,MB,,,,
-32.454413,152.431137,UOF1801,20,1.6,6,2023,5,31,9,MB,,,,
-32.499401,152.383071,UOF1801,0,1.3,6,2023,5,31,14,MB,,,,
-32.538838,152.320892,UOF1801,0,1.1,9,2023,5,31,16,MB,,,,
-32.524145,152.322647,UOF1801,5,2.1,4,2023,6,1,0,MB,,,,
-32.513248,152.321935,UOF1801,0,1.3,5,2023,6,1,13,MB,,,,
-32.53819,152.319824,UOF1801,0,1.2,8,2023,6,2,16,MB,,,,
